[15:31:40] [main/INFO] [LaunchWrapper]: Loading tweak class name net.minecraftforge.fml.common.launcher.FMLServerTweaker
[15:31:40] [main/INFO] [LaunchWrapper]: Using primary tweak class name net.minecraftforge.fml.common.launcher.FMLServerTweaker
[15:31:40] [main/INFO] [LaunchWrapper]: Calling tweak class net.minecraftforge.fml.common.launcher.FMLServerTweaker
[15:31:41] [main/DEBUG] [FML]: Injecting tracing printstreams for STDOUT/STDERR.
[15:31:41] [main/INFO] [FML]: Forge Mod Loader version 14.23.5.2859 for Minecraft 1.12.2 loading
[15:31:41] [main/INFO] [FML]: Java is OpenJDK 64-Bit Server VM, version 1.8.0_482, running on Windows 11:amd64:10.0, installed at C:\Users\tonik\.jdks\temurin-1.8.0_482\jre
[15:31:41] [main/DEBUG] [FML]: Java classpath at launch is:
[15:31:41] [main/DEBUG] [FML]:     C:\Users\tonik\IdeaProjects\JourneyModeMenu\build\classes\java\main
[15:31:41] [main/DEBUG] [FML]:     C:\Users\tonik\.gradle\caches\forge_gradle\minecraft_user_repo\net\minecraftforge\forge\1.12.2-14.23.5.2859_mapped_snapshot_20171003-1.12\forge-1.12.2-14.23.5.2859_mapped_snapshot_20171003-1.12-recomp.jar
[15:31:41] [main/DEBUG] [FML]:     C:\Users\tonik\.gradle\caches\forge_gradle\minecraft_repo\versions\1.12.2\client-extra.jar
[15:31:41] [main/DEBUG] [FML]:     C:\Users\tonik\.gradle\caches\modules-2\files-2.1\com.google.code.findbugs\jsr305\3.0.1\f7be08ec23c21485b9b5a1cf1654c2ec8c58168d\jsr305-3.0.1.jar
[15:31:41] [main/DEBUG] [FML]:     C:\Users\tonik\.gradle\caches\modules-2\files-2.1\net.minecraftforge\mergetool\1.0.13\c18446ec4d5814f447d7a79b314ba9a27cc8dbc8\mergetool-1.0.13-forge.jar
[15:31:41] [main/DEBUG] [FML]:     C:\Users\tonik\.gradle\caches\forge_gradle\maven_downloader\de\oceanlabs\mcp\mcp_snapshot\20171003-1.12\mcp_snapshot-20171003-1.12.zip
[15:31:41] [main/DEBUG] [FML]:     C:\Users\tonik\.gradle\caches\modules-2\files-2.1\org.ow2.asm\asm-debug-all\5.2\3354e11e2b34215f06dab629ab88e06aca477c19\asm-debug-all-5.2.jar
[15:31:41] [main/DEBUG] [FML]:     C:\Users\tonik\.gradle\caches\modules-2\files-2.1\net.minecraft\launchwrapper\1.12\111e7bea9c968cdb3d06ef4632bf7ff0824d0f36\launchwrapper-1.12.jar
[15:31:41] [main/DEBUG] [FML]:     C:\Users\tonik\.gradle\caches\modules-2\files-2.1\org.jline\jline\3.5.1\51800e9d7a13608894a5a28eed0f5c7fa2f300fb\jline-3.5.1.jar
[15:31:41] [main/DEBUG] [FML]:     C:\Users\tonik\.gradle\caches\modules-2\files-2.1\com.typesafe.akka\akka-actor_2.11\2.3.3\ed62e9fc709ca0f2ff1a3220daa8b70a2870078e\akka-actor_2.11-2.3.3.jar
[15:31:41] [main/DEBUG] [FML]:     C:\Users\tonik\.gradle\caches\modules-2\files-2.1\com.typesafe\config\1.2.1\f771f71fdae3df231bcd54d5ca2d57f0bf93f467\config-1.2.1.jar
[15:31:41] [main/DEBUG] [FML]:     C:\Users\tonik\.gradle\caches\modules-2\files-2.1\org.scala-lang\scala-actors-migration_2.11\1.1.0\dfa8bc42b181d5b9f1a5dd147f8ae308b893eb6f\scala-actors-migration_2.11-1.1.0.jar
[15:31:41] [main/DEBUG] [FML]:     C:\Users\tonik\.gradle\caches\modules-2\files-2.1\org.scala-lang\scala-compiler\2.11.1\56ea2e6c025e0821f28d73ca271218b8dd04926a\scala-compiler-2.11.1.jar
[15:31:41] [main/DEBUG] [FML]:     C:\Users\tonik\.gradle\caches\modules-2\files-2.1\org.scala-lang.plugins\scala-continuations-library_2.11\1.0.2_mc\e517c53a7e9acd6b1668c5a35eccbaa3bab9aac\scala-continuations-library_2.11-1.0.2_mc.jar
[15:31:41] [main/DEBUG] [FML]:     C:\Users\tonik\.gradle\caches\modules-2\files-2.1\org.scala-lang.plugins\scala-continuations-plugin_2.11.1\1.0.2_mc\f361a3283452c57fa30c1ee69448995de23c60f7\scala-continuations-plugin_2.11.1-1.0.2_mc.jar
[15:31:41] [main/DEBUG] [FML]:     C:\Users\tonik\.gradle\caches\modules-2\files-2.1\org.scala-lang\scala-reflect\2.11.1\6580347e61cc7f8e802941e7fde40fa83b8badeb\scala-reflect-2.11.1.jar
[15:31:41] [main/DEBUG] [FML]:     C:\Users\tonik\.gradle\caches\modules-2\files-2.1\org.scala-lang\scala-actors\2.11.0\8ccfb6541de179bb1c4d45cf414acee069b7f78b\scala-actors-2.11.0.jar
[15:31:41] [main/DEBUG] [FML]:     C:\Users\tonik\.gradle\caches\modules-2\files-2.1\org.scala-lang.modules\scala-xml_2.11\1.0.2\820fbca7e524b530fdadc594c39d49a21ea0337e\scala-xml_2.11-1.0.2.jar
[15:31:41] [main/DEBUG] [FML]:     C:\Users\tonik\.gradle\caches\modules-2\files-2.1\org.scala-lang.modules\scala-parser-combinators_2.11\1.0.1\f05d7345bf5a58924f2837c6c1f4d73a938e1ff0\scala-parser-combinators_2.11-1.0.1.jar
[15:31:41] [main/DEBUG] [FML]:     C:\Users\tonik\.gradle\caches\modules-2\files-2.1\org.scala-lang\scala-library\2.11.1\e11da23da3eabab9f4777b9220e60d44c1aab6a\scala-library-2.11.1.jar
[15:31:41] [main/DEBUG] [FML]:     C:\Users\tonik\.gradle\caches\modules-2\files-2.1\org.scala-lang\scala-parser-combinators_2.11\1.0.1\f05d7345bf5a58924f2837c6c1f4d73a938e1ff0\scala-parser-combinators_2.11-1.0.1.jar
[15:31:41] [main/DEBUG] [FML]:     C:\Users\tonik\.gradle\caches\modules-2\files-2.1\org.scala-lang\scala-swing_2.11\1.0.1\b1cdd92bd47b1e1837139c1c53020e86bb9112ae\scala-swing_2.11-1.0.1.jar
[15:31:41] [main/DEBUG] [FML]:     C:\Users\tonik\.gradle\caches\modules-2\files-2.1\org.scala-lang\scala-xml_2.11\1.0.2\7a80ec00aec122fba7cd4e0d4cdd87ff7e4cb6d0\scala-xml_2.11-1.0.2.jar
[15:31:41] [main/DEBUG] [FML]:     C:\Users\tonik\.gradle\caches\modules-2\files-2.1\lzma\lzma\0.0.1\521616dc7487b42bef0e803bd2fa3faf668101d7\lzma-0.0.1.jar
[15:31:41] [main/DEBUG] [FML]:     C:\Users\tonik\.gradle\caches\modules-2\files-2.1\java3d\vecmath\1.5.2\79846ba34cbd89e2422d74d53752f993dcc2ccaf\vecmath-1.5.2.jar
[15:31:41] [main/DEBUG] [FML]:     C:\Users\tonik\.gradle\caches\modules-2\files-2.1\net.sf.trove4j\trove4j\3.0.3\42ccaf4761f0dfdfa805c9e340d99a755907e2dd\trove4j-3.0.3.jar
[15:31:41] [main/DEBUG] [FML]:     C:\Users\tonik\.gradle\caches\modules-2\files-2.1\org.apache.maven\maven-artifact\3.5.3\7dc72b6d6d8a6dced3d294ed54c2cc3515ade9f4\maven-artifact-3.5.3.jar
[15:31:41] [main/DEBUG] [FML]:     C:\Users\tonik\.gradle\caches\modules-2\files-2.1\net.sf.jopt-simple\jopt-simple\5.0.4\4fdac2fbe92dfad86aa6e9301736f6b4342a3f5c\jopt-simple-5.0.4.jar
[15:31:41] [main/DEBUG] [FML]:     C:\Users\tonik\.gradle\caches\modules-2\files-2.1\org.apache.logging.log4j\log4j-slf4j18-impl\2.15.0\88f72ad364bfc3a7cf43186fc17212f2b4bb8d97\log4j-slf4j18-impl-2.15.0.jar
[15:31:41] [main/DEBUG] [FML]:     C:\Users\tonik\.gradle\caches\modules-2\files-2.1\org.apache.logging.log4j\log4j-core\2.15.0\ba55c13d7ac2fd44df9cc8074455719a33f375b9\log4j-core-2.15.0.jar
[15:31:41] [main/DEBUG] [FML]:     C:\Users\tonik\.gradle\caches\modules-2\files-2.1\org.apache.logging.log4j\log4j-api\2.15.0\4a5aa7e55a29391c6f66e0b259d5189aa11e45d0\log4j-api-2.15.0.jar
[15:31:41] [main/DEBUG] [FML]:     C:\Users\tonik\.gradle\caches\modules-2\files-2.1\net.minecraftforge\legacydev\0.2.3.1\f2cd4a8c9f09faf1c1e4a9a4c65df36e634f95db\legacydev-0.2.3.1-fatjar.jar
[15:31:41] [main/DEBUG] [FML]:     C:\Users\tonik\.gradle\caches\modules-2\files-2.1\com.mojang\patchy\1.3.9\eb8bb7b66fa0e2152b1b40b3856e82f7619439ee\patchy-1.3.9.jar
[15:31:41] [main/DEBUG] [FML]:     C:\Users\tonik\.gradle\caches\modules-2\files-2.1\oshi-project\oshi-core\1.1\9ddf7b048a8d701be231c0f4f95fd986198fd2d8\oshi-core-1.1.jar
[15:31:41] [main/DEBUG] [FML]:     C:\Users\tonik\.gradle\caches\modules-2\files-2.1\net.java.dev.jna\jna\4.4.0\cb208278274bf12ebdb56c61bd7407e6f774d65a\jna-4.4.0.jar
[15:31:41] [main/DEBUG] [FML]:     C:\Users\tonik\.gradle\caches\modules-2\files-2.1\net.java.dev.jna\platform\3.4.0\e3f70017be8100d3d6923f50b3d2ee17714e9c13\platform-3.4.0.jar
[15:31:41] [main/DEBUG] [FML]:     C:\Users\tonik\.gradle\caches\modules-2\files-2.1\com.ibm.icu\icu4j-core-mojang\51.2\63d216a9311cca6be337c1e458e587f99d382b84\icu4j-core-mojang-51.2.jar
[15:31:41] [main/DEBUG] [FML]:     C:\Users\tonik\.gradle\caches\modules-2\files-2.1\com.paulscode\codecjorbis\20101023\c73b5636faf089d9f00e8732a829577de25237ee\codecjorbis-20101023.jar
[15:31:41] [main/DEBUG] [FML]:     C:\Users\tonik\.gradle\caches\modules-2\files-2.1\com.paulscode\codecwav\20101023\12f031cfe88fef5c1dd36c563c0a3a69bd7261da\codecwav-20101023.jar
[15:31:41] [main/DEBUG] [FML]:     C:\Users\tonik\.gradle\caches\modules-2\files-2.1\com.paulscode\libraryjavasound\20101123\5c5e304366f75f9eaa2e8cca546a1fb6109348b3\libraryjavasound-20101123.jar
[15:31:41] [main/DEBUG] [FML]:     C:\Users\tonik\.gradle\caches\modules-2\files-2.1\com.paulscode\librarylwjglopenal\20100824\73e80d0794c39665aec3f62eee88ca91676674ef\librarylwjglopenal-20100824.jar
[15:31:41] [main/DEBUG] [FML]:     C:\Users\tonik\.gradle\caches\modules-2\files-2.1\com.paulscode\soundsystem\20120107\419c05fe9be71f792b2d76cfc9b67f1ed0fec7f6\soundsystem-20120107.jar
[15:31:41] [main/DEBUG] [FML]:     C:\Users\tonik\.gradle\caches\modules-2\files-2.1\io.netty\netty-all\4.1.9.Final\97860965d6a0a6b98e7f569f3f966727b8db75\netty-all-4.1.9.Final.jar
[15:31:41] [main/DEBUG] [FML]:     C:\Users\tonik\.gradle\caches\modules-2\files-2.1\com.google.guava\guava\21.0\3a3d111be1be1b745edfa7d91678a12d7ed38709\guava-21.0.jar
[15:31:41] [main/DEBUG] [FML]:     C:\Users\tonik\.gradle\caches\modules-2\files-2.1\org.apache.commons\commons-lang3\3.5\6c6c702c89bfff3cd9e80b04d668c5e190d588c6\commons-lang3-3.5.jar
[15:31:41] [main/DEBUG] [FML]:     C:\Users\tonik\.gradle\caches\modules-2\files-2.1\commons-io\commons-io\2.5\2852e6e05fbb95076fc091f6d1780f1f8fe35e0f\commons-io-2.5.jar
[15:31:41] [main/DEBUG] [FML]:     C:\Users\tonik\.gradle\caches\modules-2\files-2.1\org.apache.httpcomponents\httpclient\4.3.3\18f4247ff4572a074444572cee34647c43e7c9c7\httpclient-4.3.3.jar
[15:31:41] [main/DEBUG] [FML]:     C:\Users\tonik\.gradle\caches\modules-2\files-2.1\commons-codec\commons-codec\1.10\4b95f4897fa13f2cd904aee711aeafc0c5295cd8\commons-codec-1.10.jar
[15:31:41] [main/DEBUG] [FML]:     C:\Users\tonik\.gradle\caches\modules-2\files-2.1\net.java.jinput\jinput\2.0.5\39c7796b469a600f72380316f6b1f11db6c2c7c4\jinput-2.0.5.jar
[15:31:41] [main/DEBUG] [FML]:     C:\Users\tonik\.gradle\caches\modules-2\files-2.1\net.java.jutils\jutils\1.0.0\e12fe1fda814bd348c1579329c86943d2cd3c6a6\jutils-1.0.0.jar
[15:31:41] [main/DEBUG] [FML]:     C:\Users\tonik\.gradle\caches\modules-2\files-2.1\com.google.code.gson\gson\2.8.0\c4ba5371a29ac9b2ad6129b1d39ea38750043eff\gson-2.8.0.jar
[15:31:41] [main/DEBUG] [FML]:     C:\Users\tonik\.gradle\caches\modules-2\files-2.1\com.mojang\authlib\1.5.25\9834cdf236c22e84b946bba989e2f94ef5897c3c\authlib-1.5.25.jar
[15:31:41] [main/DEBUG] [FML]:     C:\Users\tonik\.gradle\caches\modules-2\files-2.1\com.mojang\realms\1.10.22\bd0dccebdf3744c75f1ca20063f16e8f7d5e663f\realms-1.10.22.jar
[15:31:41] [main/DEBUG] [FML]:     C:\Users\tonik\.gradle\caches\modules-2\files-2.1\org.apache.commons\commons-compress\1.8.1\a698750c16740fd5b3871425f4cb3bbaa87f529d\commons-compress-1.8.1.jar
[15:31:41] [main/DEBUG] [FML]:     C:\Users\tonik\.gradle\caches\modules-2\files-2.1\commons-logging\commons-logging\1.1.3\f6f66e966c70a83ffbdb6f17a0919eaf7c8aca7f\commons-logging-1.1.3.jar
[15:31:41] [main/DEBUG] [FML]:     C:\Users\tonik\.gradle\caches\modules-2\files-2.1\org.apache.httpcomponents\httpcore\4.3.2\31fbbff1ddbf98f3aa7377c94d33b0447c646b6e\httpcore-4.3.2.jar
[15:31:41] [main/DEBUG] [FML]:     C:\Users\tonik\.gradle\caches\modules-2\files-2.1\it.unimi.dsi\fastutil\7.1.0\9835253257524c1be7ab50c057aa2d418fb72082\fastutil-7.1.0.jar
[15:31:41] [main/DEBUG] [FML]:     C:\Users\tonik\.gradle\caches\modules-2\files-2.1\org.lwjgl.lwjgl\lwjgl\2.9.4-nightly-20150209\697517568c68e78ae0b4544145af031c81082dfe\lwjgl-2.9.4-nightly-20150209.jar
[15:31:41] [main/DEBUG] [FML]:     C:\Users\tonik\.gradle\caches\modules-2\files-2.1\org.lwjgl.lwjgl\lwjgl_util\2.9.4-nightly-20150209\d51a7c040a721d13efdfbd34f8b257b2df882ad0\lwjgl_util-2.9.4-nightly-20150209.jar
[15:31:41] [main/DEBUG] [FML]:     C:\Users\tonik\.gradle\caches\modules-2\files-2.1\org.lwjgl.lwjgl\lwjgl-platform\2.9.4-nightly-20150209\b04f3ee8f5e43fa3b162981b50bb72fe1acabb33\lwjgl-platform-2.9.4-nightly-20150209.jar
[15:31:41] [main/DEBUG] [FML]:     C:\Users\tonik\.gradle\caches\modules-2\files-2.1\org.lwjgl.lwjgl\lwjgl-platform\2.9.4-nightly-20150209\b84d5102b9dbfabfeb5e43c7e2828d98a7fc80e0\lwjgl-platform-2.9.4-nightly-20150209-natives-windows.jar
[15:31:41] [main/DEBUG] [FML]:     C:\Users\tonik\.gradle\caches\modules-2\files-2.1\net.java.jinput\jinput-platform\2.0.5\385ee093e01f587f30ee1c8a2ee7d408fd732e16\jinput-platform-2.0.5-natives-windows.jar
[15:31:41] [main/DEBUG] [FML]:     C:\Users\tonik\.gradle\caches\modules-2\files-2.1\net.java.jinput\jinput-platform\2.0.5\7ff832a6eb9ab6a767f1ade2b548092d0fa64795\jinput-platform-2.0.5-natives-linux.jar
[15:31:41] [main/DEBUG] [FML]:     C:\Users\tonik\.gradle\caches\modules-2\files-2.1\net.java.jinput\jinput-platform\2.0.5\53f9c919f34d2ca9de8c51fc4e1e8282029a9232\jinput-platform-2.0.5-natives-osx.jar
[15:31:41] [main/DEBUG] [FML]:     C:\Users\tonik\.gradle\caches\modules-2\files-2.1\com.mojang\text2speech\1.10.3\48fd510879dff266c3815947de66e3d4809f8668\text2speech-1.10.3.jar
[15:31:41] [main/DEBUG] [FML]:     C:\Users\tonik\.gradle\caches\modules-2\files-2.1\com.mojang\text2speech\1.10.3\84a4b856389cc4f485275b1f63497a95a857a443\text2speech-1.10.3-natives-windows.jar
[15:31:41] [main/DEBUG] [FML]:     C:\Users\tonik\.gradle\caches\modules-2\files-2.1\org.ow2.asm\asm-util\6.2\a9690730f92cc79eeadc20e400ebb41eccce10b1\asm-util-6.2.jar
[15:31:41] [main/DEBUG] [FML]:     C:\Users\tonik\.gradle\caches\modules-2\files-2.1\org.ow2.asm\asm-analysis\6.2\c7d9a90d221cbb977848d2c777eb3aa7637e89df\asm-analysis-6.2.jar
[15:31:41] [main/DEBUG] [FML]:     C:\Users\tonik\.gradle\caches\modules-2\files-2.1\org.ow2.asm\asm-tree\6.2\61570e046111559f38d4e0e580c005f75988c0a6\asm-tree-6.2.jar
[15:31:41] [main/DEBUG] [FML]:     C:\Users\tonik\.gradle\caches\modules-2\files-2.1\org.ow2.asm\asm\6.2\1b6c4ff09ce03f3052429139c2a68e295cae6604\asm-6.2.jar
[15:31:41] [main/DEBUG] [FML]:     C:\Users\tonik\.gradle\caches\modules-2\files-2.1\org.codehaus.plexus\plexus-utils\3.1.0\60eecb6f15abdb1c653ad80abaac6fe188b3feaa\plexus-utils-3.1.0.jar
[15:31:41] [main/DEBUG] [FML]:     C:\Users\tonik\.gradle\caches\modules-2\files-2.1\org.slf4j\slf4j-api\1.8.0-beta4\83b0359d847ee053d745be7ec0d8e9e8a44304b4\slf4j-api-1.8.0-beta4.jar
[15:31:41] [main/DEBUG] [FML]: Java library path at launch is:
[15:31:41] [main/DEBUG] [FML]:     C:\Users\tonik\.jdks\temurin-1.8.0_482\bin
[15:31:41] [main/DEBUG] [FML]:     C:\WINDOWS\Sun\Java\bin
[15:31:41] [main/DEBUG] [FML]:     C:\WINDOWS\system32
[15:31:41] [main/DEBUG] [FML]:     C:\WINDOWS
[15:31:41] [main/DEBUG] [FML]:     C:\WINDOWS\system32
[15:31:41] [main/DEBUG] [FML]:     C:\WINDOWS
[15:31:41] [main/DEBUG] [FML]:     C:\WINDOWS\System32\Wbem
[15:31:41] [main/DEBUG] [FML]:     C:\WINDOWS\System32\WindowsPowerShell\v1.0\
[15:31:41] [main/DEBUG] [FML]:     C:\WINDOWS\System32\OpenSSH\
[15:31:41] [main/DEBUG] [FML]:     C:\Program Files\Cloudflare\Cloudflare WARP\
[15:31:41] [main/DEBUG] [FML]:     C:\Program Files\Git\cmd
[15:31:41] [main/DEBUG] [FML]:     C:\Program Files (x86)\Windows Kits\10\Windows Performance Toolkit\
[15:31:41] [main/DEBUG] [FML]:     C:\HaxeToolkit\haxe
[15:31:41] [main/DEBUG] [FML]:     C:\HaxeToolkit\neko
[15:31:41] [main/DEBUG] [FML]:     C:\Users\tonik\AppData\Local\Microsoft\WindowsApps
[15:31:41] [main/DEBUG] [FML]:     C:\Users\tonik\AppData\Local\Programs\Microsoft VS Code\bin
[15:31:41] [main/DEBUG] [FML]:     .
[15:31:41] [main/ERROR] [FML]: Apache Maven library folder was not in the format expected. Using default libraries directory.
[15:31:41] [main/ERROR] [FML]: Full: C:\Users\tonik\.gradle\caches\modules-2\files-2.1\org.apache.maven\maven-artifact\3.5.3\7dc72b6d6d8a6dced3d294ed54c2cc3515ade9f4\maven-artifact-3.5.3.jar
[15:31:41] [main/ERROR] [FML]: Trimmed: c:/users/tonik/.gradle/caches/modules-2/files-2.1/org.apache.maven/maven-artifact/3.5.3/
[15:31:41] [main/DEBUG] [FML]: Determined Minecraft Libraries Root: .\libraries
[15:31:41] [main/DEBUG] [FML]: Cleaning up mods folder: .\mods
[15:31:41] [main/INFO] [FML]: Managed to load a deobfuscated Minecraft name- we are in a deobfuscated environment. Skipping runtime deobfuscation
[15:31:41] [main/DEBUG] [FML]: Instantiating coremod class FMLCorePlugin
[15:31:41] [main/INFO] [FML]: Ignoring missing certificate for coremod FMLCorePlugin (net.minecraftforge.fml.relauncher.FMLCorePlugin), we are in deobf and it's a forge core plugin
[15:31:41] [main/DEBUG] [FML]: Added access transformer class net.minecraftforge.fml.common.asm.transformers.AccessTransformer to enqueued access transformers
[15:31:41] [main/DEBUG] [FML]: Enqueued coremod FMLCorePlugin
[15:31:41] [main/DEBUG] [FML]: Instantiating coremod class FMLForgePlugin
[15:31:41] [main/INFO] [FML]: Ignoring missing certificate for coremod FMLForgePlugin (net.minecraftforge.classloading.FMLForgePlugin), we are in deobf and it's a forge core plugin
[15:31:41] [main/DEBUG] [FML]: Enqueued coremod FMLForgePlugin
[15:31:41] [main/DEBUG] [FML]: All fundamental core mods are successfully located
[15:31:41] [main/DEBUG] [FML]: Discovering coremods
[15:31:41] [main/INFO] [FML]: Searching C:\Users\tonik\IdeaProjects\JourneyModeMenu\run\.\mods for mods
[15:31:41] [main/INFO] [LaunchWrapper]: Loading tweak class name net.minecraftforge.fml.common.launcher.FMLInjectionAndSortingTweaker
[15:31:41] [main/INFO] [LaunchWrapper]: Loading tweak class name net.minecraftforge.fml.common.launcher.FMLDeobfTweaker
[15:31:41] [main/INFO] [LaunchWrapper]: Calling tweak class net.minecraftforge.fml.common.launcher.FMLInjectionAndSortingTweaker
[15:31:41] [main/INFO] [LaunchWrapper]: Calling tweak class net.minecraftforge.fml.common.launcher.FMLInjectionAndSortingTweaker
[15:31:41] [main/INFO] [LaunchWrapper]: Calling tweak class net.minecraftforge.fml.relauncher.CoreModManager$FMLPluginWrapper
[15:31:41] [main/DEBUG] [FML]: Injecting coremod FMLCorePlugin \{net.minecraftforge.fml.relauncher.FMLCorePlugin\} class transformers
[15:31:41] [main/TRACE] [FML]: Registering transformer net.minecraftforge.fml.common.asm.transformers.SideTransformer
[15:31:41] [main/TRACE] [FML]: Registering transformer net.minecraftforge.fml.common.asm.transformers.EventSubscriptionTransformer
[15:31:41] [main/TRACE] [FML]: Registering transformer net.minecraftforge.fml.common.asm.transformers.EventSubscriberTransformer
[15:31:41] [main/TRACE] [FML]: Registering transformer net.minecraftforge.fml.common.asm.transformers.SoundEngineFixTransformer
[15:31:41] [main/DEBUG] [FML]: Injection complete
[15:31:41] [main/DEBUG] [FML]: Running coremod plugin for FMLCorePlugin \{net.minecraftforge.fml.relauncher.FMLCorePlugin\}
[15:31:41] [main/DEBUG] [FML]: Running coremod plugin FMLCorePlugin
[15:31:41] [main/DEBUG] [FML]: Loading deobfuscation resource C:/Users/tonik/IdeaProjects/JourneyModeMenu\build\createSrgToMcp\output.srg with 36076 records
[15:31:43] [main/ERROR] [FML]: FML appears to be missing any signature data. This is not a good thing
[15:31:43] [main/DEBUG] [FML]: Coremod plugin class FMLCorePlugin run successfully
[15:31:43] [main/INFO] [LaunchWrapper]: Calling tweak class net.minecraftforge.fml.relauncher.CoreModManager$FMLPluginWrapper
[15:31:43] [main/DEBUG] [FML]: Injecting coremod FMLForgePlugin \{net.minecraftforge.classloading.FMLForgePlugin\} class transformers
[15:31:43] [main/DEBUG] [FML]: Injection complete
[15:31:43] [main/DEBUG] [FML]: Running coremod plugin for FMLForgePlugin \{net.minecraftforge.classloading.FMLForgePlugin\}
[15:31:43] [main/DEBUG] [FML]: Running coremod plugin FMLForgePlugin
[15:31:43] [main/DEBUG] [FML]: Coremod plugin class FMLForgePlugin run successfully
[15:31:43] [main/INFO] [LaunchWrapper]: Calling tweak class net.minecraftforge.fml.common.launcher.FMLDeobfTweaker
[15:31:43] [main/DEBUG] [FML]: Loaded 215 rules from AccessTransformer config file forge_at.cfg
[15:31:43] [main/DEBUG] [FML]: Validating minecraft
[15:31:44] [main/DEBUG] [FML]: Minecraft validated, launching...
[15:31:44] [main/INFO] [LaunchWrapper]: Loading tweak class name net.minecraftforge.fml.common.launcher.TerminalTweaker
[15:31:44] [main/INFO] [LaunchWrapper]: Calling tweak class net.minecraftforge.fml.common.launcher.TerminalTweaker
[15:31:44] [main/INFO] [LaunchWrapper]: Launching wrapped minecraft {net.minecraft.server.MinecraftServer}
[15:31:47] [main/DEBUG] [FML]: Creating vanilla freeze snapshot
[15:31:47] [main/DEBUG] [FML]: Vanilla freeze snapshot created
[15:31:48] [Server thread/INFO] [net.minecraft.server.dedicated.DedicatedServer]: Starting minecraft server version 1.12.2
[15:31:48] [Server thread/INFO] [FML]: MinecraftForge v14.23.5.2859 Initialized
[15:31:48] [Server thread/INFO] [FML]: Starts to replace vanilla recipe ingredients with ore ingredients.
[15:31:48] [Server thread/INFO] [FML]: Invalid recipe found with multiple oredict ingredients in the same ingredient...
[15:31:48] [Server thread/INFO] [FML]: Replaced 1227 ore ingredients
[15:31:48] [Server thread/DEBUG] [FML]: File C:\Users\tonik\IdeaProjects\JourneyModeMenu\run\config\injectedDependencies.json not found. No dependencies injected
[15:31:48] [Server thread/DEBUG] [FML]: Building injected Mod Containers [net.minecraftforge.fml.common.FMLContainer, net.minecraftforge.common.ForgeModContainer]
[15:31:48] [Server thread/DEBUG] [FML]: Attempting to load mods contained in the minecraft jar file and associated classes
[15:31:48] [Server thread/DEBUG] [FML]: Found a minecraft related directory at C:\Users\tonik\IdeaProjects\JourneyModeMenu\build\classes\java\main, examining for mod candidates
[15:31:48] [Server thread/DEBUG] [FML]: Found a minecraft related file at C:\Users\tonik\.gradle\caches\forge_gradle\minecraft_user_repo\net\minecraftforge\forge\1.12.2-14.23.5.2859_mapped_snapshot_20171003-1.12\forge-1.12.2-14.23.5.2859_mapped_snapshot_20171003-1.12-recomp.jar, examining for mod candidates
[15:31:48] [Server thread/DEBUG] [FML]: Found a minecraft related file at C:\Users\tonik\.gradle\caches\forge_gradle\minecraft_repo\versions\1.12.2\client-extra.jar, examining for mod candidates
[15:31:48] [Server thread/DEBUG] [FML]: Found a minecraft related file at C:\Users\tonik\.gradle\caches\modules-2\files-2.1\com.google.code.findbugs\jsr305\3.0.1\f7be08ec23c21485b9b5a1cf1654c2ec8c58168d\jsr305-3.0.1.jar, examining for mod candidates
[15:31:48] [Server thread/DEBUG] [FML]: Found a minecraft related file at C:\Users\tonik\.gradle\caches\modules-2\files-2.1\net.minecraftforge\mergetool\1.0.13\c18446ec4d5814f447d7a79b314ba9a27cc8dbc8\mergetool-1.0.13-forge.jar, examining for mod candidates
[15:31:48] [Server thread/DEBUG] [FML]: Found a minecraft related file at C:\Users\tonik\.gradle\caches\forge_gradle\maven_downloader\de\oceanlabs\mcp\mcp_snapshot\20171003-1.12\mcp_snapshot-20171003-1.12.zip, examining for mod candidates
[15:31:48] [Server thread/DEBUG] [FML]: Found a minecraft related file at C:\Users\tonik\.gradle\caches\modules-2\files-2.1\org.ow2.asm\asm-debug-all\5.2\3354e11e2b34215f06dab629ab88e06aca477c19\asm-debug-all-5.2.jar, examining for mod candidates
[15:31:48] [Server thread/TRACE] [FML]: Skipping known library file C:\Users\tonik\.gradle\caches\modules-2\files-2.1\net.minecraft\launchwrapper\1.12\111e7bea9c968cdb3d06ef4632bf7ff0824d0f36\launchwrapper-1.12.jar
[15:31:48] [Server thread/TRACE] [FML]: Skipping known library file C:\Users\tonik\.gradle\caches\modules-2\files-2.1\org.jline\jline\3.5.1\51800e9d7a13608894a5a28eed0f5c7fa2f300fb\jline-3.5.1.jar
[15:31:48] [Server thread/TRACE] [FML]: Skipping known library file C:\Users\tonik\.gradle\caches\modules-2\files-2.1\com.typesafe.akka\akka-actor_2.11\2.3.3\ed62e9fc709ca0f2ff1a3220daa8b70a2870078e\akka-actor_2.11-2.3.3.jar
[15:31:48] [Server thread/TRACE] [FML]: Skipping known library file C:\Users\tonik\.gradle\caches\modules-2\files-2.1\com.typesafe\config\1.2.1\f771f71fdae3df231bcd54d5ca2d57f0bf93f467\config-1.2.1.jar
[15:31:48] [Server thread/TRACE] [FML]: Skipping known library file C:\Users\tonik\.gradle\caches\modules-2\files-2.1\org.scala-lang\scala-actors-migration_2.11\1.1.0\dfa8bc42b181d5b9f1a5dd147f8ae308b893eb6f\scala-actors-migration_2.11-1.1.0.jar
[15:31:48] [Server thread/TRACE] [FML]: Skipping known library file C:\Users\tonik\.gradle\caches\modules-2\files-2.1\org.scala-lang\scala-compiler\2.11.1\56ea2e6c025e0821f28d73ca271218b8dd04926a\scala-compiler-2.11.1.jar
[15:31:48] [Server thread/TRACE] [FML]: Skipping known library file C:\Users\tonik\.gradle\caches\modules-2\files-2.1\org.scala-lang.plugins\scala-continuations-library_2.11\1.0.2_mc\e517c53a7e9acd6b1668c5a35eccbaa3bab9aac\scala-continuations-library_2.11-1.0.2_mc.jar
[15:31:48] [Server thread/TRACE] [FML]: Skipping known library file C:\Users\tonik\.gradle\caches\modules-2\files-2.1\org.scala-lang.plugins\scala-continuations-plugin_2.11.1\1.0.2_mc\f361a3283452c57fa30c1ee69448995de23c60f7\scala-continuations-plugin_2.11.1-1.0.2_mc.jar
[15:31:48] [Server thread/TRACE] [FML]: Skipping known library file C:\Users\tonik\.gradle\caches\modules-2\files-2.1\org.scala-lang\scala-reflect\2.11.1\6580347e61cc7f8e802941e7fde40fa83b8badeb\scala-reflect-2.11.1.jar
[15:31:48] [Server thread/TRACE] [FML]: Skipping known library file C:\Users\tonik\.gradle\caches\modules-2\files-2.1\org.scala-lang\scala-actors\2.11.0\8ccfb6541de179bb1c4d45cf414acee069b7f78b\scala-actors-2.11.0.jar
[15:31:48] [Server thread/TRACE] [FML]: Skipping known library file C:\Users\tonik\.gradle\caches\modules-2\files-2.1\org.scala-lang.modules\scala-xml_2.11\1.0.2\820fbca7e524b530fdadc594c39d49a21ea0337e\scala-xml_2.11-1.0.2.jar
[15:31:48] [Server thread/TRACE] [FML]: Skipping known library file C:\Users\tonik\.gradle\caches\modules-2\files-2.1\org.scala-lang.modules\scala-parser-combinators_2.11\1.0.1\f05d7345bf5a58924f2837c6c1f4d73a938e1ff0\scala-parser-combinators_2.11-1.0.1.jar
[15:31:48] [Server thread/TRACE] [FML]: Skipping known library file C:\Users\tonik\.gradle\caches\modules-2\files-2.1\org.scala-lang\scala-library\2.11.1\e11da23da3eabab9f4777b9220e60d44c1aab6a\scala-library-2.11.1.jar
[15:31:48] [Server thread/TRACE] [FML]: Skipping known library file C:\Users\tonik\.gradle\caches\modules-2\files-2.1\org.scala-lang\scala-parser-combinators_2.11\1.0.1\f05d7345bf5a58924f2837c6c1f4d73a938e1ff0\scala-parser-combinators_2.11-1.0.1.jar
[15:31:48] [Server thread/TRACE] [FML]: Skipping known library file C:\Users\tonik\.gradle\caches\modules-2\files-2.1\org.scala-lang\scala-swing_2.11\1.0.1\b1cdd92bd47b1e1837139c1c53020e86bb9112ae\scala-swing_2.11-1.0.1.jar
[15:31:48] [Server thread/TRACE] [FML]: Skipping known library file C:\Users\tonik\.gradle\caches\modules-2\files-2.1\org.scala-lang\scala-xml_2.11\1.0.2\7a80ec00aec122fba7cd4e0d4cdd87ff7e4cb6d0\scala-xml_2.11-1.0.2.jar
[15:31:48] [Server thread/TRACE] [FML]: Skipping known library file C:\Users\tonik\.gradle\caches\modules-2\files-2.1\lzma\lzma\0.0.1\521616dc7487b42bef0e803bd2fa3faf668101d7\lzma-0.0.1.jar
[15:31:48] [Server thread/TRACE] [FML]: Skipping known library file C:\Users\tonik\.gradle\caches\modules-2\files-2.1\java3d\vecmath\1.5.2\79846ba34cbd89e2422d74d53752f993dcc2ccaf\vecmath-1.5.2.jar
[15:31:48] [Server thread/TRACE] [FML]: Skipping known library file C:\Users\tonik\.gradle\caches\modules-2\files-2.1\net.sf.trove4j\trove4j\3.0.3\42ccaf4761f0dfdfa805c9e340d99a755907e2dd\trove4j-3.0.3.jar
[15:31:48] [Server thread/DEBUG] [FML]: Found a minecraft related file at C:\Users\tonik\.gradle\caches\modules-2\files-2.1\org.apache.maven\maven-artifact\3.5.3\7dc72b6d6d8a6dced3d294ed54c2cc3515ade9f4\maven-artifact-3.5.3.jar, examining for mod candidates
[15:31:48] [Server thread/TRACE] [FML]: Skipping known library file C:\Users\tonik\.gradle\caches\modules-2\files-2.1\net.sf.jopt-simple\jopt-simple\5.0.4\4fdac2fbe92dfad86aa6e9301736f6b4342a3f5c\jopt-simple-5.0.4.jar
[15:31:48] [Server thread/DEBUG] [FML]: Found a minecraft related file at C:\Users\tonik\.gradle\caches\modules-2\files-2.1\org.apache.logging.log4j\log4j-slf4j18-impl\2.15.0\88f72ad364bfc3a7cf43186fc17212f2b4bb8d97\log4j-slf4j18-impl-2.15.0.jar, examining for mod candidates
[15:31:48] [Server thread/TRACE] [FML]: Skipping known library file C:\Users\tonik\.gradle\caches\modules-2\files-2.1\org.apache.logging.log4j\log4j-core\2.15.0\ba55c13d7ac2fd44df9cc8074455719a33f375b9\log4j-core-2.15.0.jar
[15:31:48] [Server thread/TRACE] [FML]: Skipping known library file C:\Users\tonik\.gradle\caches\modules-2\files-2.1\org.apache.logging.log4j\log4j-api\2.15.0\4a5aa7e55a29391c6f66e0b259d5189aa11e45d0\log4j-api-2.15.0.jar
[15:31:48] [Server thread/DEBUG] [FML]: Found a minecraft related file at C:\Users\tonik\.gradle\caches\modules-2\files-2.1\net.minecraftforge\legacydev\0.2.3.1\f2cd4a8c9f09faf1c1e4a9a4c65df36e634f95db\legacydev-0.2.3.1-fatjar.jar, examining for mod candidates
[15:31:48] [Server thread/DEBUG] [FML]: Found a minecraft related file at C:\Users\tonik\.gradle\caches\modules-2\files-2.1\com.mojang\patchy\1.3.9\eb8bb7b66fa0e2152b1b40b3856e82f7619439ee\patchy-1.3.9.jar, examining for mod candidates
[15:31:48] [Server thread/TRACE] [FML]: Skipping known library file C:\Users\tonik\.gradle\caches\modules-2\files-2.1\oshi-project\oshi-core\1.1\9ddf7b048a8d701be231c0f4f95fd986198fd2d8\oshi-core-1.1.jar
[15:31:48] [Server thread/TRACE] [FML]: Skipping known library file C:\Users\tonik\.gradle\caches\modules-2\files-2.1\net.java.dev.jna\jna\4.4.0\cb208278274bf12ebdb56c61bd7407e6f774d65a\jna-4.4.0.jar
[15:31:48] [Server thread/TRACE] [FML]: Skipping known library file C:\Users\tonik\.gradle\caches\modules-2\files-2.1\net.java.dev.jna\platform\3.4.0\e3f70017be8100d3d6923f50b3d2ee17714e9c13\platform-3.4.0.jar
[15:31:48] [Server thread/TRACE] [FML]: Skipping known library file C:\Users\tonik\.gradle\caches\modules-2\files-2.1\com.ibm.icu\icu4j-core-mojang\51.2\63d216a9311cca6be337c1e458e587f99d382b84\icu4j-core-mojang-51.2.jar
[15:31:48] [Server thread/TRACE] [FML]: Skipping known library file C:\Users\tonik\.gradle\caches\modules-2\files-2.1\com.paulscode\codecjorbis\20101023\c73b5636faf089d9f00e8732a829577de25237ee\codecjorbis-20101023.jar
[15:31:48] [Server thread/TRACE] [FML]: Skipping known library file C:\Users\tonik\.gradle\caches\modules-2\files-2.1\com.paulscode\codecwav\20101023\12f031cfe88fef5c1dd36c563c0a3a69bd7261da\codecwav-20101023.jar
[15:31:48] [Server thread/TRACE] [FML]: Skipping known library file C:\Users\tonik\.gradle\caches\modules-2\files-2.1\com.paulscode\libraryjavasound\20101123\5c5e304366f75f9eaa2e8cca546a1fb6109348b3\libraryjavasound-20101123.jar
[15:31:48] [Server thread/TRACE] [FML]: Skipping known library file C:\Users\tonik\.gradle\caches\modules-2\files-2.1\com.paulscode\librarylwjglopenal\20100824\73e80d0794c39665aec3f62eee88ca91676674ef\librarylwjglopenal-20100824.jar
[15:31:48] [Server thread/TRACE] [FML]: Skipping known library file C:\Users\tonik\.gradle\caches\modules-2\files-2.1\com.paulscode\soundsystem\20120107\419c05fe9be71f792b2d76cfc9b67f1ed0fec7f6\soundsystem-20120107.jar
[15:31:48] [Server thread/TRACE] [FML]: Skipping known library file C:\Users\tonik\.gradle\caches\modules-2\files-2.1\io.netty\netty-all\4.1.9.Final\97860965d6a0a6b98e7f569f3f966727b8db75\netty-all-4.1.9.Final.jar
[15:31:48] [Server thread/TRACE] [FML]: Skipping known library file C:\Users\tonik\.gradle\caches\modules-2\files-2.1\com.google.guava\guava\21.0\3a3d111be1be1b745edfa7d91678a12d7ed38709\guava-21.0.jar
[15:31:48] [Server thread/TRACE] [FML]: Skipping known library file C:\Users\tonik\.gradle\caches\modules-2\files-2.1\org.apache.commons\commons-lang3\3.5\6c6c702c89bfff3cd9e80b04d668c5e190d588c6\commons-lang3-3.5.jar
[15:31:48] [Server thread/TRACE] [FML]: Skipping known library file C:\Users\tonik\.gradle\caches\modules-2\files-2.1\commons-io\commons-io\2.5\2852e6e05fbb95076fc091f6d1780f1f8fe35e0f\commons-io-2.5.jar
[15:31:48] [Server thread/TRACE] [FML]: Skipping known library file C:\Users\tonik\.gradle\caches\modules-2\files-2.1\org.apache.httpcomponents\httpclient\4.3.3\18f4247ff4572a074444572cee34647c43e7c9c7\httpclient-4.3.3.jar
[15:31:48] [Server thread/TRACE] [FML]: Skipping known library file C:\Users\tonik\.gradle\caches\modules-2\files-2.1\commons-codec\commons-codec\1.10\4b95f4897fa13f2cd904aee711aeafc0c5295cd8\commons-codec-1.10.jar
[15:31:48] [Server thread/TRACE] [FML]: Skipping known library file C:\Users\tonik\.gradle\caches\modules-2\files-2.1\net.java.jinput\jinput\2.0.5\39c7796b469a600f72380316f6b1f11db6c2c7c4\jinput-2.0.5.jar
[15:31:48] [Server thread/TRACE] [FML]: Skipping known library file C:\Users\tonik\.gradle\caches\modules-2\files-2.1\net.java.jutils\jutils\1.0.0\e12fe1fda814bd348c1579329c86943d2cd3c6a6\jutils-1.0.0.jar
[15:31:48] [Server thread/TRACE] [FML]: Skipping known library file C:\Users\tonik\.gradle\caches\modules-2\files-2.1\com.google.code.gson\gson\2.8.0\c4ba5371a29ac9b2ad6129b1d39ea38750043eff\gson-2.8.0.jar
[15:31:48] [Server thread/TRACE] [FML]: Skipping known library file C:\Users\tonik\.gradle\caches\modules-2\files-2.1\com.mojang\authlib\1.5.25\9834cdf236c22e84b946bba989e2f94ef5897c3c\authlib-1.5.25.jar
[15:31:48] [Server thread/TRACE] [FML]: Skipping known library file C:\Users\tonik\.gradle\caches\modules-2\files-2.1\com.mojang\realms\1.10.22\bd0dccebdf3744c75f1ca20063f16e8f7d5e663f\realms-1.10.22.jar
[15:31:48] [Server thread/TRACE] [FML]: Skipping known library file C:\Users\tonik\.gradle\caches\modules-2\files-2.1\org.apache.commons\commons-compress\1.8.1\a698750c16740fd5b3871425f4cb3bbaa87f529d\commons-compress-1.8.1.jar
[15:31:48] [Server thread/TRACE] [FML]: Skipping known library file C:\Users\tonik\.gradle\caches\modules-2\files-2.1\commons-logging\commons-logging\1.1.3\f6f66e966c70a83ffbdb6f17a0919eaf7c8aca7f\commons-logging-1.1.3.jar
[15:31:48] [Server thread/TRACE] [FML]: Skipping known library file C:\Users\tonik\.gradle\caches\modules-2\files-2.1\org.apache.httpcomponents\httpcore\4.3.2\31fbbff1ddbf98f3aa7377c94d33b0447c646b6e\httpcore-4.3.2.jar
[15:31:48] [Server thread/TRACE] [FML]: Skipping known library file C:\Users\tonik\.gradle\caches\modules-2\files-2.1\it.unimi.dsi\fastutil\7.1.0\9835253257524c1be7ab50c057aa2d418fb72082\fastutil-7.1.0.jar
[15:31:48] [Server thread/TRACE] [FML]: Skipping known library file C:\Users\tonik\.gradle\caches\modules-2\files-2.1\org.lwjgl.lwjgl\lwjgl\2.9.4-nightly-20150209\697517568c68e78ae0b4544145af031c81082dfe\lwjgl-2.9.4-nightly-20150209.jar
[15:31:48] [Server thread/TRACE] [FML]: Skipping known library file C:\Users\tonik\.gradle\caches\modules-2\files-2.1\org.lwjgl.lwjgl\lwjgl_util\2.9.4-nightly-20150209\d51a7c040a721d13efdfbd34f8b257b2df882ad0\lwjgl_util-2.9.4-nightly-20150209.jar
[15:31:48] [Server thread/TRACE] [FML]: Skipping known library file C:\Users\tonik\.gradle\caches\modules-2\files-2.1\org.lwjgl.lwjgl\lwjgl-platform\2.9.4-nightly-20150209\b04f3ee8f5e43fa3b162981b50bb72fe1acabb33\lwjgl-platform-2.9.4-nightly-20150209.jar
[15:31:48] [Server thread/TRACE] [FML]: Skipping known library file C:\Users\tonik\.gradle\caches\modules-2\files-2.1\org.lwjgl.lwjgl\lwjgl-platform\2.9.4-nightly-20150209\b84d5102b9dbfabfeb5e43c7e2828d98a7fc80e0\lwjgl-platform-2.9.4-nightly-20150209-natives-windows.jar
[15:31:48] [Server thread/TRACE] [FML]: Skipping known library file C:\Users\tonik\.gradle\caches\modules-2\files-2.1\net.java.jinput\jinput-platform\2.0.5\385ee093e01f587f30ee1c8a2ee7d408fd732e16\jinput-platform-2.0.5-natives-windows.jar
[15:31:48] [Server thread/TRACE] [FML]: Skipping known library file C:\Users\tonik\.gradle\caches\modules-2\files-2.1\net.java.jinput\jinput-platform\2.0.5\7ff832a6eb9ab6a767f1ade2b548092d0fa64795\jinput-platform-2.0.5-natives-linux.jar
[15:31:48] [Server thread/TRACE] [FML]: Skipping known library file C:\Users\tonik\.gradle\caches\modules-2\files-2.1\net.java.jinput\jinput-platform\2.0.5\53f9c919f34d2ca9de8c51fc4e1e8282029a9232\jinput-platform-2.0.5-natives-osx.jar
[15:31:48] [Server thread/DEBUG] [FML]: Found a minecraft related file at C:\Users\tonik\.gradle\caches\modules-2\files-2.1\com.mojang\text2speech\1.10.3\48fd510879dff266c3815947de66e3d4809f8668\text2speech-1.10.3.jar, examining for mod candidates
[15:31:48] [Server thread/DEBUG] [FML]: Found a minecraft related file at C:\Users\tonik\.gradle\caches\modules-2\files-2.1\com.mojang\text2speech\1.10.3\84a4b856389cc4f485275b1f63497a95a857a443\text2speech-1.10.3-natives-windows.jar, examining for mod candidates
[15:31:48] [Server thread/DEBUG] [FML]: Found a minecraft related file at C:\Users\tonik\.gradle\caches\modules-2\files-2.1\org.ow2.asm\asm-util\6.2\a9690730f92cc79eeadc20e400ebb41eccce10b1\asm-util-6.2.jar, examining for mod candidates
[15:31:48] [Server thread/DEBUG] [FML]: Found a minecraft related file at C:\Users\tonik\.gradle\caches\modules-2\files-2.1\org.ow2.asm\asm-analysis\6.2\c7d9a90d221cbb977848d2c777eb3aa7637e89df\asm-analysis-6.2.jar, examining for mod candidates
[15:31:48] [Server thread/DEBUG] [FML]: Found a minecraft related file at C:\Users\tonik\.gradle\caches\modules-2\files-2.1\org.ow2.asm\asm-tree\6.2\61570e046111559f38d4e0e580c005f75988c0a6\asm-tree-6.2.jar, examining for mod candidates
[15:31:48] [Server thread/DEBUG] [FML]: Found a minecraft related file at C:\Users\tonik\.gradle\caches\modules-2\files-2.1\org.ow2.asm\asm\6.2\1b6c4ff09ce03f3052429139c2a68e295cae6604\asm-6.2.jar, examining for mod candidates
[15:31:48] [Server thread/DEBUG] [FML]: Found a minecraft related file at C:\Users\tonik\.gradle\caches\modules-2\files-2.1\org.codehaus.plexus\plexus-utils\3.1.0\60eecb6f15abdb1c653ad80abaac6fe188b3feaa\plexus-utils-3.1.0.jar, examining for mod candidates
[15:31:48] [Server thread/DEBUG] [FML]: Found a minecraft related file at C:\Users\tonik\.gradle\caches\modules-2\files-2.1\org.slf4j\slf4j-api\1.8.0-beta4\83b0359d847ee053d745be7ec0d8e9e8a44304b4\slf4j-api-1.8.0-beta4.jar, examining for mod candidates
[15:31:48] [Server thread/DEBUG] [FML]: Minecraft jar mods loaded successfully
[15:31:48] [Server thread/INFO] [FML]: Searching C:\Users\tonik\IdeaProjects\JourneyModeMenu\run\.\mods for mods
[15:31:48] [Server thread/DEBUG] [FML]: Examining directory main for potential mods
[15:31:48] [Server thread/DEBUG] [FML]: Found an mcmod.info file in directory main
[15:31:48] [Server thread/TRACE] [FML]: Recursing into package assets
[15:31:48] [Server thread/TRACE] [FML]: Recursing into package assets/journeymode
[15:31:48] [Server thread/TRACE] [FML]: Recursing into package assets/journeymode/lang
[15:31:48] [Server thread/TRACE] [FML]: Recursing into package assets/journeymode/textures
[15:31:48] [Server thread/TRACE] [FML]: Recursing into package assets/journeymode/textures/gui
[15:31:48] [Server thread/TRACE] [FML]: Recursing into package assets/journeymode/textures/gui/container
[15:31:48] [Server thread/TRACE] [FML]: Recursing into package me
[15:31:48] [Server thread/TRACE] [FML]: Recursing into package me/wizicl
[15:31:48] [Server thread/TRACE] [FML]: Recursing into package me/wizicl/journeymode
[15:31:48] [Server thread/TRACE] [FML]: Recursing into package me/wizicl/journeymode/capabilities
[15:31:48] [Server thread/TRACE] [FML]: Recursing into package me/wizicl/journeymode/client
[15:31:48] [Server thread/TRACE] [FML]: Recursing into package me/wizicl/journeymode/client/gui
[15:31:48] [Server thread/TRACE] [FML]: Recursing into package me/wizicl/journeymode/command
[15:31:48] [Server thread/TRACE] [FML]: Recursing into package me/wizicl/journeymode/config
[15:31:48] [Server thread/TRACE] [FML]: Recursing into package me/wizicl/journeymode/init
[15:31:48] [Server thread/DEBUG] [FML]: Identified a mod of type Lnet/minecraftforge/fml/common/Mod; (me.wizicl.journeymode.JourneyMode) - loading
[15:31:48] [Server thread/TRACE] [FML]: Parsed dependency info for journeymode: Requirements: [] After:[] Before:[]
[15:31:48] [Server thread/TRACE] [FML]: Recursing into package me/wizicl/journeymode/network
[15:31:48] [Server thread/TRACE] [FML]: Recursing into package me/wizicl/journeymode/proxy
[15:31:48] [Server thread/TRACE] [FML]: Recursing into package me/wizicl/journeymode/util
[15:31:48] [Server thread/DEBUG] [FML]: Examining file forge-1.12.2-14.23.5.2859_mapped_snapshot_20171003-1.12-recomp.jar for potential mods
[15:31:48] [Server thread/DEBUG] [FML]: The mod container forge-1.12.2-14.23.5.2859_mapped_snapshot_20171003-1.12-recomp.jar appears to be missing an mcmod.info file
[15:31:49] [Server thread/DEBUG] [FML]: Examining file client-extra.jar for potential mods
[15:31:49] [Server thread/DEBUG] [FML]: The mod container client-extra.jar appears to be missing an mcmod.info file
[15:31:49] [Server thread/DEBUG] [FML]: Examining file jsr305-3.0.1.jar for potential mods
[15:31:49] [Server thread/DEBUG] [FML]: The mod container jsr305-3.0.1.jar appears to be missing an mcmod.info file
[15:31:49] [Server thread/DEBUG] [FML]: Examining file mergetool-1.0.13-forge.jar for potential mods
[15:31:49] [Server thread/DEBUG] [FML]: The mod container mergetool-1.0.13-forge.jar appears to be missing an mcmod.info file
[15:31:49] [Server thread/DEBUG] [FML]: Examining file mcp_snapshot-20171003-1.12.zip for potential mods
[15:31:49] [Server thread/DEBUG] [FML]: The mod container mcp_snapshot-20171003-1.12.zip appears to be missing an mcmod.info file
[15:31:49] [Server thread/DEBUG] [FML]: Examining file asm-debug-all-5.2.jar for potential mods
[15:31:49] [Server thread/DEBUG] [FML]: The mod container asm-debug-all-5.2.jar appears to be missing an mcmod.info file
[15:31:50] [Server thread/DEBUG] [FML]: Examining file maven-artifact-3.5.3.jar for potential mods
[15:31:50] [Server thread/DEBUG] [FML]: The mod container maven-artifact-3.5.3.jar appears to be missing an mcmod.info file
[15:31:50] [Server thread/DEBUG] [FML]: Examining file log4j-slf4j18-impl-2.15.0.jar for potential mods
[15:31:50] [Server thread/DEBUG] [FML]: The mod container log4j-slf4j18-impl-2.15.0.jar appears to be missing an mcmod.info file
[15:31:50] [Server thread/DEBUG] [FML]: Examining file legacydev-0.2.3.1-fatjar.jar for potential mods
[15:31:50] [Server thread/DEBUG] [FML]: The mod container legacydev-0.2.3.1-fatjar.jar appears to be missing an mcmod.info file
[15:31:50] [Server thread/DEBUG] [FML]: Examining file patchy-1.3.9.jar for potential mods
[15:31:50] [Server thread/DEBUG] [FML]: The mod container patchy-1.3.9.jar appears to be missing an mcmod.info file
[15:31:50] [Server thread/DEBUG] [FML]: Examining file text2speech-1.10.3.jar for potential mods
[15:31:50] [Server thread/DEBUG] [FML]: The mod container text2speech-1.10.3.jar appears to be missing an mcmod.info file
[15:31:50] [Server thread/DEBUG] [FML]: Examining file text2speech-1.10.3-natives-windows.jar for potential mods
[15:31:50] [Server thread/DEBUG] [FML]: The mod container text2speech-1.10.3-natives-windows.jar appears to be missing an mcmod.info file
[15:31:50] [Server thread/DEBUG] [FML]: Examining file asm-util-6.2.jar for potential mods
[15:31:50] [Server thread/DEBUG] [FML]: The mod container asm-util-6.2.jar appears to be missing an mcmod.info file
[15:31:50] [Server thread/ERROR] [FML]: Unable to read a class file correctly
java.lang.IllegalArgumentException: null
	at org.objectweb.asm.ClassReader.<init>(ClassReader.java:185) ~[asm-debug-all-5.2.jar:5.2]
	at org.objectweb.asm.ClassReader.<init>(ClassReader.java:168) ~[asm-debug-all-5.2.jar:5.2]
	at org.objectweb.asm.ClassReader.<init>(ClassReader.java:439) ~[asm-debug-all-5.2.jar:5.2]
	at net.minecraftforge.fml.common.discovery.asm.ASMModParser.<init>(ASMModParser.java:57) [ASMModParser.class:?]
	at net.minecraftforge.fml.common.discovery.JarDiscoverer.findClassesASM(JarDiscoverer.java:102) [JarDiscoverer.class:?]
	at net.minecraftforge.fml.common.discovery.JarDiscoverer.discover(JarDiscoverer.java:77) [JarDiscoverer.class:?]
	at net.minecraftforge.fml.common.discovery.ContainerType.findMods(ContainerType.java:47) [ContainerType.class:?]
	at net.minecraftforge.fml.common.discovery.ModCandidate.explore(ModCandidate.java:74) [ModCandidate.class:?]
	at net.minecraftforge.fml.common.discovery.ModDiscoverer.identifyMods(ModDiscoverer.java:93) [ModDiscoverer.class:?]
	at net.minecraftforge.fml.common.Loader.identifyMods(Loader.java:427) [Loader.class:?]
	at net.minecraftforge.fml.common.Loader.loadMods(Loader.java:568) [Loader.class:?]
	at net.minecraftforge.fml.server.FMLServerHandler.beginServerLoading(FMLServerHandler.java:98) [FMLServerHandler.class:?]
	at net.minecraftforge.fml.common.FMLCommonHandler.onServerStart(FMLCommonHandler.java:333) [FMLCommonHandler.class:?]
	at net.minecraft.server.dedicated.DedicatedServer.init(DedicatedServer.java:125) [DedicatedServer.class:?]
	at net.minecraft.server.MinecraftServer.run(MinecraftServer.java:486) [MinecraftServer.class:?]
	at java.lang.Thread.run(Thread.java:750) [?:1.8.0_482]
[15:31:50] [Server thread/ERROR] [FML]: There was a problem reading the entry module-info.class in the jar C:\Users\tonik\.gradle\caches\modules-2\files-2.1\org.ow2.asm\asm-util\6.2\a9690730f92cc79eeadc20e400ebb41eccce10b1\asm-util-6.2.jar - probably a corrupt zip
net.minecraftforge.fml.common.LoaderException: java.lang.IllegalArgumentException

	at net.minecraftforge.fml.common.discovery.asm.ASMModParser.<init>(ASMModParser.java:63) ~[ASMModParser.class:?]
	at net.minecraftforge.fml.common.discovery.JarDiscoverer.findClassesASM(JarDiscoverer.java:102) [JarDiscoverer.class:?]
	at net.minecraftforge.fml.common.discovery.JarDiscoverer.discover(JarDiscoverer.java:77) [JarDiscoverer.class:?]
	at net.minecraftforge.fml.common.discovery.ContainerType.findMods(ContainerType.java:47) [ContainerType.class:?]
	at net.minecraftforge.fml.common.discovery.ModCandidate.explore(ModCandidate.java:74) [ModCandidate.class:?]
	at net.minecraftforge.fml.common.discovery.ModDiscoverer.identifyMods(ModDiscoverer.java:93) [ModDiscoverer.class:?]
	at net.minecraftforge.fml.common.Loader.identifyMods(Loader.java:427) [Loader.class:?]
	at net.minecraftforge.fml.common.Loader.loadMods(Loader.java:568) [Loader.class:?]
	at net.minecraftforge.fml.server.FMLServerHandler.beginServerLoading(FMLServerHandler.java:98) [FMLServerHandler.class:?]
	at net.minecraftforge.fml.common.FMLCommonHandler.onServerStart(FMLCommonHandler.java:333) [FMLCommonHandler.class:?]
	at net.minecraft.server.dedicated.DedicatedServer.init(DedicatedServer.java:125) [DedicatedServer.class:?]
	at net.minecraft.server.MinecraftServer.run(MinecraftServer.java:486) [MinecraftServer.class:?]
	at java.lang.Thread.run(Thread.java:750) [?:1.8.0_482]
Caused by: java.lang.IllegalArgumentException
	at org.objectweb.asm.ClassReader.<init>(ClassReader.java:185) ~[asm-debug-all-5.2.jar:5.2]
	at org.objectweb.asm.ClassReader.<init>(ClassReader.java:168) ~[asm-debug-all-5.2.jar:5.2]
	at org.objectweb.asm.ClassReader.<init>(ClassReader.java:439) ~[asm-debug-all-5.2.jar:5.2]
	at net.minecraftforge.fml.common.discovery.asm.ASMModParser.<init>(ASMModParser.java:57) ~[ASMModParser.class:?]
	... 12 more
[15:31:50] [Server thread/WARN] [FML]: Zip file asm-util-6.2.jar failed to read properly, it will be ignored
net.minecraftforge.fml.common.LoaderException: java.lang.IllegalArgumentException

	at net.minecraftforge.fml.common.discovery.asm.ASMModParser.<init>(ASMModParser.java:63) ~[ASMModParser.class:?]
	at net.minecraftforge.fml.common.discovery.JarDiscoverer.findClassesASM(JarDiscoverer.java:102) ~[JarDiscoverer.class:?]
	at net.minecraftforge.fml.common.discovery.JarDiscoverer.discover(JarDiscoverer.java:77) [JarDiscoverer.class:?]
	at net.minecraftforge.fml.common.discovery.ContainerType.findMods(ContainerType.java:47) [ContainerType.class:?]
	at net.minecraftforge.fml.common.discovery.ModCandidate.explore(ModCandidate.java:74) [ModCandidate.class:?]
	at net.minecraftforge.fml.common.discovery.ModDiscoverer.identifyMods(ModDiscoverer.java:93) [ModDiscoverer.class:?]
	at net.minecraftforge.fml.common.Loader.identifyMods(Loader.java:427) [Loader.class:?]
	at net.minecraftforge.fml.common.Loader.loadMods(Loader.java:568) [Loader.class:?]
	at net.minecraftforge.fml.server.FMLServerHandler.beginServerLoading(FMLServerHandler.java:98) [FMLServerHandler.class:?]
	at net.minecraftforge.fml.common.FMLCommonHandler.onServerStart(FMLCommonHandler.java:333) [FMLCommonHandler.class:?]
	at net.minecraft.server.dedicated.DedicatedServer.init(DedicatedServer.java:125) [DedicatedServer.class:?]
	at net.minecraft.server.MinecraftServer.run(MinecraftServer.java:486) [MinecraftServer.class:?]
	at java.lang.Thread.run(Thread.java:750) [?:1.8.0_482]
Caused by: java.lang.IllegalArgumentException
	at org.objectweb.asm.ClassReader.<init>(ClassReader.java:185) ~[asm-debug-all-5.2.jar:5.2]
	at org.objectweb.asm.ClassReader.<init>(ClassReader.java:168) ~[asm-debug-all-5.2.jar:5.2]
	at org.objectweb.asm.ClassReader.<init>(ClassReader.java:439) ~[asm-debug-all-5.2.jar:5.2]
	at net.minecraftforge.fml.common.discovery.asm.ASMModParser.<init>(ASMModParser.java:57) ~[ASMModParser.class:?]
	... 12 more
[15:31:50] [Server thread/DEBUG] [FML]: Examining file asm-analysis-6.2.jar for potential mods
[15:31:50] [Server thread/DEBUG] [FML]: The mod container asm-analysis-6.2.jar appears to be missing an mcmod.info file
[15:31:50] [Server thread/ERROR] [FML]: Unable to read a class file correctly
java.lang.IllegalArgumentException: null
	at org.objectweb.asm.ClassReader.<init>(ClassReader.java:185) ~[asm-debug-all-5.2.jar:5.2]
	at org.objectweb.asm.ClassReader.<init>(ClassReader.java:168) ~[asm-debug-all-5.2.jar:5.2]
	at org.objectweb.asm.ClassReader.<init>(ClassReader.java:439) ~[asm-debug-all-5.2.jar:5.2]
	at net.minecraftforge.fml.common.discovery.asm.ASMModParser.<init>(ASMModParser.java:57) [ASMModParser.class:?]
	at net.minecraftforge.fml.common.discovery.JarDiscoverer.findClassesASM(JarDiscoverer.java:102) [JarDiscoverer.class:?]
	at net.minecraftforge.fml.common.discovery.JarDiscoverer.discover(JarDiscoverer.java:77) [JarDiscoverer.class:?]
	at net.minecraftforge.fml.common.discovery.ContainerType.findMods(ContainerType.java:47) [ContainerType.class:?]
	at net.minecraftforge.fml.common.discovery.ModCandidate.explore(ModCandidate.java:74) [ModCandidate.class:?]
	at net.minecraftforge.fml.common.discovery.ModDiscoverer.identifyMods(ModDiscoverer.java:93) [ModDiscoverer.class:?]
	at net.minecraftforge.fml.common.Loader.identifyMods(Loader.java:427) [Loader.class:?]
	at net.minecraftforge.fml.common.Loader.loadMods(Loader.java:568) [Loader.class:?]
	at net.minecraftforge.fml.server.FMLServerHandler.beginServerLoading(FMLServerHandler.java:98) [FMLServerHandler.class:?]
	at net.minecraftforge.fml.common.FMLCommonHandler.onServerStart(FMLCommonHandler.java:333) [FMLCommonHandler.class:?]
	at net.minecraft.server.dedicated.DedicatedServer.init(DedicatedServer.java:125) [DedicatedServer.class:?]
	at net.minecraft.server.MinecraftServer.run(MinecraftServer.java:486) [MinecraftServer.class:?]
	at java.lang.Thread.run(Thread.java:750) [?:1.8.0_482]
[15:31:50] [Server thread/ERROR] [FML]: There was a problem reading the entry module-info.class in the jar C:\Users\tonik\.gradle\caches\modules-2\files-2.1\org.ow2.asm\asm-analysis\6.2\c7d9a90d221cbb977848d2c777eb3aa7637e89df\asm-analysis-6.2.jar - probably a corrupt zip
net.minecraftforge.fml.common.LoaderException: java.lang.IllegalArgumentException

	at net.minecraftforge.fml.common.discovery.asm.ASMModParser.<init>(ASMModParser.java:63) ~[ASMModParser.class:?]
	at net.minecraftforge.fml.common.discovery.JarDiscoverer.findClassesASM(JarDiscoverer.java:102) [JarDiscoverer.class:?]
	at net.minecraftforge.fml.common.discovery.JarDiscoverer.discover(JarDiscoverer.java:77) [JarDiscoverer.class:?]
	at net.minecraftforge.fml.common.discovery.ContainerType.findMods(ContainerType.java:47) [ContainerType.class:?]
	at net.minecraftforge.fml.common.discovery.ModCandidate.explore(ModCandidate.java:74) [ModCandidate.class:?]
	at net.minecraftforge.fml.common.discovery.ModDiscoverer.identifyMods(ModDiscoverer.java:93) [ModDiscoverer.class:?]
	at net.minecraftforge.fml.common.Loader.identifyMods(Loader.java:427) [Loader.class:?]
	at net.minecraftforge.fml.common.Loader.loadMods(Loader.java:568) [Loader.class:?]
	at net.minecraftforge.fml.server.FMLServerHandler.beginServerLoading(FMLServerHandler.java:98) [FMLServerHandler.class:?]
	at net.minecraftforge.fml.common.FMLCommonHandler.onServerStart(FMLCommonHandler.java:333) [FMLCommonHandler.class:?]
	at net.minecraft.server.dedicated.DedicatedServer.init(DedicatedServer.java:125) [DedicatedServer.class:?]
	at net.minecraft.server.MinecraftServer.run(MinecraftServer.java:486) [MinecraftServer.class:?]
	at java.lang.Thread.run(Thread.java:750) [?:1.8.0_482]
Caused by: java.lang.IllegalArgumentException
	at org.objectweb.asm.ClassReader.<init>(ClassReader.java:185) ~[asm-debug-all-5.2.jar:5.2]
	at org.objectweb.asm.ClassReader.<init>(ClassReader.java:168) ~[asm-debug-all-5.2.jar:5.2]
	at org.objectweb.asm.ClassReader.<init>(ClassReader.java:439) ~[asm-debug-all-5.2.jar:5.2]
	at net.minecraftforge.fml.common.discovery.asm.ASMModParser.<init>(ASMModParser.java:57) ~[ASMModParser.class:?]
	... 12 more
[15:31:50] [Server thread/WARN] [FML]: Zip file asm-analysis-6.2.jar failed to read properly, it will be ignored
net.minecraftforge.fml.common.LoaderException: java.lang.IllegalArgumentException

	at net.minecraftforge.fml.common.discovery.asm.ASMModParser.<init>(ASMModParser.java:63) ~[ASMModParser.class:?]
	at net.minecraftforge.fml.common.discovery.JarDiscoverer.findClassesASM(JarDiscoverer.java:102) ~[JarDiscoverer.class:?]
	at net.minecraftforge.fml.common.discovery.JarDiscoverer.discover(JarDiscoverer.java:77) [JarDiscoverer.class:?]
	at net.minecraftforge.fml.common.discovery.ContainerType.findMods(ContainerType.java:47) [ContainerType.class:?]
	at net.minecraftforge.fml.common.discovery.ModCandidate.explore(ModCandidate.java:74) [ModCandidate.class:?]
	at net.minecraftforge.fml.common.discovery.ModDiscoverer.identifyMods(ModDiscoverer.java:93) [ModDiscoverer.class:?]
	at net.minecraftforge.fml.common.Loader.identifyMods(Loader.java:427) [Loader.class:?]
	at net.minecraftforge.fml.common.Loader.loadMods(Loader.java:568) [Loader.class:?]
	at net.minecraftforge.fml.server.FMLServerHandler.beginServerLoading(FMLServerHandler.java:98) [FMLServerHandler.class:?]
	at net.minecraftforge.fml.common.FMLCommonHandler.onServerStart(FMLCommonHandler.java:333) [FMLCommonHandler.class:?]
	at net.minecraft.server.dedicated.DedicatedServer.init(DedicatedServer.java:125) [DedicatedServer.class:?]
	at net.minecraft.server.MinecraftServer.run(MinecraftServer.java:486) [MinecraftServer.class:?]
	at java.lang.Thread.run(Thread.java:750) [?:1.8.0_482]
Caused by: java.lang.IllegalArgumentException
	at org.objectweb.asm.ClassReader.<init>(ClassReader.java:185) ~[asm-debug-all-5.2.jar:5.2]
	at org.objectweb.asm.ClassReader.<init>(ClassReader.java:168) ~[asm-debug-all-5.2.jar:5.2]
	at org.objectweb.asm.ClassReader.<init>(ClassReader.java:439) ~[asm-debug-all-5.2.jar:5.2]
	at net.minecraftforge.fml.common.discovery.asm.ASMModParser.<init>(ASMModParser.java:57) ~[ASMModParser.class:?]
	... 12 more
[15:31:50] [Server thread/DEBUG] [FML]: Examining file asm-tree-6.2.jar for potential mods
[15:31:50] [Server thread/DEBUG] [FML]: The mod container asm-tree-6.2.jar appears to be missing an mcmod.info file
[15:31:50] [Server thread/ERROR] [FML]: Unable to read a class file correctly
java.lang.IllegalArgumentException: null
	at org.objectweb.asm.ClassReader.<init>(ClassReader.java:185) ~[asm-debug-all-5.2.jar:5.2]
	at org.objectweb.asm.ClassReader.<init>(ClassReader.java:168) ~[asm-debug-all-5.2.jar:5.2]
	at org.objectweb.asm.ClassReader.<init>(ClassReader.java:439) ~[asm-debug-all-5.2.jar:5.2]
	at net.minecraftforge.fml.common.discovery.asm.ASMModParser.<init>(ASMModParser.java:57) [ASMModParser.class:?]
	at net.minecraftforge.fml.common.discovery.JarDiscoverer.findClassesASM(JarDiscoverer.java:102) [JarDiscoverer.class:?]
	at net.minecraftforge.fml.common.discovery.JarDiscoverer.discover(JarDiscoverer.java:77) [JarDiscoverer.class:?]
	at net.minecraftforge.fml.common.discovery.ContainerType.findMods(ContainerType.java:47) [ContainerType.class:?]
	at net.minecraftforge.fml.common.discovery.ModCandidate.explore(ModCandidate.java:74) [ModCandidate.class:?]
	at net.minecraftforge.fml.common.discovery.ModDiscoverer.identifyMods(ModDiscoverer.java:93) [ModDiscoverer.class:?]
	at net.minecraftforge.fml.common.Loader.identifyMods(Loader.java:427) [Loader.class:?]
	at net.minecraftforge.fml.common.Loader.loadMods(Loader.java:568) [Loader.class:?]
	at net.minecraftforge.fml.server.FMLServerHandler.beginServerLoading(FMLServerHandler.java:98) [FMLServerHandler.class:?]
	at net.minecraftforge.fml.common.FMLCommonHandler.onServerStart(FMLCommonHandler.java:333) [FMLCommonHandler.class:?]
	at net.minecraft.server.dedicated.DedicatedServer.init(DedicatedServer.java:125) [DedicatedServer.class:?]
	at net.minecraft.server.MinecraftServer.run(MinecraftServer.java:486) [MinecraftServer.class:?]
	at java.lang.Thread.run(Thread.java:750) [?:1.8.0_482]
[15:31:50] [Server thread/ERROR] [FML]: There was a problem reading the entry module-info.class in the jar C:\Users\tonik\.gradle\caches\modules-2\files-2.1\org.ow2.asm\asm-tree\6.2\61570e046111559f38d4e0e580c005f75988c0a6\asm-tree-6.2.jar - probably a corrupt zip
net.minecraftforge.fml.common.LoaderException: java.lang.IllegalArgumentException

	at net.minecraftforge.fml.common.discovery.asm.ASMModParser.<init>(ASMModParser.java:63) ~[ASMModParser.class:?]
	at net.minecraftforge.fml.common.discovery.JarDiscoverer.findClassesASM(JarDiscoverer.java:102) [JarDiscoverer.class:?]
	at net.minecraftforge.fml.common.discovery.JarDiscoverer.discover(JarDiscoverer.java:77) [JarDiscoverer.class:?]
	at net.minecraftforge.fml.common.discovery.ContainerType.findMods(ContainerType.java:47) [ContainerType.class:?]
	at net.minecraftforge.fml.common.discovery.ModCandidate.explore(ModCandidate.java:74) [ModCandidate.class:?]
	at net.minecraftforge.fml.common.discovery.ModDiscoverer.identifyMods(ModDiscoverer.java:93) [ModDiscoverer.class:?]
	at net.minecraftforge.fml.common.Loader.identifyMods(Loader.java:427) [Loader.class:?]
	at net.minecraftforge.fml.common.Loader.loadMods(Loader.java:568) [Loader.class:?]
	at net.minecraftforge.fml.server.FMLServerHandler.beginServerLoading(FMLServerHandler.java:98) [FMLServerHandler.class:?]
	at net.minecraftforge.fml.common.FMLCommonHandler.onServerStart(FMLCommonHandler.java:333) [FMLCommonHandler.class:?]
	at net.minecraft.server.dedicated.DedicatedServer.init(DedicatedServer.java:125) [DedicatedServer.class:?]
	at net.minecraft.server.MinecraftServer.run(MinecraftServer.java:486) [MinecraftServer.class:?]
	at java.lang.Thread.run(Thread.java:750) [?:1.8.0_482]
Caused by: java.lang.IllegalArgumentException
	at org.objectweb.asm.ClassReader.<init>(ClassReader.java:185) ~[asm-debug-all-5.2.jar:5.2]
	at org.objectweb.asm.ClassReader.<init>(ClassReader.java:168) ~[asm-debug-all-5.2.jar:5.2]
	at org.objectweb.asm.ClassReader.<init>(ClassReader.java:439) ~[asm-debug-all-5.2.jar:5.2]
	at net.minecraftforge.fml.common.discovery.asm.ASMModParser.<init>(ASMModParser.java:57) ~[ASMModParser.class:?]
	... 12 more
[15:31:50] [Server thread/WARN] [FML]: Zip file asm-tree-6.2.jar failed to read properly, it will be ignored
net.minecraftforge.fml.common.LoaderException: java.lang.IllegalArgumentException

	at net.minecraftforge.fml.common.discovery.asm.ASMModParser.<init>(ASMModParser.java:63) ~[ASMModParser.class:?]
	at net.minecraftforge.fml.common.discovery.JarDiscoverer.findClassesASM(JarDiscoverer.java:102) ~[JarDiscoverer.class:?]
	at net.minecraftforge.fml.common.discovery.JarDiscoverer.discover(JarDiscoverer.java:77) [JarDiscoverer.class:?]
	at net.minecraftforge.fml.common.discovery.ContainerType.findMods(ContainerType.java:47) [ContainerType.class:?]
	at net.minecraftforge.fml.common.discovery.ModCandidate.explore(ModCandidate.java:74) [ModCandidate.class:?]
	at net.minecraftforge.fml.common.discovery.ModDiscoverer.identifyMods(ModDiscoverer.java:93) [ModDiscoverer.class:?]
	at net.minecraftforge.fml.common.Loader.identifyMods(Loader.java:427) [Loader.class:?]
	at net.minecraftforge.fml.common.Loader.loadMods(Loader.java:568) [Loader.class:?]
	at net.minecraftforge.fml.server.FMLServerHandler.beginServerLoading(FMLServerHandler.java:98) [FMLServerHandler.class:?]
	at net.minecraftforge.fml.common.FMLCommonHandler.onServerStart(FMLCommonHandler.java:333) [FMLCommonHandler.class:?]
	at net.minecraft.server.dedicated.DedicatedServer.init(DedicatedServer.java:125) [DedicatedServer.class:?]
	at net.minecraft.server.MinecraftServer.run(MinecraftServer.java:486) [MinecraftServer.class:?]
	at java.lang.Thread.run(Thread.java:750) [?:1.8.0_482]
Caused by: java.lang.IllegalArgumentException
	at org.objectweb.asm.ClassReader.<init>(ClassReader.java:185) ~[asm-debug-all-5.2.jar:5.2]
	at org.objectweb.asm.ClassReader.<init>(ClassReader.java:168) ~[asm-debug-all-5.2.jar:5.2]
	at org.objectweb.asm.ClassReader.<init>(ClassReader.java:439) ~[asm-debug-all-5.2.jar:5.2]
	at net.minecraftforge.fml.common.discovery.asm.ASMModParser.<init>(ASMModParser.java:57) ~[ASMModParser.class:?]
	... 12 more
[15:31:50] [Server thread/DEBUG] [FML]: Examining file asm-6.2.jar for potential mods
[15:31:50] [Server thread/DEBUG] [FML]: The mod container asm-6.2.jar appears to be missing an mcmod.info file
[15:31:50] [Server thread/ERROR] [FML]: Unable to read a class file correctly
java.lang.IllegalArgumentException: null
	at org.objectweb.asm.ClassReader.<init>(ClassReader.java:185) ~[asm-debug-all-5.2.jar:5.2]
	at org.objectweb.asm.ClassReader.<init>(ClassReader.java:168) ~[asm-debug-all-5.2.jar:5.2]
	at org.objectweb.asm.ClassReader.<init>(ClassReader.java:439) ~[asm-debug-all-5.2.jar:5.2]
	at net.minecraftforge.fml.common.discovery.asm.ASMModParser.<init>(ASMModParser.java:57) [ASMModParser.class:?]
	at net.minecraftforge.fml.common.discovery.JarDiscoverer.findClassesASM(JarDiscoverer.java:102) [JarDiscoverer.class:?]
	at net.minecraftforge.fml.common.discovery.JarDiscoverer.discover(JarDiscoverer.java:77) [JarDiscoverer.class:?]
	at net.minecraftforge.fml.common.discovery.ContainerType.findMods(ContainerType.java:47) [ContainerType.class:?]
	at net.minecraftforge.fml.common.discovery.ModCandidate.explore(ModCandidate.java:74) [ModCandidate.class:?]
	at net.minecraftforge.fml.common.discovery.ModDiscoverer.identifyMods(ModDiscoverer.java:93) [ModDiscoverer.class:?]
	at net.minecraftforge.fml.common.Loader.identifyMods(Loader.java:427) [Loader.class:?]
	at net.minecraftforge.fml.common.Loader.loadMods(Loader.java:568) [Loader.class:?]
	at net.minecraftforge.fml.server.FMLServerHandler.beginServerLoading(FMLServerHandler.java:98) [FMLServerHandler.class:?]
	at net.minecraftforge.fml.common.FMLCommonHandler.onServerStart(FMLCommonHandler.java:333) [FMLCommonHandler.class:?]
	at net.minecraft.server.dedicated.DedicatedServer.init(DedicatedServer.java:125) [DedicatedServer.class:?]
	at net.minecraft.server.MinecraftServer.run(MinecraftServer.java:486) [MinecraftServer.class:?]
	at java.lang.Thread.run(Thread.java:750) [?:1.8.0_482]
[15:31:50] [Server thread/ERROR] [FML]: There was a problem reading the entry module-info.class in the jar C:\Users\tonik\.gradle\caches\modules-2\files-2.1\org.ow2.asm\asm\6.2\1b6c4ff09ce03f3052429139c2a68e295cae6604\asm-6.2.jar - probably a corrupt zip
net.minecraftforge.fml.common.LoaderException: java.lang.IllegalArgumentException

	at net.minecraftforge.fml.common.discovery.asm.ASMModParser.<init>(ASMModParser.java:63) ~[ASMModParser.class:?]
	at net.minecraftforge.fml.common.discovery.JarDiscoverer.findClassesASM(JarDiscoverer.java:102) [JarDiscoverer.class:?]
	at net.minecraftforge.fml.common.discovery.JarDiscoverer.discover(JarDiscoverer.java:77) [JarDiscoverer.class:?]
	at net.minecraftforge.fml.common.discovery.ContainerType.findMods(ContainerType.java:47) [ContainerType.class:?]
	at net.minecraftforge.fml.common.discovery.ModCandidate.explore(ModCandidate.java:74) [ModCandidate.class:?]
	at net.minecraftforge.fml.common.discovery.ModDiscoverer.identifyMods(ModDiscoverer.java:93) [ModDiscoverer.class:?]
	at net.minecraftforge.fml.common.Loader.identifyMods(Loader.java:427) [Loader.class:?]
	at net.minecraftforge.fml.common.Loader.loadMods(Loader.java:568) [Loader.class:?]
	at net.minecraftforge.fml.server.FMLServerHandler.beginServerLoading(FMLServerHandler.java:98) [FMLServerHandler.class:?]
	at net.minecraftforge.fml.common.FMLCommonHandler.onServerStart(FMLCommonHandler.java:333) [FMLCommonHandler.class:?]
	at net.minecraft.server.dedicated.DedicatedServer.init(DedicatedServer.java:125) [DedicatedServer.class:?]
	at net.minecraft.server.MinecraftServer.run(MinecraftServer.java:486) [MinecraftServer.class:?]
	at java.lang.Thread.run(Thread.java:750) [?:1.8.0_482]
Caused by: java.lang.IllegalArgumentException
	at org.objectweb.asm.ClassReader.<init>(ClassReader.java:185) ~[asm-debug-all-5.2.jar:5.2]
	at org.objectweb.asm.ClassReader.<init>(ClassReader.java:168) ~[asm-debug-all-5.2.jar:5.2]
	at org.objectweb.asm.ClassReader.<init>(ClassReader.java:439) ~[asm-debug-all-5.2.jar:5.2]
	at net.minecraftforge.fml.common.discovery.asm.ASMModParser.<init>(ASMModParser.java:57) ~[ASMModParser.class:?]
	... 12 more
[15:31:50] [Server thread/WARN] [FML]: Zip file asm-6.2.jar failed to read properly, it will be ignored
net.minecraftforge.fml.common.LoaderException: java.lang.IllegalArgumentException

	at net.minecraftforge.fml.common.discovery.asm.ASMModParser.<init>(ASMModParser.java:63) ~[ASMModParser.class:?]
	at net.minecraftforge.fml.common.discovery.JarDiscoverer.findClassesASM(JarDiscoverer.java:102) ~[JarDiscoverer.class:?]
	at net.minecraftforge.fml.common.discovery.JarDiscoverer.discover(JarDiscoverer.java:77) [JarDiscoverer.class:?]
	at net.minecraftforge.fml.common.discovery.ContainerType.findMods(ContainerType.java:47) [ContainerType.class:?]
	at net.minecraftforge.fml.common.discovery.ModCandidate.explore(ModCandidate.java:74) [ModCandidate.class:?]
	at net.minecraftforge.fml.common.discovery.ModDiscoverer.identifyMods(ModDiscoverer.java:93) [ModDiscoverer.class:?]
	at net.minecraftforge.fml.common.Loader.identifyMods(Loader.java:427) [Loader.class:?]
	at net.minecraftforge.fml.common.Loader.loadMods(Loader.java:568) [Loader.class:?]
	at net.minecraftforge.fml.server.FMLServerHandler.beginServerLoading(FMLServerHandler.java:98) [FMLServerHandler.class:?]
	at net.minecraftforge.fml.common.FMLCommonHandler.onServerStart(FMLCommonHandler.java:333) [FMLCommonHandler.class:?]
	at net.minecraft.server.dedicated.DedicatedServer.init(DedicatedServer.java:125) [DedicatedServer.class:?]
	at net.minecraft.server.MinecraftServer.run(MinecraftServer.java:486) [MinecraftServer.class:?]
	at java.lang.Thread.run(Thread.java:750) [?:1.8.0_482]
Caused by: java.lang.IllegalArgumentException
	at org.objectweb.asm.ClassReader.<init>(ClassReader.java:185) ~[asm-debug-all-5.2.jar:5.2]
	at org.objectweb.asm.ClassReader.<init>(ClassReader.java:168) ~[asm-debug-all-5.2.jar:5.2]
	at org.objectweb.asm.ClassReader.<init>(ClassReader.java:439) ~[asm-debug-all-5.2.jar:5.2]
	at net.minecraftforge.fml.common.discovery.asm.ASMModParser.<init>(ASMModParser.java:57) ~[ASMModParser.class:?]
	... 12 more
[15:31:50] [Server thread/DEBUG] [FML]: Examining file plexus-utils-3.1.0.jar for potential mods
[15:31:50] [Server thread/DEBUG] [FML]: The mod container plexus-utils-3.1.0.jar appears to be missing an mcmod.info file
[15:31:50] [Server thread/DEBUG] [FML]: Examining file slf4j-api-1.8.0-beta4.jar for potential mods
[15:31:50] [Server thread/DEBUG] [FML]: The mod container slf4j-api-1.8.0-beta4.jar appears to be missing an mcmod.info file
[15:31:50] [Server thread/ERROR] [FML]: Unable to read a class file correctly
java.lang.IllegalArgumentException: null
	at org.objectweb.asm.ClassReader.<init>(ClassReader.java:185) ~[asm-debug-all-5.2.jar:5.2]
	at org.objectweb.asm.ClassReader.<init>(ClassReader.java:168) ~[asm-debug-all-5.2.jar:5.2]
	at org.objectweb.asm.ClassReader.<init>(ClassReader.java:439) ~[asm-debug-all-5.2.jar:5.2]
	at net.minecraftforge.fml.common.discovery.asm.ASMModParser.<init>(ASMModParser.java:57) [ASMModParser.class:?]
	at net.minecraftforge.fml.common.discovery.JarDiscoverer.findClassesASM(JarDiscoverer.java:102) [JarDiscoverer.class:?]
	at net.minecraftforge.fml.common.discovery.JarDiscoverer.discover(JarDiscoverer.java:77) [JarDiscoverer.class:?]
	at net.minecraftforge.fml.common.discovery.ContainerType.findMods(ContainerType.java:47) [ContainerType.class:?]
	at net.minecraftforge.fml.common.discovery.ModCandidate.explore(ModCandidate.java:74) [ModCandidate.class:?]
	at net.minecraftforge.fml.common.discovery.ModDiscoverer.identifyMods(ModDiscoverer.java:93) [ModDiscoverer.class:?]
	at net.minecraftforge.fml.common.Loader.identifyMods(Loader.java:427) [Loader.class:?]
	at net.minecraftforge.fml.common.Loader.loadMods(Loader.java:568) [Loader.class:?]
	at net.minecraftforge.fml.server.FMLServerHandler.beginServerLoading(FMLServerHandler.java:98) [FMLServerHandler.class:?]
	at net.minecraftforge.fml.common.FMLCommonHandler.onServerStart(FMLCommonHandler.java:333) [FMLCommonHandler.class:?]
	at net.minecraft.server.dedicated.DedicatedServer.init(DedicatedServer.java:125) [DedicatedServer.class:?]
	at net.minecraft.server.MinecraftServer.run(MinecraftServer.java:486) [MinecraftServer.class:?]
	at java.lang.Thread.run(Thread.java:750) [?:1.8.0_482]
[15:31:50] [Server thread/ERROR] [FML]: There was a problem reading the entry META-INF/versions/9/module-info.class in the jar C:\Users\tonik\.gradle\caches\modules-2\files-2.1\org.slf4j\slf4j-api\1.8.0-beta4\83b0359d847ee053d745be7ec0d8e9e8a44304b4\slf4j-api-1.8.0-beta4.jar - probably a corrupt zip
net.minecraftforge.fml.common.LoaderException: java.lang.IllegalArgumentException

	at net.minecraftforge.fml.common.discovery.asm.ASMModParser.<init>(ASMModParser.java:63) ~[ASMModParser.class:?]
	at net.minecraftforge.fml.common.discovery.JarDiscoverer.findClassesASM(JarDiscoverer.java:102) [JarDiscoverer.class:?]
	at net.minecraftforge.fml.common.discovery.JarDiscoverer.discover(JarDiscoverer.java:77) [JarDiscoverer.class:?]
	at net.minecraftforge.fml.common.discovery.ContainerType.findMods(ContainerType.java:47) [ContainerType.class:?]
	at net.minecraftforge.fml.common.discovery.ModCandidate.explore(ModCandidate.java:74) [ModCandidate.class:?]
	at net.minecraftforge.fml.common.discovery.ModDiscoverer.identifyMods(ModDiscoverer.java:93) [ModDiscoverer.class:?]
	at net.minecraftforge.fml.common.Loader.identifyMods(Loader.java:427) [Loader.class:?]
	at net.minecraftforge.fml.common.Loader.loadMods(Loader.java:568) [Loader.class:?]
	at net.minecraftforge.fml.server.FMLServerHandler.beginServerLoading(FMLServerHandler.java:98) [FMLServerHandler.class:?]
	at net.minecraftforge.fml.common.FMLCommonHandler.onServerStart(FMLCommonHandler.java:333) [FMLCommonHandler.class:?]
	at net.minecraft.server.dedicated.DedicatedServer.init(DedicatedServer.java:125) [DedicatedServer.class:?]
	at net.minecraft.server.MinecraftServer.run(MinecraftServer.java:486) [MinecraftServer.class:?]
	at java.lang.Thread.run(Thread.java:750) [?:1.8.0_482]
Caused by: java.lang.IllegalArgumentException
	at org.objectweb.asm.ClassReader.<init>(ClassReader.java:185) ~[asm-debug-all-5.2.jar:5.2]
	at org.objectweb.asm.ClassReader.<init>(ClassReader.java:168) ~[asm-debug-all-5.2.jar:5.2]
	at org.objectweb.asm.ClassReader.<init>(ClassReader.java:439) ~[asm-debug-all-5.2.jar:5.2]
	at net.minecraftforge.fml.common.discovery.asm.ASMModParser.<init>(ASMModParser.java:57) ~[ASMModParser.class:?]
	... 12 more
[15:31:50] [Server thread/WARN] [FML]: Zip file slf4j-api-1.8.0-beta4.jar failed to read properly, it will be ignored
net.minecraftforge.fml.common.LoaderException: java.lang.IllegalArgumentException

	at net.minecraftforge.fml.common.discovery.asm.ASMModParser.<init>(ASMModParser.java:63) ~[ASMModParser.class:?]
	at net.minecraftforge.fml.common.discovery.JarDiscoverer.findClassesASM(JarDiscoverer.java:102) ~[JarDiscoverer.class:?]
	at net.minecraftforge.fml.common.discovery.JarDiscoverer.discover(JarDiscoverer.java:77) [JarDiscoverer.class:?]
	at net.minecraftforge.fml.common.discovery.ContainerType.findMods(ContainerType.java:47) [ContainerType.class:?]
	at net.minecraftforge.fml.common.discovery.ModCandidate.explore(ModCandidate.java:74) [ModCandidate.class:?]
	at net.minecraftforge.fml.common.discovery.ModDiscoverer.identifyMods(ModDiscoverer.java:93) [ModDiscoverer.class:?]
	at net.minecraftforge.fml.common.Loader.identifyMods(Loader.java:427) [Loader.class:?]
	at net.minecraftforge.fml.common.Loader.loadMods(Loader.java:568) [Loader.class:?]
	at net.minecraftforge.fml.server.FMLServerHandler.beginServerLoading(FMLServerHandler.java:98) [FMLServerHandler.class:?]
	at net.minecraftforge.fml.common.FMLCommonHandler.onServerStart(FMLCommonHandler.java:333) [FMLCommonHandler.class:?]
	at net.minecraft.server.dedicated.DedicatedServer.init(DedicatedServer.java:125) [DedicatedServer.class:?]
	at net.minecraft.server.MinecraftServer.run(MinecraftServer.java:486) [MinecraftServer.class:?]
	at java.lang.Thread.run(Thread.java:750) [?:1.8.0_482]
Caused by: java.lang.IllegalArgumentException
	at org.objectweb.asm.ClassReader.<init>(ClassReader.java:185) ~[asm-debug-all-5.2.jar:5.2]
	at org.objectweb.asm.ClassReader.<init>(ClassReader.java:168) ~[asm-debug-all-5.2.jar:5.2]
	at org.objectweb.asm.ClassReader.<init>(ClassReader.java:439) ~[asm-debug-all-5.2.jar:5.2]
	at net.minecraftforge.fml.common.discovery.asm.ASMModParser.<init>(ASMModParser.java:57) ~[ASMModParser.class:?]
	... 12 more
[15:31:50] [Server thread/INFO] [FML]: Forge Mod Loader has identified 5 mods to load
[15:31:50] [Server thread/TRACE] [FML]: Received a system property request ''
[15:31:50] [Server thread/TRACE] [FML]: System property request managing the state of 0 mods
[15:31:50] [Server thread/DEBUG] [FML]: After merging, found state information for 0 mods
[15:31:50] [Server thread/WARN] [FML]: Missing English translation for FML: assets/fml/lang/en_us.lang
[15:31:50] [Server thread/DEBUG] [FML]: Enabling mod journeymode
[15:31:50] [Server thread/TRACE] [FML]: Verifying mod requirements are satisfied
[15:31:50] [Server thread/TRACE] [FML]: All mod requirements are satisfied
[15:31:50] [Server thread/TRACE] [FML]: Sorting mods into an ordered list
[15:31:50] [Server thread/TRACE] [FML]: Mod sorting completed successfully
[15:31:50] [Server thread/DEBUG] [FML]: Mod sorting data
[15:31:50] [Server thread/DEBUG] [FML]: 	journeymode(Journey Mode:1.6.1): main ()
[15:31:50] [Server thread/DEBUG] [FML]: Loading @Config anotation data
[15:31:50] [Server thread/TRACE] [FML]: Sending event FMLConstructionEvent to mod minecraft
[15:31:50] [Server thread/TRACE] [FML]: Sent event FMLConstructionEvent to mod minecraft
[15:31:50] [Server thread/DEBUG] [FML]: Bar Step: Construction - Minecraft took 0,005s
[15:31:50] [Server thread/TRACE] [FML]: Sending event FMLConstructionEvent to mod mcp
[15:31:50] [Server thread/TRACE] [FML]: Sent event FMLConstructionEvent to mod mcp
[15:31:50] [Server thread/DEBUG] [FML]: Bar Step: Construction - Minecraft Coder Pack took 0,001s
[15:31:50] [Server thread/TRACE] [FML]: Sending event FMLConstructionEvent to mod FML
[15:31:50] [Server thread/TRACE] [FML]: Mod FML is using network checker : Invoking method checkModLists
[15:31:50] [Server thread/TRACE] [FML]: Testing mod FML to verify it accepts its own version in a remote connection
[15:31:50] [Server thread/TRACE] [FML]: The mod FML accepts its own version (8.0.99.99)
[15:31:50] [Server thread/INFO] [FML]: Attempting connection with missing mods [minecraft, mcp, FML, forge, journeymode] at CLIENT
[15:31:50] [Server thread/INFO] [FML]: Attempting connection with missing mods [minecraft, mcp, FML, forge, journeymode] at SERVER
[15:31:51] [Server thread/TRACE] [FML]: Sent event FMLConstructionEvent to mod FML
[15:31:51] [Server thread/DEBUG] [FML]: Bar Step: Construction - Forge Mod Loader took 0,826s
[15:31:51] [Server thread/TRACE] [FML]: Sending event FMLConstructionEvent to mod forge
[15:31:51] [Server thread/DEBUG] [forge]: Loading Vanilla annotations: null
[15:31:51] [Server thread/DEBUG] [forge]: Preloading CrashReport Classes
[15:31:51] [Server thread/DEBUG] [forge]: 	net/minecraft/client/Minecraft$10
[15:31:51] [Server thread/DEBUG] [forge]: 	net/minecraft/client/Minecraft$11
[15:31:51] [Server thread/DEBUG] [forge]: 	net/minecraft/client/Minecraft$12
[15:31:51] [Server thread/DEBUG] [forge]: 	net/minecraft/client/Minecraft$13
[15:31:51] [Server thread/DEBUG] [forge]: 	net/minecraft/client/Minecraft$14
[15:31:51] [Server thread/DEBUG] [forge]: 	net/minecraft/client/Minecraft$2
[15:31:51] [Server thread/DEBUG] [forge]: 	net/minecraft/client/Minecraft$3
[15:31:51] [Server thread/DEBUG] [forge]: 	net/minecraft/client/Minecraft$4
[15:31:51] [Server thread/DEBUG] [forge]: 	net/minecraft/client/Minecraft$5
[15:31:51] [Server thread/DEBUG] [forge]: 	net/minecraft/client/Minecraft$6
[15:31:51] [Server thread/DEBUG] [forge]: 	net/minecraft/client/Minecraft$7
[15:31:51] [Server thread/DEBUG] [forge]: 	net/minecraft/client/Minecraft$8
[15:31:51] [Server thread/DEBUG] [forge]: 	net/minecraft/client/Minecraft$9
[15:31:51] [Server thread/DEBUG] [forge]: 	net/minecraft/client/multiplayer/WorldClient$1
[15:31:51] [Server thread/DEBUG] [forge]: 	net/minecraft/client/multiplayer/WorldClient$2
[15:31:51] [Server thread/DEBUG] [forge]: 	net/minecraft/client/multiplayer/WorldClient$3
[15:31:51] [Server thread/DEBUG] [forge]: 	net/minecraft/client/multiplayer/WorldClient$4
[15:31:51] [Server thread/DEBUG] [forge]: 	net/minecraft/client/particle/ParticleManager$1
[15:31:51] [Server thread/DEBUG] [forge]: 	net/minecraft/client/particle/ParticleManager$2
[15:31:51] [Server thread/DEBUG] [forge]: 	net/minecraft/client/particle/ParticleManager$3
[15:31:51] [Server thread/DEBUG] [forge]: 	net/minecraft/client/particle/ParticleManager$4
[15:31:51] [Server thread/DEBUG] [forge]: 	net/minecraft/client/renderer/EntityRenderer$2
[15:31:51] [Server thread/DEBUG] [forge]: 	net/minecraft/client/renderer/EntityRenderer$3
[15:31:51] [Server thread/DEBUG] [forge]: 	net/minecraft/client/renderer/EntityRenderer$4
[15:31:51] [Server thread/DEBUG] [forge]: 	net/minecraft/client/renderer/RenderGlobal$1
[15:31:51] [Server thread/DEBUG] [forge]: 	net/minecraft/client/renderer/RenderItem$1
[15:31:51] [Server thread/DEBUG] [forge]: 	net/minecraft/client/renderer/RenderItem$2
[15:31:51] [Server thread/DEBUG] [forge]: 	net/minecraft/client/renderer/RenderItem$3
[15:31:51] [Server thread/DEBUG] [forge]: 	net/minecraft/client/renderer/RenderItem$4
[15:31:51] [Server thread/DEBUG] [forge]: 	net/minecraft/client/renderer/texture/TextureAtlasSprite$1
[15:31:51] [Server thread/DEBUG] [forge]: 	net/minecraft/client/renderer/texture/TextureManager$1
[15:31:51] [Server thread/DEBUG] [forge]: 	net/minecraft/client/renderer/texture/TextureMap$1
[15:31:51] [Server thread/DEBUG] [forge]: 	net/minecraft/client/renderer/texture/TextureMap$2
[15:31:51] [Server thread/DEBUG] [forge]: 	net/minecraft/client/renderer/texture/TextureMap$3
[15:31:51] [Server thread/DEBUG] [forge]: 	net/minecraft/crash/CrashReport$1
[15:31:51] [Server thread/DEBUG] [forge]: 	net/minecraft/crash/CrashReport$2
[15:31:51] [Server thread/DEBUG] [forge]: 	net/minecraft/crash/CrashReport$3
[15:31:51] [Server thread/DEBUG] [forge]: 	net/minecraft/crash/CrashReport$4
[15:31:51] [Server thread/DEBUG] [forge]: 	net/minecraft/crash/CrashReport$5
[15:31:51] [Server thread/DEBUG] [forge]: 	net/minecraft/crash/CrashReport$6
[15:31:51] [Server thread/DEBUG] [forge]: 	net/minecraft/crash/CrashReport$7
[15:31:51] [Server thread/DEBUG] [forge]: 	net/minecraft/crash/CrashReportCategory$1
[15:31:51] [Server thread/DEBUG] [forge]: 	net/minecraft/crash/CrashReportCategory$2
[15:31:51] [Server thread/DEBUG] [forge]: 	net/minecraft/crash/CrashReportCategory$3
[15:31:51] [Server thread/DEBUG] [forge]: 	net/minecraft/crash/CrashReportCategory$4
[15:31:51] [Server thread/DEBUG] [forge]: 	net/minecraft/crash/CrashReportCategory$5
[15:31:51] [Server thread/DEBUG] [forge]: 	net/minecraft/entity/Entity$2
[15:31:51] [Server thread/DEBUG] [forge]: 	net/minecraft/entity/Entity$3
[15:31:51] [Server thread/DEBUG] [forge]: 	net/minecraft/entity/Entity$4
[15:31:51] [Server thread/DEBUG] [forge]: 	net/minecraft/entity/Entity$5
[15:31:51] [Server thread/DEBUG] [forge]: 	net/minecraft/entity/EntityTracker$1
[15:31:51] [Server thread/DEBUG] [forge]: 	net/minecraft/entity/player/InventoryPlayer$1
[15:31:51] [Server thread/DEBUG] [forge]: 	net/minecraft/nbt/NBTTagCompound$1
[15:31:51] [Server thread/DEBUG] [forge]: 	net/minecraft/nbt/NBTTagCompound$2
[15:31:51] [Server thread/DEBUG] [forge]: 	net/minecraft/network/NetHandlerPlayServer$3
[15:31:51] [Server thread/DEBUG] [forge]: 	net/minecraft/network/NetworkSystem$6
[15:31:51] [Server thread/DEBUG] [forge]: 	net/minecraft/server/MinecraftServer$2
[15:31:51] [Server thread/DEBUG] [forge]: 	net/minecraft/server/MinecraftServer$3
[15:31:51] [Server thread/DEBUG] [forge]: 	net/minecraft/server/dedicated/DedicatedServer$3
[15:31:51] [Server thread/DEBUG] [forge]: 	net/minecraft/server/dedicated/DedicatedServer$4
[15:31:51] [Server thread/DEBUG] [forge]: 	net/minecraft/server/integrated/IntegratedServer$1
[15:31:51] [Server thread/DEBUG] [forge]: 	net/minecraft/server/integrated/IntegratedServer$2
[15:31:51] [Server thread/DEBUG] [forge]: 	net/minecraft/tileentity/CommandBlockBaseLogic$1
[15:31:51] [Server thread/DEBUG] [forge]: 	net/minecraft/tileentity/CommandBlockBaseLogic$2
[15:31:51] [Server thread/DEBUG] [forge]: 	net/minecraft/tileentity/TileEntity$1
[15:31:51] [Server thread/DEBUG] [forge]: 	net/minecraft/tileentity/TileEntity$2
[15:31:51] [Server thread/DEBUG] [forge]: 	net/minecraft/tileentity/TileEntity$3
[15:31:51] [Server thread/DEBUG] [forge]: 	net/minecraft/world/World$1
[15:31:51] [Server thread/DEBUG] [forge]: 	net/minecraft/world/World$2
[15:31:51] [Server thread/DEBUG] [forge]: 	net/minecraft/world/World$3
[15:31:51] [Server thread/DEBUG] [forge]: 	net/minecraft/world/World$4
[15:31:51] [Server thread/DEBUG] [forge]: 	net/minecraft/world/World$5
[15:31:51] [Server thread/DEBUG] [forge]: 	net/minecraft/world/chunk/Chunk$1
[15:31:51] [Server thread/DEBUG] [forge]: 	net/minecraft/world/gen/structure/MapGenStructure$1
[15:31:51] [Server thread/DEBUG] [forge]: 	net/minecraft/world/gen/structure/MapGenStructure$2
[15:31:51] [Server thread/DEBUG] [forge]: 	net/minecraft/world/gen/structure/MapGenStructure$3
[15:31:51] [Server thread/DEBUG] [forge]: 	net/minecraft/world/storage/WorldInfo$10
[15:31:51] [Server thread/DEBUG] [forge]: 	net/minecraft/world/storage/WorldInfo$2
[15:31:51] [Server thread/DEBUG] [forge]: 	net/minecraft/world/storage/WorldInfo$3
[15:31:51] [Server thread/DEBUG] [forge]: 	net/minecraft/world/storage/WorldInfo$4
[15:31:51] [Server thread/DEBUG] [forge]: 	net/minecraft/world/storage/WorldInfo$5
[15:31:51] [Server thread/DEBUG] [forge]: 	net/minecraft/world/storage/WorldInfo$6
[15:31:51] [Server thread/DEBUG] [forge]: 	net/minecraft/world/storage/WorldInfo$7
[15:31:51] [Server thread/DEBUG] [forge]: 	net/minecraft/world/storage/WorldInfo$8
[15:31:51] [Server thread/DEBUG] [forge]: 	net/minecraft/world/storage/WorldInfo$9
[15:31:51] [Server thread/DEBUG] [forge]: 	net/minecraftforge/common/util/TextTable
[15:31:51] [Server thread/DEBUG] [forge]: 	net/minecraftforge/common/util/TextTable$Alignment
[15:31:51] [Server thread/DEBUG] [forge]: 	net/minecraftforge/common/util/TextTable$Column
[15:31:51] [Server thread/DEBUG] [forge]: 	net/minecraftforge/common/util/TextTable$Row
[15:31:51] [Server thread/DEBUG] [forge]: 	net/minecraftforge/fml/client/SplashProgress$1
[15:31:51] [Server thread/DEBUG] [forge]: 	net/minecraftforge/fml/common/FMLCommonHandler$1
[15:31:51] [Server thread/DEBUG] [forge]: 	net/minecraftforge/fml/common/ICrashCallable
[15:31:51] [Server thread/DEBUG] [forge]: 	net/minecraftforge/fml/common/Loader$1
[15:31:51] [Server thread/TRACE] [FML]: Mod forge is using network checker : No network checking performed
[15:31:51] [Server thread/TRACE] [FML]: Testing mod forge to verify it accepts its own version in a remote connection
[15:31:51] [Server thread/TRACE] [FML]: The mod forge accepts its own version (14.23.5.2859)
[15:31:51] [Server thread/DEBUG] [FML]: Attempting to inject @Config classes into forge for type INSTANCE
[15:31:51] [Server thread/TRACE] [FML]: Sent event FMLConstructionEvent to mod forge
[15:31:51] [Server thread/DEBUG] [FML]: Bar Step: Construction - Minecraft Forge took 0,142s
[15:31:51] [Server thread/TRACE] [FML]: Sending event FMLConstructionEvent to mod journeymode
[15:31:51] [Server thread/TRACE] [FML]: Mod journeymode is using network checker : Accepting version 1.6.1
[15:31:51] [Server thread/TRACE] [FML]: Testing mod journeymode to verify it accepts its own version in a remote connection
[15:31:51] [Server thread/TRACE] [FML]: The mod journeymode accepts its own version (1.6.1)
[15:31:51] [Server thread/DEBUG] [FML]: Attempting to inject @SidedProxy classes into journeymode
[15:31:51] [Server thread/DEBUG] [FML]: Attempting to inject @EventBusSubscriber classes into the eventbus for journeymode
[15:31:51] [Server thread/DEBUG] [FML]: Registering @EventBusSubscriber for me.wizicl.journeymode.init.RegHandler for mod journeymode
[15:31:51] [Server thread/DEBUG] [FML]: Injected @EventBusSubscriber class me.wizicl.journeymode.init.RegHandler
[15:31:51] [Server thread/DEBUG] [FML]: Registering @EventBusSubscriber for me.wizicl.journeymode.config.ConfigMain$EventHandler for mod journeymode
[15:31:51] [Server thread/DEBUG] [FML]: Injected @EventBusSubscriber class me.wizicl.journeymode.config.ConfigMain$EventHandler
[15:31:51] [Server thread/DEBUG] [FML]: Registering @EventBusSubscriber for me.wizicl.journeymode.config.ConfigNBT$RegistryHandler for mod journeymode
[15:31:51] [Server thread/DEBUG] [FML]: Injected @EventBusSubscriber class me.wizicl.journeymode.config.ConfigNBT$RegistryHandler
[15:31:51] [Server thread/DEBUG] [FML]: Registering @EventBusSubscriber for me.wizicl.journeymode.proxy.CommonProxy for mod journeymode
[15:31:51] [Server thread/DEBUG] [FML]: Injected @EventBusSubscriber class me.wizicl.journeymode.proxy.CommonProxy
[15:31:51] [Server thread/DEBUG] [FML]: Attempting to inject @Config classes into journeymode for type INSTANCE
[15:31:51] [Server thread/TRACE] [FML]: Sent event FMLConstructionEvent to mod journeymode
[15:31:51] [Server thread/DEBUG] [FML]: Bar Step: Construction - Journey Mode took 0,123s
[15:31:51] [Server thread/DEBUG] [FML]: Bar Finished: Construction took 1,098s
[15:31:51] [Server thread/DEBUG] [FML]: Mod signature data
[15:31:51] [Server thread/DEBUG] [FML]:  	Valid Signatures:
[15:31:51] [Server thread/DEBUG] [FML]:  	Missing Signatures:
[15:31:51] [Server thread/DEBUG] [FML]: 		minecraft	(Minecraft	1.12.2)	minecraft.jar
[15:31:51] [Server thread/DEBUG] [FML]: 		mcp	(Minecraft Coder Pack	9.42)	minecraft.jar
[15:31:51] [Server thread/DEBUG] [FML]: 		FML	(Forge Mod Loader	8.0.99.99)	forge-1.12.2-14.23.5.2859_mapped_snapshot_20171003-1.12-recomp.jar
[15:31:51] [Server thread/DEBUG] [FML]: 		forge	(Minecraft Forge	14.23.5.2859)	forge-1.12.2-14.23.5.2859_mapped_snapshot_20171003-1.12-recomp.jar
[15:31:51] [Server thread/DEBUG] [FML]: 		journeymode	(Journey Mode	1.6.1)	main
[15:31:51] [Server thread/INFO] [FML]: Processing ObjectHolder annotations
[15:31:51] [Server thread/INFO] [FML]: Found 1168 ObjectHolder annotations
[15:31:51] [Server thread/INFO] [FML]: Identifying ItemStackHolder annotations
[15:31:51] [Server thread/INFO] [FML]: Found 0 ItemStackHolder annotations
[15:31:51] [Server thread/TRACE] [FML]: Sending event FMLPreInitializationEvent to mod minecraft
[15:31:51] [Server thread/TRACE] [FML]: Sent event FMLPreInitializationEvent to mod minecraft
[15:31:51] [Server thread/DEBUG] [FML]: Bar Step: PreInitialization - Minecraft took 0,000s
[15:31:51] [Server thread/TRACE] [FML]: Sending event FMLPreInitializationEvent to mod mcp
[15:31:51] [Server thread/TRACE] [FML]: Sent event FMLPreInitializationEvent to mod mcp
[15:31:51] [Server thread/DEBUG] [FML]: Bar Step: PreInitialization - Minecraft Coder Pack took 0,000s
[15:31:51] [Server thread/TRACE] [FML]: Sending event FMLPreInitializationEvent to mod FML
[15:31:51] [Server thread/TRACE] [FML]: Sent event FMLPreInitializationEvent to mod FML
[15:31:51] [Server thread/DEBUG] [FML]: Bar Step: PreInitialization - Forge Mod Loader took 0,000s
[15:31:51] [Server thread/TRACE] [FML]: Sending event FMLPreInitializationEvent to mod forge
[15:31:51] [Server thread/INFO] [FML]: Configured a dormant chunk cache size of 0
[15:31:51] [Server thread/TRACE] [FML]: Sent event FMLPreInitializationEvent to mod forge
[15:31:51] [Server thread/DEBUG] [FML]: Bar Step: PreInitialization - Minecraft Forge took 0,305s
[15:31:51] [Server thread/TRACE] [FML]: Sending event FMLPreInitializationEvent to mod journeymode
[15:31:51] [Server thread/INFO] [journeymode]: Создаю конфиги...
[15:31:51] [Forge Version Check/INFO] [forge.VersionCheck]: [forge] Starting version check at http://files.minecraftforge.net/maven/net/minecraftforge/forge/promotions_slim.json
[15:31:51] [Server thread/TRACE] [FML]: Sent event FMLPreInitializationEvent to mod journeymode
[15:31:51] [Server thread/DEBUG] [FML]: Bar Step: PreInitialization - Journey Mode took 0,043s
[15:31:51] [Server thread/DEBUG] [FML]: Bar Finished: PreInitialization took 0,349s
[15:31:51] [Server thread/INFO] [FML]: Applying holder lookups
[15:31:51] [Server thread/INFO] [FML]: Holder lookups applied
[15:31:51] [Server thread/INFO] [FML]: Applying holder lookups
[15:31:51] [Server thread/INFO] [FML]: Holder lookups applied
[15:31:51] [Server thread/INFO] [FML]: Applying holder lookups
[15:31:51] [Server thread/INFO] [FML]: Holder lookups applied
[15:31:51] [Server thread/INFO] [FML]: Applying holder lookups
[15:31:51] [Server thread/INFO] [FML]: Holder lookups applied
[15:31:51] [Server thread/INFO] [FML]: Injecting itemstacks
[15:31:51] [Server thread/INFO] [FML]: Itemstack injection complete
[15:31:51] [Server thread/INFO] [net.minecraft.server.dedicated.DedicatedServer]: Loading properties
[15:31:51] [Server thread/INFO] [net.minecraft.server.dedicated.DedicatedServer]: Default game type: SURVIVAL
[15:31:51] [Server thread/INFO] [net.minecraft.server.dedicated.DedicatedServer]: Generating keypair
[15:31:52] [Server thread/INFO] [net.minecraft.server.dedicated.DedicatedServer]: Starting Minecraft server on *:25565
[15:31:52] [Server thread/INFO] [net.minecraft.network.NetworkSystem]: Using default channel type
[15:31:53] [Server thread/WARN] [net.minecraft.server.dedicated.DedicatedServer]: **** SERVER IS RUNNING IN OFFLINE/INSECURE MODE!
[15:31:53] [Server thread/WARN] [net.minecraft.server.dedicated.DedicatedServer]: The server will make no attempt to authenticate usernames. Beware.
[15:31:53] [Server thread/WARN] [net.minecraft.server.dedicated.DedicatedServer]: While this makes the game possible to play without internet access, it also opens up the ability for hackers to connect with any username they choose.
[15:31:53] [Server thread/WARN] [net.minecraft.server.dedicated.DedicatedServer]: To change this, set "online-mode" to "true" in the server.properties file.
[15:31:53] [Server thread/INFO] [FML]: Applying holder lookups
[15:31:53] [Server thread/INFO] [FML]: Holder lookups applied
[15:31:53] [Server thread/TRACE] [FML]: Sending event FMLInitializationEvent to mod minecraft
[15:31:53] [Server thread/TRACE] [FML]: Sent event FMLInitializationEvent to mod minecraft
[15:31:53] [Server thread/DEBUG] [FML]: Bar Step: Initialization - Minecraft took 0,000s
[15:31:53] [Server thread/TRACE] [FML]: Sending event FMLInitializationEvent to mod mcp
[15:31:53] [Server thread/TRACE] [FML]: Sent event FMLInitializationEvent to mod mcp
[15:31:53] [Server thread/DEBUG] [FML]: Bar Step: Initialization - Minecraft Coder Pack took 0,000s
[15:31:53] [Server thread/TRACE] [FML]: Sending event FMLInitializationEvent to mod FML
[15:31:53] [Server thread/TRACE] [FML]: Sent event FMLInitializationEvent to mod FML
[15:31:53] [Server thread/DEBUG] [FML]: Bar Step: Initialization - Forge Mod Loader took 0,000s
[15:31:53] [Server thread/TRACE] [FML]: Sending event FMLInitializationEvent to mod forge
[15:31:53] [Server thread/TRACE] [FML]: Sent event FMLInitializationEvent to mod forge
[15:31:53] [Server thread/DEBUG] [FML]: Bar Step: Initialization - Minecraft Forge took 0,000s
[15:31:53] [Server thread/TRACE] [FML]: Sending event FMLInitializationEvent to mod journeymode
[15:31:53] [Server thread/INFO] [journeymode]: Загружаю рецепты и события...
[15:31:53] [Server thread/TRACE] [FML]: Sent event FMLInitializationEvent to mod journeymode
[15:31:53] [Server thread/DEBUG] [FML]: Bar Step: Initialization - Journey Mode took 0,001s
[15:31:53] [Server thread/DEBUG] [FML]: Bar Finished: Initialization took 0,002s
[15:31:53] [Server thread/TRACE] [FML]: Attempting to deliver 0 IMC messages to mod minecraft
[15:31:53] [Server thread/TRACE] [FML]: Sending event IMCEvent to mod minecraft
[15:31:53] [Server thread/TRACE] [FML]: Sent event IMCEvent to mod minecraft
[15:31:53] [Server thread/DEBUG] [FML]: Bar Step: InterModComms$IMC - Minecraft took 0,007s
[15:31:53] [Server thread/TRACE] [FML]: Attempting to deliver 0 IMC messages to mod mcp
[15:31:53] [Server thread/TRACE] [FML]: Sending event IMCEvent to mod mcp
[15:31:53] [Server thread/TRACE] [FML]: Sent event IMCEvent to mod mcp
[15:31:53] [Server thread/DEBUG] [FML]: Bar Step: InterModComms$IMC - Minecraft Coder Pack took 0,000s
[15:31:53] [Server thread/TRACE] [FML]: Attempting to deliver 0 IMC messages to mod FML
[15:31:53] [Server thread/TRACE] [FML]: Sending event IMCEvent to mod FML
[15:31:53] [Server thread/TRACE] [FML]: Sent event IMCEvent to mod FML
[15:31:53] [Server thread/DEBUG] [FML]: Bar Step: InterModComms$IMC - Forge Mod Loader took 0,000s
[15:31:53] [Server thread/TRACE] [FML]: Attempting to deliver 0 IMC messages to mod forge
[15:31:53] [Server thread/TRACE] [FML]: Sending event IMCEvent to mod forge
[15:31:53] [Server thread/TRACE] [FML]: Sent event IMCEvent to mod forge
[15:31:53] [Server thread/DEBUG] [FML]: Bar Step: InterModComms$IMC - Minecraft Forge took 0,000s
[15:31:53] [Server thread/TRACE] [FML]: Attempting to deliver 0 IMC messages to mod journeymode
[15:31:53] [Server thread/TRACE] [FML]: Sending event IMCEvent to mod journeymode
[15:31:53] [Server thread/TRACE] [FML]: Sent event IMCEvent to mod journeymode
[15:31:53] [Server thread/DEBUG] [FML]: Bar Step: InterModComms$IMC - Journey Mode took 0,000s
[15:31:53] [Server thread/DEBUG] [FML]: Bar Finished: InterModComms$IMC took 0,008s
[15:31:53] [Server thread/INFO] [FML]: Injecting itemstacks
[15:31:53] [Server thread/INFO] [FML]: Itemstack injection complete
[15:31:53] [Server thread/TRACE] [FML]: Sending event FMLPostInitializationEvent to mod minecraft
[15:31:53] [Server thread/TRACE] [FML]: Sent event FMLPostInitializationEvent to mod minecraft
[15:31:53] [Server thread/DEBUG] [FML]: Bar Step: PostInitialization - Minecraft took 0,000s
[15:31:53] [Server thread/TRACE] [FML]: Sending event FMLPostInitializationEvent to mod mcp
[15:31:53] [Server thread/TRACE] [FML]: Sent event FMLPostInitializationEvent to mod mcp
[15:31:53] [Server thread/DEBUG] [FML]: Bar Step: PostInitialization - Minecraft Coder Pack took 0,000s
[15:31:53] [Server thread/TRACE] [FML]: Sending event FMLPostInitializationEvent to mod FML
[15:31:53] [Server thread/TRACE] [FML]: Sent event FMLPostInitializationEvent to mod FML
[15:31:53] [Server thread/DEBUG] [FML]: Bar Step: PostInitialization - Forge Mod Loader took 0,000s
[15:31:53] [Server thread/TRACE] [FML]: Sending event FMLPostInitializationEvent to mod forge
[15:31:53] [Server thread/TRACE] [FML]: Sent event FMLPostInitializationEvent to mod forge
[15:31:53] [Server thread/DEBUG] [FML]: Bar Step: PostInitialization - Minecraft Forge took 0,012s
[15:31:53] [Server thread/TRACE] [FML]: Sending event FMLPostInitializationEvent to mod journeymode
[15:31:53] [Server thread/INFO] [journeymode]: Оформляю совместимость с другими модами
[15:31:53] [Server thread/TRACE] [FML]: Sent event FMLPostInitializationEvent to mod journeymode
[15:31:53] [Server thread/DEBUG] [FML]: Bar Step: PostInitialization - Journey Mode took 0,001s
[15:31:53] [Server thread/DEBUG] [FML]: Bar Finished: PostInitialization took 0,014s
[15:31:53] [Server thread/TRACE] [FML]: Sending event FMLLoadCompleteEvent to mod minecraft
[15:31:53] [Server thread/TRACE] [FML]: Sent event FMLLoadCompleteEvent to mod minecraft
[15:31:53] [Server thread/DEBUG] [FML]: Bar Step: LoadComplete - Minecraft took 0,000s
[15:31:53] [Server thread/TRACE] [FML]: Sending event FMLLoadCompleteEvent to mod mcp
[15:31:53] [Server thread/TRACE] [FML]: Sent event FMLLoadCompleteEvent to mod mcp
[15:31:53] [Server thread/DEBUG] [FML]: Bar Step: LoadComplete - Minecraft Coder Pack took 0,000s
[15:31:53] [Server thread/TRACE] [FML]: Sending event FMLLoadCompleteEvent to mod FML
[15:31:53] [Server thread/TRACE] [FML]: Sent event FMLLoadCompleteEvent to mod FML
[15:31:53] [Server thread/DEBUG] [FML]: Bar Step: LoadComplete - Forge Mod Loader took 0,000s
[15:31:53] [Server thread/TRACE] [FML]: Sending event FMLLoadCompleteEvent to mod forge
[15:31:53] [Server thread/DEBUG] [FML]: Forge RecipeSorter Baking:
[15:31:53] [Server thread/DEBUG] [FML]:   16: RecipeEntry("Before", UNKNOWN, )
[15:31:53] [Server thread/DEBUG] [FML]:   15: RecipeEntry("minecraft:shaped", SHAPED, net.minecraft.item.crafting.ShapedRecipes) Before: minecraft:shapeless
[15:31:53] [Server thread/DEBUG] [FML]:   14: RecipeEntry("forge:shapedore", SHAPED, net.minecraftforge.oredict.ShapedOreRecipe) Before: minecraft:shapeless After: minecraft:shaped
[15:31:53] [Server thread/DEBUG] [FML]:   13: RecipeEntry("minecraft:mapextending", SHAPED, net.minecraft.item.crafting.RecipesMapExtending) Before: minecraft:shapeless After: minecraft:shaped
[15:31:53] [Server thread/DEBUG] [FML]:   12: RecipeEntry("minecraft:shapeless", SHAPELESS, net.minecraft.item.crafting.ShapelessRecipes) After: minecraft:shaped
[15:31:53] [Server thread/DEBUG] [FML]:   11: RecipeEntry("minecraft:repair", SHAPELESS, net.minecraft.item.crafting.RecipeRepairItem) After: minecraft:shapeless
[15:31:53] [Server thread/DEBUG] [FML]:   10: RecipeEntry("minecraft:shield_deco", SHAPELESS, net.minecraft.item.crafting.ShieldRecipes$Decoration) After: minecraft:shapeless
[15:31:53] [Server thread/DEBUG] [FML]:   9: RecipeEntry("minecraft:armordyes", SHAPELESS, net.minecraft.item.crafting.RecipesArmorDyes) After: minecraft:shapeless
[15:31:53] [Server thread/DEBUG] [FML]:   8: RecipeEntry("minecraft:fireworks", SHAPELESS, net.minecraft.item.crafting.RecipeFireworks) After: minecraft:shapeless
[15:31:53] [Server thread/DEBUG] [FML]:   7: RecipeEntry("minecraft:pattern_dupe", SHAPELESS, net.minecraft.item.crafting.RecipesBanners$RecipeDuplicatePattern) After: minecraft:shapeless
[15:31:53] [Server thread/DEBUG] [FML]:   6: RecipeEntry("minecraft:tippedarrow", SHAPELESS, net.minecraft.item.crafting.RecipeTippedArrow) After: minecraft:shapeless
[15:31:53] [Server thread/DEBUG] [FML]:   5: RecipeEntry("minecraft:mapcloning", SHAPELESS, net.minecraft.item.crafting.RecipesMapCloning) After: minecraft:shapeless
[15:31:53] [Server thread/DEBUG] [FML]:   4: RecipeEntry("forge:shapelessore", SHAPELESS, net.minecraftforge.oredict.ShapelessOreRecipe) After: minecraft:shapeless
[15:31:53] [Server thread/DEBUG] [FML]:   3: RecipeEntry("minecraft:pattern_add", SHAPELESS, net.minecraft.item.crafting.RecipesBanners$RecipeAddPattern) After: minecraft:shapeless
[15:31:53] [Server thread/DEBUG] [FML]:   2: RecipeEntry("minecraft:bookcloning", SHAPELESS, net.minecraft.item.crafting.RecipeBookCloning) After: minecraft:shapeless
[15:31:53] [Server thread/DEBUG] [FML]:   1: RecipeEntry("After", UNKNOWN, )
[15:31:53] [Server thread/DEBUG] [FML]: Sorting recipes
[15:31:53] [Server thread/TRACE] [FML]: Sent event FMLLoadCompleteEvent to mod forge
[15:31:53] [Server thread/DEBUG] [FML]: Bar Step: LoadComplete - Minecraft Forge took 0,010s
[15:31:53] [Server thread/TRACE] [FML]: Sending event FMLLoadCompleteEvent to mod journeymode
[15:31:53] [Server thread/TRACE] [FML]: Sent event FMLLoadCompleteEvent to mod journeymode
[15:31:53] [Server thread/DEBUG] [FML]: Bar Step: LoadComplete - Journey Mode took 0,000s
[15:31:53] [Server thread/DEBUG] [FML]: Bar Finished: LoadComplete took 0,012s
[15:31:53] [Server thread/DEBUG] [FML]: Freezing registries
[15:31:53] [Server thread/TRACE] [FML]: Sending event FMLModIdMappingEvent to mod minecraft
[15:31:53] [Server thread/TRACE] [FML]: Sent event FMLModIdMappingEvent to mod minecraft
[15:31:53] [Server thread/DEBUG] [FML]: Bar Step: ModIdMapping - Minecraft took 0,000s
[15:31:53] [Server thread/TRACE] [FML]: Sending event FMLModIdMappingEvent to mod mcp
[15:31:53] [Server thread/TRACE] [FML]: Sent event FMLModIdMappingEvent to mod mcp
[15:31:53] [Server thread/DEBUG] [FML]: Bar Step: ModIdMapping - Minecraft Coder Pack took 0,000s
[15:31:53] [Server thread/TRACE] [FML]: Sending event FMLModIdMappingEvent to mod FML
[15:31:53] [Server thread/TRACE] [FML]: Sent event FMLModIdMappingEvent to mod FML
[15:31:53] [Server thread/DEBUG] [FML]: Bar Step: ModIdMapping - Forge Mod Loader took 0,000s
[15:31:53] [Server thread/TRACE] [FML]: Sending event FMLModIdMappingEvent to mod forge
[15:31:53] [Server thread/TRACE] [FML]: Sent event FMLModIdMappingEvent to mod forge
[15:31:53] [Server thread/DEBUG] [FML]: Bar Step: ModIdMapping - Minecraft Forge took 0,034s
[15:31:53] [Server thread/TRACE] [FML]: Sending event FMLModIdMappingEvent to mod journeymode
[15:31:53] [Server thread/TRACE] [FML]: Sent event FMLModIdMappingEvent to mod journeymode
[15:31:53] [Server thread/DEBUG] [FML]: Bar Step: ModIdMapping - Journey Mode took 0,000s
[15:31:53] [Server thread/DEBUG] [FML]: Bar Finished: ModIdMapping took 0,035s
[15:31:53] [Server thread/DEBUG] [FML]: All registries frozen
[15:31:53] [Server thread/INFO] [FML]: Forge Mod Loader has successfully loaded 5 mods
[15:31:53] [Server thread/TRACE] [FML]: Sending event FMLServerAboutToStartEvent to mod minecraft
[15:31:53] [Server thread/TRACE] [FML]: Sent event FMLServerAboutToStartEvent to mod minecraft
[15:31:53] [Server thread/DEBUG] [FML]: Bar Step: ServerAboutToStart - Minecraft took 0,000s
[15:31:53] [Server thread/TRACE] [FML]: Sending event FMLServerAboutToStartEvent to mod mcp
[15:31:53] [Server thread/TRACE] [FML]: Sent event FMLServerAboutToStartEvent to mod mcp
[15:31:53] [Server thread/DEBUG] [FML]: Bar Step: ServerAboutToStart - Minecraft Coder Pack took 0,000s
[15:31:53] [Server thread/TRACE] [FML]: Sending event FMLServerAboutToStartEvent to mod FML
[15:31:53] [Server thread/TRACE] [FML]: Sent event FMLServerAboutToStartEvent to mod FML
[15:31:53] [Server thread/DEBUG] [FML]: Bar Step: ServerAboutToStart - Forge Mod Loader took 0,000s
[15:31:53] [Server thread/TRACE] [FML]: Sending event FMLServerAboutToStartEvent to mod forge
[15:31:53] [Server thread/TRACE] [FML]: Sent event FMLServerAboutToStartEvent to mod forge
[15:31:53] [Server thread/DEBUG] [FML]: Bar Step: ServerAboutToStart - Minecraft Forge took 0,001s
[15:31:53] [Server thread/TRACE] [FML]: Sending event FMLServerAboutToStartEvent to mod journeymode
[15:31:53] [Server thread/TRACE] [FML]: Sent event FMLServerAboutToStartEvent to mod journeymode
[15:31:53] [Server thread/DEBUG] [FML]: Bar Step: ServerAboutToStart - Journey Mode took 0,000s
[15:31:53] [Server thread/DEBUG] [FML]: Bar Finished: ServerAboutToStart took 0,002s
[15:31:53] [Server thread/INFO] [net.minecraft.server.dedicated.DedicatedServer]: Preparing level "world"
[15:31:53] [Server thread/INFO] [FML]: Injecting existing registry data into this server instance
[15:31:53] [Server thread/TRACE] [FML]: Registry Name : minecraft:blocks
[15:31:53] [Server thread/TRACE] [FML]:   Registry: 0 minecraft:air Block{minecraft:air}
[15:31:53] [Server thread/TRACE] [FML]:   Registry: 1 minecraft:stone Block{minecraft:stone}
[15:31:53] [Server thread/TRACE] [FML]:   Registry: 2 minecraft:grass Block{minecraft:grass}
[15:31:53] [Server thread/TRACE] [FML]:   Registry: 3 minecraft:dirt Block{minecraft:dirt}
[15:31:53] [Server thread/TRACE] [FML]:   Registry: 4 minecraft:cobblestone Block{minecraft:cobblestone}
[15:31:53] [Server thread/TRACE] [FML]:   Registry: 5 minecraft:planks Block{minecraft:planks}
[15:31:53] [Server thread/TRACE] [FML]:   Registry: 6 minecraft:sapling Block{minecraft:sapling}
[15:31:53] [Server thread/TRACE] [FML]:   Registry: 7 minecraft:bedrock Block{minecraft:bedrock}
[15:31:53] [Server thread/TRACE] [FML]:   Registry: 8 minecraft:flowing_water Block{minecraft:flowing_water}
[15:31:53] [Server thread/TRACE] [FML]:   Registry: 9 minecraft:water Block{minecraft:water}
[15:31:53] [Server thread/TRACE] [FML]:   Registry: 10 minecraft:flowing_lava Block{minecraft:flowing_lava}
[15:31:53] [Server thread/TRACE] [FML]:   Registry: 11 minecraft:lava Block{minecraft:lava}
[15:31:53] [Server thread/TRACE] [FML]:   Registry: 12 minecraft:sand Block{minecraft:sand}
[15:31:53] [Server thread/TRACE] [FML]:   Registry: 13 minecraft:gravel Block{minecraft:gravel}
[15:31:53] [Server thread/TRACE] [FML]:   Registry: 14 minecraft:gold_ore Block{minecraft:gold_ore}
[15:31:53] [Server thread/TRACE] [FML]:   Registry: 15 minecraft:iron_ore Block{minecraft:iron_ore}
[15:31:53] [Server thread/TRACE] [FML]:   Registry: 16 minecraft:coal_ore Block{minecraft:coal_ore}
[15:31:53] [Server thread/TRACE] [FML]:   Registry: 17 minecraft:log Block{minecraft:log}
[15:31:53] [Server thread/TRACE] [FML]:   Registry: 18 minecraft:leaves Block{minecraft:leaves}
[15:31:53] [Server thread/TRACE] [FML]:   Registry: 19 minecraft:sponge Block{minecraft:sponge}
[15:31:53] [Server thread/TRACE] [FML]:   Registry: 20 minecraft:glass Block{minecraft:glass}
[15:31:53] [Server thread/TRACE] [FML]:   Registry: 21 minecraft:lapis_ore Block{minecraft:lapis_ore}
[15:31:53] [Server thread/TRACE] [FML]:   Registry: 22 minecraft:lapis_block Block{minecraft:lapis_block}
[15:31:53] [Server thread/TRACE] [FML]:   Registry: 23 minecraft:dispenser Block{minecraft:dispenser}
[15:31:53] [Server thread/TRACE] [FML]:   Registry: 24 minecraft:sandstone Block{minecraft:sandstone}
[15:31:53] [Server thread/TRACE] [FML]:   Registry: 25 minecraft:noteblock Block{minecraft:noteblock}
[15:31:53] [Server thread/TRACE] [FML]:   Registry: 26 minecraft:bed Block{minecraft:bed}
[15:31:53] [Server thread/TRACE] [FML]:   Registry: 27 minecraft:golden_rail Block{minecraft:golden_rail}
[15:31:53] [Server thread/TRACE] [FML]:   Registry: 28 minecraft:detector_rail Block{minecraft:detector_rail}
[15:31:53] [Server thread/TRACE] [FML]:   Registry: 29 minecraft:sticky_piston Block{minecraft:sticky_piston}
[15:31:53] [Server thread/TRACE] [FML]:   Registry: 30 minecraft:web Block{minecraft:web}
[15:31:53] [Server thread/TRACE] [FML]:   Registry: 31 minecraft:tallgrass Block{minecraft:tallgrass}
[15:31:53] [Server thread/TRACE] [FML]:   Registry: 32 minecraft:deadbush Block{minecraft:deadbush}
[15:31:53] [Server thread/TRACE] [FML]:   Registry: 33 minecraft:piston Block{minecraft:piston}
[15:31:53] [Server thread/TRACE] [FML]:   Registry: 34 minecraft:piston_head Block{minecraft:piston_head}
[15:31:53] [Server thread/TRACE] [FML]:   Registry: 35 minecraft:wool Block{minecraft:wool}
[15:31:53] [Server thread/TRACE] [FML]:   Registry: 36 minecraft:piston_extension Block{minecraft:piston_extension}
[15:31:53] [Server thread/TRACE] [FML]:   Registry: 37 minecraft:yellow_flower Block{minecraft:yellow_flower}
[15:31:53] [Server thread/TRACE] [FML]:   Registry: 38 minecraft:red_flower Block{minecraft:red_flower}
[15:31:53] [Server thread/TRACE] [FML]:   Registry: 39 minecraft:brown_mushroom Block{minecraft:brown_mushroom}
[15:31:53] [Server thread/TRACE] [FML]:   Registry: 40 minecraft:red_mushroom Block{minecraft:red_mushroom}
[15:31:53] [Server thread/TRACE] [FML]:   Registry: 41 minecraft:gold_block Block{minecraft:gold_block}
[15:31:53] [Server thread/TRACE] [FML]:   Registry: 42 minecraft:iron_block Block{minecraft:iron_block}
[15:31:53] [Server thread/TRACE] [FML]:   Registry: 43 minecraft:double_stone_slab Block{minecraft:double_stone_slab}
[15:31:53] [Server thread/TRACE] [FML]:   Registry: 44 minecraft:stone_slab Block{minecraft:stone_slab}
[15:31:53] [Server thread/TRACE] [FML]:   Registry: 45 minecraft:brick_block Block{minecraft:brick_block}
[15:31:53] [Server thread/TRACE] [FML]:   Registry: 46 minecraft:tnt Block{minecraft:tnt}
[15:31:53] [Server thread/TRACE] [FML]:   Registry: 47 minecraft:bookshelf Block{minecraft:bookshelf}
[15:31:53] [Server thread/TRACE] [FML]:   Registry: 48 minecraft:mossy_cobblestone Block{minecraft:mossy_cobblestone}
[15:31:53] [Server thread/TRACE] [FML]:   Registry: 49 minecraft:obsidian Block{minecraft:obsidian}
[15:31:53] [Server thread/TRACE] [FML]:   Registry: 50 minecraft:torch Block{minecraft:torch}
[15:31:53] [Server thread/TRACE] [FML]:   Registry: 51 minecraft:fire Block{minecraft:fire}
[15:31:53] [Server thread/TRACE] [FML]:   Registry: 52 minecraft:mob_spawner Block{minecraft:mob_spawner}
[15:31:53] [Server thread/TRACE] [FML]:   Registry: 53 minecraft:oak_stairs Block{minecraft:oak_stairs}
[15:31:53] [Server thread/TRACE] [FML]:   Registry: 54 minecraft:chest Block{minecraft:chest}
[15:31:53] [Server thread/TRACE] [FML]:   Registry: 55 minecraft:redstone_wire Block{minecraft:redstone_wire}
[15:31:53] [Server thread/TRACE] [FML]:   Registry: 56 minecraft:diamond_ore Block{minecraft:diamond_ore}
[15:31:53] [Server thread/TRACE] [FML]:   Registry: 57 minecraft:diamond_block Block{minecraft:diamond_block}
[15:31:53] [Server thread/TRACE] [FML]:   Registry: 58 minecraft:crafting_table Block{minecraft:crafting_table}
[15:31:53] [Server thread/TRACE] [FML]:   Registry: 59 minecraft:wheat Block{minecraft:wheat}
[15:31:53] [Server thread/TRACE] [FML]:   Registry: 60 minecraft:farmland Block{minecraft:farmland}
[15:31:53] [Server thread/TRACE] [FML]:   Registry: 61 minecraft:furnace Block{minecraft:furnace}
[15:31:53] [Server thread/TRACE] [FML]:   Registry: 62 minecraft:lit_furnace Block{minecraft:lit_furnace}
[15:31:53] [Server thread/TRACE] [FML]:   Registry: 63 minecraft:standing_sign Block{minecraft:standing_sign}
[15:31:53] [Server thread/TRACE] [FML]:   Registry: 64 minecraft:wooden_door Block{minecraft:wooden_door}
[15:31:53] [Server thread/TRACE] [FML]:   Registry: 65 minecraft:ladder Block{minecraft:ladder}
[15:31:53] [Server thread/TRACE] [FML]:   Registry: 66 minecraft:rail Block{minecraft:rail}
[15:31:53] [Server thread/TRACE] [FML]:   Registry: 67 minecraft:stone_stairs Block{minecraft:stone_stairs}
[15:31:53] [Server thread/TRACE] [FML]:   Registry: 68 minecraft:wall_sign Block{minecraft:wall_sign}
[15:31:53] [Server thread/TRACE] [FML]:   Registry: 69 minecraft:lever Block{minecraft:lever}
[15:31:53] [Server thread/TRACE] [FML]:   Registry: 70 minecraft:stone_pressure_plate Block{minecraft:stone_pressure_plate}
[15:31:53] [Server thread/TRACE] [FML]:   Registry: 71 minecraft:iron_door Block{minecraft:iron_door}
[15:31:53] [Server thread/TRACE] [FML]:   Registry: 72 minecraft:wooden_pressure_plate Block{minecraft:wooden_pressure_plate}
[15:31:53] [Server thread/TRACE] [FML]:   Registry: 73 minecraft:redstone_ore Block{minecraft:redstone_ore}
[15:31:53] [Server thread/TRACE] [FML]:   Registry: 74 minecraft:lit_redstone_ore Block{minecraft:lit_redstone_ore}
[15:31:53] [Server thread/TRACE] [FML]:   Registry: 75 minecraft:unlit_redstone_torch Block{minecraft:unlit_redstone_torch}
[15:31:53] [Server thread/TRACE] [FML]:   Registry: 76 minecraft:redstone_torch Block{minecraft:redstone_torch}
[15:31:53] [Server thread/TRACE] [FML]:   Registry: 77 minecraft:stone_button Block{minecraft:stone_button}
[15:31:53] [Server thread/TRACE] [FML]:   Registry: 78 minecraft:snow_layer Block{minecraft:snow_layer}
[15:31:53] [Server thread/TRACE] [FML]:   Registry: 79 minecraft:ice Block{minecraft:ice}
[15:31:53] [Server thread/TRACE] [FML]:   Registry: 80 minecraft:snow Block{minecraft:snow}
[15:31:53] [Server thread/TRACE] [FML]:   Registry: 81 minecraft:cactus Block{minecraft:cactus}
[15:31:53] [Server thread/TRACE] [FML]:   Registry: 82 minecraft:clay Block{minecraft:clay}
[15:31:53] [Server thread/TRACE] [FML]:   Registry: 83 minecraft:reeds Block{minecraft:reeds}
[15:31:53] [Server thread/TRACE] [FML]:   Registry: 84 minecraft:jukebox Block{minecraft:jukebox}
[15:31:53] [Server thread/TRACE] [FML]:   Registry: 85 minecraft:fence Block{minecraft:fence}
[15:31:53] [Server thread/TRACE] [FML]:   Registry: 86 minecraft:pumpkin Block{minecraft:pumpkin}
[15:31:53] [Server thread/TRACE] [FML]:   Registry: 87 minecraft:netherrack Block{minecraft:netherrack}
[15:31:53] [Server thread/TRACE] [FML]:   Registry: 88 minecraft:soul_sand Block{minecraft:soul_sand}
[15:31:53] [Server thread/TRACE] [FML]:   Registry: 89 minecraft:glowstone Block{minecraft:glowstone}
[15:31:53] [Server thread/TRACE] [FML]:   Registry: 90 minecraft:portal Block{minecraft:portal}
[15:31:53] [Server thread/TRACE] [FML]:   Registry: 91 minecraft:lit_pumpkin Block{minecraft:lit_pumpkin}
[15:31:53] [Server thread/TRACE] [FML]:   Registry: 92 minecraft:cake Block{minecraft:cake}
[15:31:53] [Server thread/TRACE] [FML]:   Registry: 93 minecraft:unpowered_repeater Block{minecraft:unpowered_repeater}
[15:31:53] [Server thread/TRACE] [FML]:   Registry: 94 minecraft:powered_repeater Block{minecraft:powered_repeater}
[15:31:53] [Server thread/TRACE] [FML]:   Registry: 95 minecraft:stained_glass Block{minecraft:stained_glass}
[15:31:53] [Server thread/TRACE] [FML]:   Registry: 96 minecraft:trapdoor Block{minecraft:trapdoor}
[15:31:53] [Server thread/TRACE] [FML]:   Registry: 97 minecraft:monster_egg Block{minecraft:monster_egg}
[15:31:53] [Server thread/TRACE] [FML]:   Registry: 98 minecraft:stonebrick Block{minecraft:stonebrick}
[15:31:53] [Server thread/TRACE] [FML]:   Registry: 99 minecraft:brown_mushroom_block Block{minecraft:brown_mushroom_block}
[15:31:53] [Server thread/TRACE] [FML]:   Registry: 100 minecraft:red_mushroom_block Block{minecraft:red_mushroom_block}
[15:31:53] [Server thread/TRACE] [FML]:   Registry: 101 minecraft:iron_bars Block{minecraft:iron_bars}
[15:31:53] [Server thread/TRACE] [FML]:   Registry: 102 minecraft:glass_pane Block{minecraft:glass_pane}
[15:31:53] [Server thread/TRACE] [FML]:   Registry: 103 minecraft:melon_block Block{minecraft:melon_block}
[15:31:53] [Server thread/TRACE] [FML]:   Registry: 104 minecraft:pumpkin_stem Block{minecraft:pumpkin_stem}
[15:31:53] [Server thread/TRACE] [FML]:   Registry: 105 minecraft:melon_stem Block{minecraft:melon_stem}
[15:31:53] [Server thread/TRACE] [FML]:   Registry: 106 minecraft:vine Block{minecraft:vine}
[15:31:53] [Server thread/TRACE] [FML]:   Registry: 107 minecraft:fence_gate Block{minecraft:fence_gate}
[15:31:53] [Server thread/TRACE] [FML]:   Registry: 108 minecraft:brick_stairs Block{minecraft:brick_stairs}
[15:31:53] [Server thread/TRACE] [FML]:   Registry: 109 minecraft:stone_brick_stairs Block{minecraft:stone_brick_stairs}
[15:31:53] [Server thread/TRACE] [FML]:   Registry: 110 minecraft:mycelium Block{minecraft:mycelium}
[15:31:53] [Server thread/TRACE] [FML]:   Registry: 111 minecraft:waterlily Block{minecraft:waterlily}
[15:31:53] [Server thread/TRACE] [FML]:   Registry: 112 minecraft:nether_brick Block{minecraft:nether_brick}
[15:31:53] [Server thread/TRACE] [FML]:   Registry: 113 minecraft:nether_brick_fence Block{minecraft:nether_brick_fence}
[15:31:53] [Server thread/TRACE] [FML]:   Registry: 114 minecraft:nether_brick_stairs Block{minecraft:nether_brick_stairs}
[15:31:53] [Server thread/TRACE] [FML]:   Registry: 115 minecraft:nether_wart Block{minecraft:nether_wart}
[15:31:53] [Server thread/TRACE] [FML]:   Registry: 116 minecraft:enchanting_table Block{minecraft:enchanting_table}
[15:31:53] [Server thread/TRACE] [FML]:   Registry: 117 minecraft:brewing_stand Block{minecraft:brewing_stand}
[15:31:53] [Server thread/TRACE] [FML]:   Registry: 118 minecraft:cauldron Block{minecraft:cauldron}
[15:31:53] [Server thread/TRACE] [FML]:   Registry: 119 minecraft:end_portal Block{minecraft:end_portal}
[15:31:53] [Server thread/TRACE] [FML]:   Registry: 120 minecraft:end_portal_frame Block{minecraft:end_portal_frame}
[15:31:53] [Server thread/TRACE] [FML]:   Registry: 121 minecraft:end_stone Block{minecraft:end_stone}
[15:31:53] [Server thread/TRACE] [FML]:   Registry: 122 minecraft:dragon_egg Block{minecraft:dragon_egg}
[15:31:53] [Server thread/TRACE] [FML]:   Registry: 123 minecraft:redstone_lamp Block{minecraft:redstone_lamp}
[15:31:53] [Server thread/TRACE] [FML]:   Registry: 124 minecraft:lit_redstone_lamp Block{minecraft:lit_redstone_lamp}
[15:31:53] [Server thread/TRACE] [FML]:   Registry: 125 minecraft:double_wooden_slab Block{minecraft:double_wooden_slab}
[15:31:53] [Server thread/TRACE] [FML]:   Registry: 126 minecraft:wooden_slab Block{minecraft:wooden_slab}
[15:31:53] [Server thread/TRACE] [FML]:   Registry: 127 minecraft:cocoa Block{minecraft:cocoa}
[15:31:53] [Server thread/TRACE] [FML]:   Registry: 128 minecraft:sandstone_stairs Block{minecraft:sandstone_stairs}
[15:31:53] [Server thread/TRACE] [FML]:   Registry: 129 minecraft:emerald_ore Block{minecraft:emerald_ore}
[15:31:53] [Server thread/TRACE] [FML]:   Registry: 130 minecraft:ender_chest Block{minecraft:ender_chest}
[15:31:53] [Server thread/TRACE] [FML]:   Registry: 131 minecraft:tripwire_hook Block{minecraft:tripwire_hook}
[15:31:53] [Server thread/TRACE] [FML]:   Registry: 132 minecraft:tripwire Block{minecraft:tripwire}
[15:31:53] [Server thread/TRACE] [FML]:   Registry: 133 minecraft:emerald_block Block{minecraft:emerald_block}
[15:31:53] [Server thread/TRACE] [FML]:   Registry: 134 minecraft:spruce_stairs Block{minecraft:spruce_stairs}
[15:31:53] [Server thread/TRACE] [FML]:   Registry: 135 minecraft:birch_stairs Block{minecraft:birch_stairs}
[15:31:53] [Server thread/TRACE] [FML]:   Registry: 136 minecraft:jungle_stairs Block{minecraft:jungle_stairs}
[15:31:53] [Server thread/TRACE] [FML]:   Registry: 137 minecraft:command_block Block{minecraft:command_block}
[15:31:53] [Server thread/TRACE] [FML]:   Registry: 138 minecraft:beacon Block{minecraft:beacon}
[15:31:53] [Server thread/TRACE] [FML]:   Registry: 139 minecraft:cobblestone_wall Block{minecraft:cobblestone_wall}
[15:31:53] [Server thread/TRACE] [FML]:   Registry: 140 minecraft:flower_pot Block{minecraft:flower_pot}
[15:31:53] [Server thread/TRACE] [FML]:   Registry: 141 minecraft:carrots Block{minecraft:carrots}
[15:31:53] [Server thread/TRACE] [FML]:   Registry: 142 minecraft:potatoes Block{minecraft:potatoes}
[15:31:53] [Server thread/TRACE] [FML]:   Registry: 143 minecraft:wooden_button Block{minecraft:wooden_button}
[15:31:53] [Server thread/TRACE] [FML]:   Registry: 144 minecraft:skull Block{minecraft:skull}
[15:31:53] [Server thread/TRACE] [FML]:   Registry: 145 minecraft:anvil Block{minecraft:anvil}
[15:31:53] [Server thread/TRACE] [FML]:   Registry: 146 minecraft:trapped_chest Block{minecraft:trapped_chest}
[15:31:53] [Server thread/TRACE] [FML]:   Registry: 147 minecraft:light_weighted_pressure_plate Block{minecraft:light_weighted_pressure_plate}
[15:31:53] [Server thread/TRACE] [FML]:   Registry: 148 minecraft:heavy_weighted_pressure_plate Block{minecraft:heavy_weighted_pressure_plate}
[15:31:53] [Server thread/TRACE] [FML]:   Registry: 149 minecraft:unpowered_comparator Block{minecraft:unpowered_comparator}
[15:31:53] [Server thread/TRACE] [FML]:   Registry: 150 minecraft:powered_comparator Block{minecraft:powered_comparator}
[15:31:53] [Server thread/TRACE] [FML]:   Registry: 151 minecraft:daylight_detector Block{minecraft:daylight_detector}
[15:31:53] [Server thread/TRACE] [FML]:   Registry: 152 minecraft:redstone_block Block{minecraft:redstone_block}
[15:31:53] [Server thread/TRACE] [FML]:   Registry: 153 minecraft:quartz_ore Block{minecraft:quartz_ore}
[15:31:53] [Server thread/TRACE] [FML]:   Registry: 154 minecraft:hopper Block{minecraft:hopper}
[15:31:53] [Server thread/TRACE] [FML]:   Registry: 155 minecraft:quartz_block Block{minecraft:quartz_block}
[15:31:53] [Server thread/TRACE] [FML]:   Registry: 156 minecraft:quartz_stairs Block{minecraft:quartz_stairs}
[15:31:53] [Server thread/TRACE] [FML]:   Registry: 157 minecraft:activator_rail Block{minecraft:activator_rail}
[15:31:53] [Server thread/TRACE] [FML]:   Registry: 158 minecraft:dropper Block{minecraft:dropper}
[15:31:53] [Server thread/TRACE] [FML]:   Registry: 159 minecraft:stained_hardened_clay Block{minecraft:stained_hardened_clay}
[15:31:53] [Server thread/TRACE] [FML]:   Registry: 160 minecraft:stained_glass_pane Block{minecraft:stained_glass_pane}
[15:31:53] [Server thread/TRACE] [FML]:   Registry: 161 minecraft:leaves2 Block{minecraft:leaves2}
[15:31:53] [Server thread/TRACE] [FML]:   Registry: 162 minecraft:log2 Block{minecraft:log2}
[15:31:53] [Server thread/TRACE] [FML]:   Registry: 163 minecraft:acacia_stairs Block{minecraft:acacia_stairs}
[15:31:53] [Server thread/TRACE] [FML]:   Registry: 164 minecraft:dark_oak_stairs Block{minecraft:dark_oak_stairs}
[15:31:53] [Server thread/TRACE] [FML]:   Registry: 165 minecraft:slime Block{minecraft:slime}
[15:31:53] [Server thread/TRACE] [FML]:   Registry: 166 minecraft:barrier Block{minecraft:barrier}
[15:31:53] [Server thread/TRACE] [FML]:   Registry: 167 minecraft:iron_trapdoor Block{minecraft:iron_trapdoor}
[15:31:53] [Server thread/TRACE] [FML]:   Registry: 168 minecraft:prismarine Block{minecraft:prismarine}
[15:31:53] [Server thread/TRACE] [FML]:   Registry: 169 minecraft:sea_lantern Block{minecraft:sea_lantern}
[15:31:53] [Server thread/TRACE] [FML]:   Registry: 170 minecraft:hay_block Block{minecraft:hay_block}
[15:31:53] [Server thread/TRACE] [FML]:   Registry: 171 minecraft:carpet Block{minecraft:carpet}
[15:31:53] [Server thread/TRACE] [FML]:   Registry: 172 minecraft:hardened_clay Block{minecraft:hardened_clay}
[15:31:53] [Server thread/TRACE] [FML]:   Registry: 173 minecraft:coal_block Block{minecraft:coal_block}
[15:31:53] [Server thread/TRACE] [FML]:   Registry: 174 minecraft:packed_ice Block{minecraft:packed_ice}
[15:31:53] [Server thread/TRACE] [FML]:   Registry: 175 minecraft:double_plant Block{minecraft:double_plant}
[15:31:53] [Server thread/TRACE] [FML]:   Registry: 176 minecraft:standing_banner Block{minecraft:standing_banner}
[15:31:53] [Server thread/TRACE] [FML]:   Registry: 177 minecraft:wall_banner Block{minecraft:wall_banner}
[15:31:53] [Server thread/TRACE] [FML]:   Registry: 178 minecraft:daylight_detector_inverted Block{minecraft:daylight_detector_inverted}
[15:31:53] [Server thread/TRACE] [FML]:   Registry: 179 minecraft:red_sandstone Block{minecraft:red_sandstone}
[15:31:53] [Server thread/TRACE] [FML]:   Registry: 180 minecraft:red_sandstone_stairs Block{minecraft:red_sandstone_stairs}
[15:31:53] [Server thread/TRACE] [FML]:   Registry: 181 minecraft:double_stone_slab2 Block{minecraft:double_stone_slab2}
[15:31:53] [Server thread/TRACE] [FML]:   Registry: 182 minecraft:stone_slab2 Block{minecraft:stone_slab2}
[15:31:53] [Server thread/TRACE] [FML]:   Registry: 183 minecraft:spruce_fence_gate Block{minecraft:spruce_fence_gate}
[15:31:53] [Server thread/TRACE] [FML]:   Registry: 184 minecraft:birch_fence_gate Block{minecraft:birch_fence_gate}
[15:31:53] [Server thread/TRACE] [FML]:   Registry: 185 minecraft:jungle_fence_gate Block{minecraft:jungle_fence_gate}
[15:31:53] [Server thread/TRACE] [FML]:   Registry: 186 minecraft:dark_oak_fence_gate Block{minecraft:dark_oak_fence_gate}
[15:31:53] [Server thread/TRACE] [FML]:   Registry: 187 minecraft:acacia_fence_gate Block{minecraft:acacia_fence_gate}
[15:31:53] [Server thread/TRACE] [FML]:   Registry: 188 minecraft:spruce_fence Block{minecraft:spruce_fence}
[15:31:53] [Server thread/TRACE] [FML]:   Registry: 189 minecraft:birch_fence Block{minecraft:birch_fence}
[15:31:53] [Server thread/TRACE] [FML]:   Registry: 190 minecraft:jungle_fence Block{minecraft:jungle_fence}
[15:31:53] [Server thread/TRACE] [FML]:   Registry: 191 minecraft:dark_oak_fence Block{minecraft:dark_oak_fence}
[15:31:53] [Server thread/TRACE] [FML]:   Registry: 192 minecraft:acacia_fence Block{minecraft:acacia_fence}
[15:31:53] [Server thread/TRACE] [FML]:   Registry: 193 minecraft:spruce_door Block{minecraft:spruce_door}
[15:31:53] [Server thread/TRACE] [FML]:   Registry: 194 minecraft:birch_door Block{minecraft:birch_door}
[15:31:53] [Server thread/TRACE] [FML]:   Registry: 195 minecraft:jungle_door Block{minecraft:jungle_door}
[15:31:53] [Server thread/TRACE] [FML]:   Registry: 196 minecraft:acacia_door Block{minecraft:acacia_door}
[15:31:53] [Server thread/TRACE] [FML]:   Registry: 197 minecraft:dark_oak_door Block{minecraft:dark_oak_door}
[15:31:53] [Server thread/TRACE] [FML]:   Registry: 198 minecraft:end_rod Block{minecraft:end_rod}
[15:31:53] [Server thread/TRACE] [FML]:   Registry: 199 minecraft:chorus_plant Block{minecraft:chorus_plant}
[15:31:53] [Server thread/TRACE] [FML]:   Registry: 200 minecraft:chorus_flower Block{minecraft:chorus_flower}
[15:31:53] [Server thread/TRACE] [FML]:   Registry: 201 minecraft:purpur_block Block{minecraft:purpur_block}
[15:31:53] [Server thread/TRACE] [FML]:   Registry: 202 minecraft:purpur_pillar Block{minecraft:purpur_pillar}
[15:31:53] [Server thread/TRACE] [FML]:   Registry: 203 minecraft:purpur_stairs Block{minecraft:purpur_stairs}
[15:31:53] [Server thread/TRACE] [FML]:   Registry: 204 minecraft:purpur_double_slab Block{minecraft:purpur_double_slab}
[15:31:53] [Server thread/TRACE] [FML]:   Registry: 205 minecraft:purpur_slab Block{minecraft:purpur_slab}
[15:31:53] [Server thread/TRACE] [FML]:   Registry: 206 minecraft:end_bricks Block{minecraft:end_bricks}
[15:31:53] [Server thread/TRACE] [FML]:   Registry: 207 minecraft:beetroots Block{minecraft:beetroots}
[15:31:53] [Server thread/TRACE] [FML]:   Registry: 208 minecraft:grass_path Block{minecraft:grass_path}
[15:31:53] [Server thread/TRACE] [FML]:   Registry: 209 minecraft:end_gateway Block{minecraft:end_gateway}
[15:31:53] [Server thread/TRACE] [FML]:   Registry: 210 minecraft:repeating_command_block Block{minecraft:repeating_command_block}
[15:31:53] [Server thread/TRACE] [FML]:   Registry: 211 minecraft:chain_command_block Block{minecraft:chain_command_block}
[15:31:53] [Server thread/TRACE] [FML]:   Registry: 212 minecraft:frosted_ice Block{minecraft:frosted_ice}
[15:31:53] [15:32:04] [Client thread/INFO] [net.minecraft.client.multiplayer.GuiConnecting]: Connecting to localhost, 25565
[15:32:05] [Netty Client IO #1/TRACE] [FML]: Handshake channel activating
[15:32:05] [Netty Client IO #1/DEBUG] [FML]: FMLHandshakeClientState: null->FMLHandshakeClientState$1:START
[15:32:05] [Netty Client IO #1/DEBUG] [FML]:   Next: HELLO
[15:32:05] [Netty Client IO #1/DEBUG] [FML]: Server FML protocol version 2, 4 byte dimension received 0
[15:32:05] [Netty Client IO #1/DEBUG] [FML]: FMLHandshakeClientState: $ServerHello->FMLHandshakeClientState$2:HELLO
[15:32:05] [Netty Client IO #1/DEBUG] [FML]:   Next: WAITINGSERVERDATA
[15:32:05] [Netty Client IO #1/INFO] [FML]: Server protocol version 2
[15:32:05] [Netty Client IO #1/DEBUG] [FML]: Received override dimension 0
[15:32:05] [Netty Client IO #1/DEBUG] [FML]: FMLHandshakeClientState: $ModList:5 mods->FMLHandshakeClientState$3:WAITINGSERVERDATA
[15:32:05] [Netty Client IO #1/DEBUG] [FML]:   Next: WAITINGSERVERCOMPLETE
[15:32:05] [Netty Client IO #1/DEBUG] [FML]: FMLHandshakeClientState: $RegistryData:37 mappings->FMLHandshakeClientState$4:WAITINGSERVERCOMPLETE
[15:32:05] [Netty Client IO #1/DEBUG] [FML]:   Next: WAITINGSERVERCOMPLETE
[15:32:05] [Netty Client IO #1/DEBUG] [FML]: Received Mod Registry mapping for minecraft:potiontypes: 37 IDs 0 overrides 0 dummied
[15:32:05] [Netty Client IO #1/DEBUG] [FML]: FMLHandshakeClientState: $RegistryData:62 mappings->FMLHandshakeClientState$4:WAITINGSERVERCOMPLETE
[15:32:05] [Netty Client IO #1/DEBUG] [FML]:   Next: WAITINGSERVERCOMPLETE
[15:32:05] [Netty Client IO #1/DEBUG] [FML]: Received Mod Registry mapping for minecraft:biomes: 62 IDs 0 overrides 0 dummied
[15:32:05] [Netty Client IO #1/DEBUG] [FML]: FMLHandshakeClientState: $RegistryData:83 mappings->FMLHandshakeClientState$4:WAITINGSERVERCOMPLETE
[15:32:05] [Netty Client IO #1/DEBUG] [FML]:   Next: WAITINGSERVERCOMPLETE
[15:32:05] [Netty Client IO #1/DEBUG] [FML]: Received Mod Registry mapping for minecraft:entities: 83 IDs 0 overrides 0 dummied
[15:32:05] [Netty Client IO #1/DEBUG] [FML]: FMLHandshakeClientState: $RegistryData:27 mappings->FMLHandshakeClientState$4:WAITINGSERVERCOMPLETE
[15:32:05] [Netty Client IO #1/DEBUG] [FML]:   Next: WAITINGSERVERCOMPLETE
[15:32:05] [Netty Client IO #1/DEBUG] [FML]: Received Mod Registry mapping for minecraft:potions: 27 IDs 0 overrides 0 dummied
[15:32:05] [Netty Client IO #1/DEBUG] [FML]: FMLHandshakeClientState: $RegistryData:254 mappings->FMLHandshakeClientState$4:WAITINGSERVERCOMPLETE
[15:32:05] [Netty Client IO #1/DEBUG] [FML]:   Next: WAITINGSERVERCOMPLETE
[15:32:05] [Netty Client IO #1/DEBUG] [FML]: Received Mod Registry mapping for minecraft:blocks: 254 IDs 0 overrides 0 dummied
[15:32:05] [Netty Client IO #1/DEBUG] [FML]: FMLHandshakeClientState: $RegistryData:6 mappings->FMLHandshakeClientState$4:WAITINGSERVERCOMPLETE
[15:32:05] [Netty Client IO #1/DEBUG] [FML]:   Next: WAITINGSERVERCOMPLETE
[15:32:05] [Netty Client IO #1/DEBUG] [FML]: Received Mod Registry mapping for minecraft:villagerprofessions: 6 IDs 0 overrides 0 dummied
[15:32:05] [Netty Client IO #1/DEBUG] [FML]: FMLHandshakeClientState: $RegistryData:0 mappings->FMLHandshakeClientState$4:WAITINGSERVERCOMPLETE
[15:32:05] [Netty Client IO #1/DEBUG] [FML]:   Next: WAITINGSERVERCOMPLETE
[15:32:05] [Netty Client IO #1/DEBUG] [FML]: Received Mod Registry mapping for minecraft:dataserializers: 0 IDs 0 overrides 0 dummied
[15:32:05] [Netty Client IO #1/DEBUG] [FML]: FMLHandshakeClientState: $RegistryData:411 mappings->FMLHandshakeClientState$4:WAITINGSERVERCOMPLETE
[15:32:05] [Netty Client IO #1/DEBUG] [FML]:   Next: WAITINGSERVERCOMPLETE
[15:32:05] [Netty Client IO #1/DEBUG] [FML]: Received Mod Registry mapping for minecraft:items: 411 IDs 0 overrides 0 dummied
[15:32:05] [Netty Client IO #1/DEBUG] [FML]: FMLHandshakeClientState: $RegistryData:443 mappings->FMLHandshakeClientState$4:WAITINGSERVERCOMPLETE
[15:32:05] [Netty Client IO #1/DEBUG] [FML]:   Next: WAITINGSERVERCOMPLETE
[15:32:05] [Netty Client IO #1/DEBUG] [FML]: Received Mod Registry mapping for minecraft:recipes: 443 IDs 0 overrides 0 dummied
[15:32:05] [Netty Client IO #1/DEBUG] [FML]: FMLHandshakeClientState: $RegistryData:30 mappings->FMLHandshakeClientState$4:WAITINGSERVERCOMPLETE
[15:32:05] [Netty Client IO #1/DEBUG] [FML]:   Next: WAITINGSERVERCOMPLETE
[15:32:05] [Netty Client IO #1/DEBUG] [FML]: Received Mod Registry mapping for minecraft:enchantments: 30 IDs 0 overrides 0 dummied
[15:32:05] [Netty Client IO #1/DEBUG] [FML]: FMLHandshakeClientState: $RegistryData:549 mappings->FMLHandshakeClientState$4:WAITINGSERVERCOMPLETE
[15:32:05] [Client thread/INFO] [FML]: Injecting existing registry data into this client instance
[15:32:05] [Client thread/TRACE] [FML]: Registry Name : minecraft:blocks
[15:32:05] [Client thread/TRACE] [FML]:   Registry: 0 minecraft:air Block{minecraft:air}
[15:32:05] [Client thread/TRACE] [FML]:   Registry: 1 minecraft:stone Block{minecraft:stone}
[15:32:05] [Client thread/TRACE] [FML]:   Registry: 2 minecraft:grass Block{minecraft:grass}
[15:32:05] [Client thread/TRACE] [FML]:   Registry: 3 minecraft:dirt Block{minecraft:dirt}
[15:32:05] [Client thread/TRACE] [FML]:   Registry: 4 minecraft:cobblestone Block{minecraft:cobblestone}
[15:32:05] [Client thread/TRACE] [FML]:   Registry: 5 minecraft:planks Block{minecraft:planks}
[15:32:05] [Client thread/TRACE] [FML]:   Registry: 6 minecraft:sapling Block{minecraft:sapling}
[15:32:05] [Client thread/TRACE] [FML]:   Registry: 7 minecraft:bedrock Block{minecraft:bedrock}
[15:32:05] [Client thread/TRACE] [FML]:   Registry: 8 minecraft:flowing_water Block{minecraft:flowing_water}
[15:32:05] [Client thread/TRACE] [FML]:   Registry: 9 minecraft:water Block{minecraft:water}
[15:32:05] [Client thread/TRACE] [FML]:   Registry: 10 minecraft:flowing_lava Block{minecraft:flowing_lava}
[15:32:05] [Client thread/TRACE] [FML]:   Registry: 11 minecraft:lava Block{minecraft:lava}
[15:32:05] [Client thread/TRACE] [FML]:   Registry: 12 minecraft:sand Block{minecraft:sand}
[15:32:05] [Client thread/TRACE] [FML]:   Registry: 13 minecraft:gravel Block{minecraft:gravel}
[15:32:05] [Client thread/TRACE] [FML]:   Registry: 14 minecraft:gold_ore Block{minecraft:gold_ore}
[15:32:05] [Client thread/TRACE] [FML]:   Registry: 15 minecraft:iron_ore Block{minecraft:iron_ore}
[15:32:05] [Client thread/TRACE] [FML]:   Registry: 16 minecraft:coal_ore Block{minecraft:coal_ore}
[15:32:05] [Client thread/TRACE] [FML]:   Registry: 17 minecraft:log Block{minecraft:log}
[15:32:05] [Client thread/TRACE] [FML]:   Registry: 18 minecraft:leaves Block{minecraft:leaves}
[15:32:05] [Client thread/TRACE] [FML]:   Registry: 19 minecraft:sponge Block{minecraft:sponge}
[15:32:05] [Client thread/TRACE] [FML]:   Registry: 20 minecraft:glass Block{minecraft:glass}
[15:32:05] [Client thread/TRACE] [FML]:   Registry: 21 minecraft:lapis_ore Block{minecraft:lapis_ore}
[15:32:05] [Client thread/TRACE] [FML]:   Registry: 22 minecraft:lapis_block Block{minecraft:lapis_block}
[15:32:05] [Client thread/TRACE] [FML]:   Registry: 23 minecraft:dispenser Block{minecraft:dispenser}
[15:32:05] [Client thread/TRACE] [FML]:   Registry: 24 minecraft:sandstone Block{minecraft:sandstone}
[15:32:05] [Client thread/TRACE] [FML]:   Registry: 25 minecraft:noteblock Block{minecraft:noteblock}
[15:32:05] [Client thread/TRACE] [FML]:   Registry: 26 minecraft:bed Block{minecraft:bed}
[15:32:05] [Client thread/TRACE] [FML]:   Registry: 27 minecraft:golden_rail Block{minecraft:golden_rail}
[15:32:05] [Client thread/TRACE] [FML]:   Registry: 28 minecraft:detector_rail Block{minecraft:detector_rail}
[15:32:05] [Client thread/TRACE] [FML]:   Registry: 29 minecraft:sticky_piston Block{minecraft:sticky_piston}
[15:32:05] [Client thread/TRACE] [FML]:   Registry: 30 minecraft:web Block{minecraft:web}
[15:32:05] [Client thread/TRACE] [FML]:   Registry: 31 minecraft:tallgrass Block{minecraft:tallgrass}
[15:32:05] [Client thread/TRACE] [FML]:   Registry: 32 minecraft:deadbush Block{minecraft:deadbush}
[15:32:05] [Client thread/TRACE] [FML]:   Registry: 33 minecraft:piston Block{minecraft:piston}
[15:32:05] [Client thread/TRACE] [FML]:   Registry: 34 minecraft:piston_head Block{minecraft:piston_head}
[15:32:05] [Client thread/TRACE] [FML]:   Registry: 35 minecraft:wool Block{minecraft:wool}
[15:32:05] [Client thread/TRACE] [FML]:   Registry: 36 minecraft:piston_extension Block{minecraft:piston_extension}
[15:32:05] [Client thread/TRACE] [FML]:   Registry: 37 minecraft:yellow_flower Block{minecraft:yellow_flower}
[15:32:05] [Client thread/TRACE] [FML]:   Registry: 38 minecraft:red_flower Block{minecraft:red_flower}
[15:32:05] [Client thread/TRACE] [FML]:   Registry: 39 minecraft:brown_mushroom Block{minecraft:brown_mushroom}
[15:32:05] [Client thread/TRACE] [FML]:   Registry: 40 minecraft:red_mushroom Block{minecraft:red_mushroom}
[15:32:05] [Client thread/TRACE] [FML]:   Registry: 41 minecraft:gold_block Block{minecraft:gold_block}
[15:32:05] [Client thread/TRACE] [FML]:   Registry: 42 minecraft:iron_block Block{minecraft:iron_block}
[15:32:05] [Client thread/TRACE] [FML]:   Registry: 43 minecraft:double_stone_slab Block{minecraft:double_stone_slab}
[15:32:05] [Client thread/TRACE] [FML]:   Registry: 44 minecraft:stone_slab Block{minecraft:stone_slab}
[15:32:05] [Client thread/TRACE] [FML]:   Registry: 45 minecraft:brick_block Block{minecraft:brick_block}
[15:32:05] [Client thread/TRACE] [FML]:   Registry: 46 minecraft:tnt Block{minecraft:tnt}
[15:32:05] [Client thread/TRACE] [FML]:   Registry: 47 minecraft:bookshelf Block{minecraft:bookshelf}
[15:32:05] [Client thread/TRACE] [FML]:   Registry: 48 minecraft:mossy_cobblestone Block{minecraft:mossy_cobblestone}
[15:32:05] [Client thread/TRACE] [FML]:   Registry: 49 minecraft:obsidian Block{minecraft:obsidian}
[15:32:05] [Client thread/TRACE] [FML]:   Registry: 50 minecraft:torch Block{minecraft:torch}
[15:32:05] [Client thread/TRACE] [FML]:   Registry: 51 minecraft:fire Block{minecraft:fire}
[15:32:05] [Client thread/TRACE] [FML]:   Registry: 52 minecraft:mob_spawner Block{minecraft:mob_spawner}
[15:32:05] [Client thread/TRACE] [FML]:   Registry: 53 minecraft:oak_stairs Block{minecraft:oak_stairs}
[15:32:05] [Client thread/TRACE] [FML]:   Registry: 54 minecraft:chest Block{minecraft:chest}
[15:32:05] [Client thread/TRACE] [FML]:   Registry: 55 minecraft:redstone_wire Block{minecraft:redstone_wire}
[15:32:05] [Client thread/TRACE] [FML]:   Registry: 56 minecraft:diamond_ore Block{minecraft:diamond_ore}
[15:32:05] [Client thread/TRACE] [FML]:   Registry: 57 minecraft:diamond_block Block{minecraft:diamond_block}
[15:32:05] [Client thread/TRACE] [FML]:   Registry: 58 minecraft:crafting_table Block{minecraft:crafting_table}
[15:32:05] [Client thread/TRACE] [FML]:   Registry: 59 minecraft:wheat Block{minecraft:wheat}
[15:32:05] [Client thread/TRACE] [FML]:   Registry: 60 minecraft:farmland Block{minecraft:farmland}
[15:32:05] [Client thread/TRACE] [FML]:   Registry: 61 minecraft:furnace Block{minecraft:furnace}
[15:32:05] [Client thread/TRACE] [FML]:   Registry: 62 minecraft:lit_furnace Block{minecraft:lit_furnace}
[15:32:05] [Client thread/TRACE] [FML]:   Registry: 63 minecraft:standing_sign Block{minecraft:standing_sign}
[15:32:05] [Client thread/TRACE] [FML]:   Registry: 64 minecraft:wooden_door Block{minecraft:wooden_door}
[15:32:05] [Client thread/TRACE] [FML]:   Registry: 65 minecraft:ladder Block{minecraft:ladder}
[15:32:05] [Client thread/TRACE] [FML]:   Registry: 66 minecraft:rail Block{minecraft:rail}
[15:32:05] [Client thread/TRACE] [FML]:   Registry: 67 minecraft:stone_stairs Block{minecraft:stone_stairs}
[15:32:05] [Client thread/TRACE] [FML]:   Registry: 68 minecraft:wall_sign Block{minecraft:wall_sign}
[15:32:05] [Client thread/TRACE] [FML]:   Registry: 69 minecraft:lever Block{minecraft:lever}
[15:32:05] [Client thread/TRACE] [FML]:   Registry: 70 minecraft:stone_pressure_plate Block{minecraft:stone_pressure_plate}
[15:32:05] [Client thread/TRACE] [FML]:   Registry: 71 minecraft:iron_door Block{minecraft:iron_door}
[15:32:05] [Client thread/TRACE] [FML]:   Registry: 72 minecraft:wooden_pressure_plate Block{minecraft:wooden_pressure_plate}
[15:32:05] [Client thread/TRACE] [FML]:   Registry: 73 minecraft:redstone_ore Block{minecraft:redstone_ore}
[15:32:05] [Client thread/TRACE] [FML]:   Registry: 74 minecraft:lit_redstone_ore Block{minecraft:lit_redstone_ore}
[15:32:05] [Client thread/TRACE] [FML]:   Registry: 75 minecraft:unlit_redstone_torch Block{minecraft:unlit_redstone_torch}
[15:32:05] [Client thread/TRACE] [FML]:   Registry: 76 minecraft:redstone_torch Block{minecraft:redstone_torch}
[15:32:05] [Client thread/TRACE] [FML]:   Registry: 77 minecraft:stone_button Block{minecraft:stone_button}
[15:32:05] [Client thread/TRACE] [FML]:   Registry: 78 minecraft:snow_layer Block{minecraft:snow_layer}
[15:32:05] [Client thread/TRACE] [FML]:   Registry: 79 minecraft:ice Block{minecraft:ice}
[15:32:05] [Client thread/TRACE] [FML]:   Registry: 80 minecraft:snow Block{minecraft:snow}
[15:32:05] [Client thread/TRACE] [FML]:   Registry: 81 minecraft:cactus Block{minecraft:cactus}
[15:32:05] [Client thread/TRACE] [FML]:   Registry: 82 minecraft:clay Block{minecraft:clay}
[15:32:05] [Client thread/TRACE] [FML]:   Registry: 83 minecraft:reeds Block{minecraft:reeds}
[15:32:05] [Client thread/TRACE] [FML]:   Registry: 84 minecraft:jukebox Block{minecraft:jukebox}
[15:32:05] [Client thread/TRACE] [FML]:   Registry: 85 minecraft:fence Block{minecraft:fence}
[15:32:05] [Client thread/TRACE] [FML]:   Registry: 86 minecraft:pumpkin Block{minecraft:pumpkin}
[15:32:05] [Client thread/TRACE] [FML]:   Registry: 87 minecraft:netherrack Block{minecraft:netherrack}
[15:32:05] [Client thread/TRACE] [FML]:   Registry: 88 minecraft:soul_sand Block{minecraft:soul_sand}
[15:32:05] [Client thread/TRACE] [FML]:   Registry: 89 minecraft:glowstone Block{minecraft:glowstone}
[15:32:05] [Client thread/TRACE] [FML]:   Registry: 90 minecraft:portal Block{minecraft:portal}
[15:32:05] [Client thread/TRACE] [FML]:   Registry: 91 minecraft:lit_pumpkin Block{minecraft:lit_pumpkin}
[15:32:05] [Client thread/TRACE] [FML]:   Registry: 92 minecraft:cake Block{minecraft:cake}
[15:32:05] [Client thread/TRACE] [FML]:   Registry: 93 minecraft:unpowered_repeater Block{minecraft:unpowered_repeater}
[15:32:05] [Client thread/TRACE] [FML]:   Registry: 94 minecraft:powered_repeater Block{minecraft:powered_repeater}
[15:32:05] [Client thread/TRACE] [FML]:   Registry: 95 minecraft:stained_glass Block{minecraft:stained_glass}
[15:32:05] [Client thread/TRACE] [FML]:   Registry: 96 minecraft:trapdoor Block{minecraft:trapdoor}
[15:32:05] [Client thread/TRACE] [FML]:   Registry: 97 minecraft:monster_egg Block{minecraft:monster_egg}
[15:32:05] [Client thread/TRACE] [FML]:   Registry: 98 minecraft:stonebrick Block{minecraft:stonebrick}
[15:32:05] [Client thread/TRACE] [FML]:   Registry: 99 minecraft:brown_mushroom_block Block{minecraft:brown_mushroom_block}
[15:32:05] [Client thread/TRACE] [FML]:   Registry: 100 minecraft:red_mushroom_block Block{minecraft:red_mushroom_block}
[15:32:05] [Client thread/TRACE] [FML]:   Registry: 101 minecraft:iron_bars Block{minecraft:iron_bars}
[15:32:05] [Client thread/TRACE] [FML]:   Registry: 102 minecraft:glass_pane Block{minecraft:glass_pane}
[15:32:05] [Client thread/TRACE] [FML]:   Registry: 103 minecraft:melon_block Block{minecraft:melon_block}
[15:32:05] [Client thread/TRACE] [FML]:   Registry: 104 minecraft:pumpkin_stem Block{minecraft:pumpkin_stem}
[15:32:05] [Client thread/TRACE] [FML]:   Registry: 105 minecraft:melon_stem Block{minecraft:melon_stem}
[15:32:05] [Client thread/TRACE] [FML]:   Registry: 106 minecraft:vine Block{minecraft:vine}
[15:32:05] [Client thread/TRACE] [FML]:   Registry: 107 minecraft:fence_gate Block{minecraft:fence_gate}
[15:32:05] [Client thread/TRACE] [FML]:   Registry: 108 minecraft:brick_stairs Block{minecraft:brick_stairs}
[15:32:05] [Client thread/TRACE] [FML]:   Registry: 109 minecraft:stone_brick_stairs Block{minecraft:stone_brick_stairs}
[15:32:05] [Client thread/TRACE] [FML]:   Registry: 110 minecraft:mycelium Block{minecraft:mycelium}
[15:32:05] [Client thread/TRACE] [FML]:   Registry: 111 minecraft:waterlily Block{minecraft:waterlily}
[15:32:05] [Client thread/TRACE] [FML]:   Registry: 112 minecraft:nether_brick Block{minecraft:nether_brick}
[15:32:05] [Client thread/TRACE] [FML]:   Registry: 113 minecraft:nether_brick_fence Block{minecraft:nether_brick_fence}
[15:32:05] [Client thread/TRACE] [FML]:   Registry: 114 minecraft:nether_brick_stairs Block{minecraft:nether_brick_stairs}
[15:32:05] [Client thread/TRACE] [FML]:   Registry: 115 minecraft:nether_wart Block{minecraft:nether_wart}
[15:32:05] [Client thread/TRACE] [FML]:   Registry: 116 minecraft:enchanting_table Block{minecraft:enchanting_table}
[15:32:05] [Client thread/TRACE] [FML]:   Registry: 117 minecraft:brewing_stand Block{minecraft:brewing_stand}
[15:32:05] [Client thread/TRACE] [FML]:   Registry: 118 minecraft:cauldron Block{minecraft:cauldron}
[15:32:05] [Client thread/TRACE] [FML]:   Registry: 119 minecraft:end_portal Block{minecraft:end_portal}
[15:32:05] [Client thread/TRACE] [FML]:   Registry: 120 minecraft:end_portal_frame Block{minecraft:end_portal_frame}
[15:32:05] [Client thread/TRACE] [FML]:   Registry: 121 minecraft:end_stone Block{minecraft:end_stone}
[15:32:05] [Client thread/TRACE] [FML]:   Registry: 122 minecraft:dragon_egg Block{minecraft:dragon_egg}
[15:32:05] [Client thread/TRACE] [FML]:   Registry: 123 minecraft:redstone_lamp Block{minecraft:redstone_lamp}
[15:32:05] [Client thread/TRACE] [FML]:   Registry: 124 minecraft:lit_redstone_lamp Block{minecraft:lit_redstone_lamp}
[15:32:05] [Client thread/TRACE] [FML]:   Registry: 125 minecraft:double_wooden_slab Block{minecraft:double_wooden_slab}
[15:32:05] [Client thread/TRACE] [FML]:   Registry: 126 minecraft:wooden_slab Block{minecraft:wooden_slab}
[15:32:05] [Client thread/TRACE] [FML]:   Registry: 127 minecraft:cocoa Block{minecraft:cocoa}
[15:32:05] [Client thread/TRACE] [FML]:   Registry: 128 minecraft:sandstone_stairs Block{minecraft:sandstone_stairs}
[15:32:05] [Client thread/TRACE] [FML]:   Registry: 129 minecraft:emerald_ore Block{minecraft:emerald_ore}
[15:32:05] [Client thread/TRACE] [FML]:   Registry: 130 minecraft:ender_chest Block{minecraft:ender_chest}
[15:32:05] [Client thread/TRACE] [FML]:   Registry: 131 minecraft:tripwire_hook Block{minecraft:tripwire_hook}
[15:32:05] [Client thread/TRACE] [FML]:   Registry: 132 minecraft:tripwire Block{minecraft:tripwire}
[15:32:05] [Client thread/TRACE] [FML]:   Registry: 133 minecraft:emerald_block Block{minecraft:emerald_block}
[15:32:05] [Client thread/TRACE] [FML]:   Registry: 134 minecraft:spruce_stairs Block{minecraft:spruce_stairs}
[15:32:05] [Client thread/TRACE] [FML]:   Registry: 135 minecraft:birch_stairs Block{minecraft:birch_stairs}
[15:32:05] [Client thread/TRACE] [FML]:   Registry: 136 minecraft:jungle_stairs Block{minecraft:jungle_stairs}
[15:32:05] [Client thread/TRACE] [FML]:   Registry: 137 minecraft:command_block Block{minecraft:command_block}
[15:32:05] [Client thread/TRACE] [FML]:   Registry: 138 minecraft:beacon Block{minecraft:beacon}
[15:32:05] [Client thread/TRACE] [FML]:   Registry: 139 minecraft:cobblestone_wall Block{minecraft:cobblestone_wall}
[15:32:05] [Client thread/TRACE] [FML]:   Registry: 140 minecraft:flower_pot Block{minecraft:flower_pot}
[15:32:05] [Client thread/TRACE] [FML]:   Registry: 141 minecraft:carrots Block{minecraft:carrots}
[15:32:05] [Client thread/TRACE] [FML]:   Registry: 142 minecraft:potatoes Block{minecraft:potatoes}
[15:32:05] [Client thread/TRACE] [FML]:   Registry: 143 minecraft:wooden_button Block{minecraft:wooden_button}
[15:32:05] [Client thread/TRACE] [FML]:   Registry: 144 minecraft:skull Block{minecraft:skull}
[15:32:05] [Client thread/TRACE] [FML]:   Registry: 145 minecraft:anvil Block{minecraft:anvil}
[15:32:05] [Client thread/TRACE] [FML]:   Registry: 146 minecraft:trapped_chest Block{minecraft:trapped_chest}
[15:32:05] [Client thread/TRACE] [FML]:   Registry: 147 minecraft:light_weighted_pressure_plate Block{minecraft:light_weighted_pressure_plate}
[15:32:05] [Client thread/TRACE] [FML]:   Registry: 148 minecraft:heavy_weighted_pressure_plate Block{minecraft:heavy_weighted_pressure_plate}
[15:32:05] [Client thread/TRACE] [FML]:   Registry: 149 minecraft:unpowered_comparator Block{minecraft:unpowered_comparator}
[15:32:05] [Client thread/TRACE] [FML]:   Registry: 150 minecraft:powered_comparator Block{minecraft:powered_comparator}
[15:32:05] [Client thread/TRACE] [FML]:   Registry: 151 minecraft:daylight_detector Block{minecraft:daylight_detector}
[15:32:05] [Client thread/TRACE] [FML]:   Registry: 152 minecraft:redstone_block Block{minecraft:redstone_block}
[15:32:05] [Client thread/TRACE] [FML]:   Registry: 153 minecraft:quartz_ore Block{minecraft:quartz_ore}
[15:32:05] [Client thread/TRACE] [FML]:   Registry: 154 minecraft:hopper Block{minecraft:hopper}
[15:32:05] [Client thread/TRACE] [FML]:   Registry: 155 minecraft:quartz_block Block{minecraft:quartz_block}
[15:32:05] [Client thread/TRACE] [FML]:   Registry: 156 minecraft:quartz_stairs Block{minecraft:quartz_stairs}
[15:32:05] [Client thread/TRACE] [FML]:   Registry: 157 minecraft:activator_rail Block{minecraft:activator_rail}
[15:32:05] [Client thread/TRACE] [FML]:   Registry: 158 minecraft:dropper Block{minecraft:dropper}
[15:32:05] [Client thread/TRACE] [FML]:   Registry: 159 minecraft:stained_hardened_clay Block{minecraft:stained_hardened_clay}
[15:32:05] [Client thread/TRACE] [FML]:   Registry: 160 minecraft:stained_glass_pane Block{minecraft:stained_glass_pane}
[15:32:05] [Client thread/TRACE] [FML]:   Registry: 161 minecraft:leaves2 Block{minecraft:leaves2}
[15:32:05] [Client thread/TRACE] [FML]:   Registry: 162 minecraft:log2 Block{minecraft:log2}
[15:32:05] [Client thread/TRACE] [FML]:   Registry: 163 minecraft:acacia_stairs Block{minecraft:acacia_stairs}
[15:32:05] [Client thread/TRACE] [FML]:   Registry: 164 minecraft:dark_oak_stairs Block{minecraft:dark_oak_stairs}
[15:32:05] [Client thread/TRACE] [FML]:   Registry: 165 minecraft:slime Block{minecraft:slime}
[15:32:05] [Client thread/TRACE] [FML]:   Registry: 166 minecraft:barrier Block{minecraft:barrier}
[15:32:05] [Client thread/TRACE] [FML]:   Registry: 167 minecraft:iron_trapdoor Block{minecraft:iron_trapdoor}
[15:32:05] [Client thread/TRACE] [FML]:   Registry: 168 minecraft:prismarine Block{minecraft:prismarine}
[15:32:05] [Client thread/TRACE] [FML]:   Registry: 169 minecraft:sea_lantern Block{minecraft:sea_lantern}
[15:32:05] [Client thread/TRACE] [FML]:   Registry: 170 minecraft:hay_block Block{minecraft:hay_block}
[15:32:05] [Client thread/TRACE] [FML]:   Registry: 171 minecraft:carpet Block{minecraft:carpet}
[15:32:05] [Client thread/TRACE] [FML]:   Registry: 172 minecraft:hardened_clay Block{minecraft:hardened_clay}
[15:32:05] [Client thread/TRACE] [FML]:   Registry: 173 minecraft:coal_block Block{minecraft:coal_block}
[15:32:05] [Client thread/TRACE] [FML]:   Registry: 174 minecraft:packed_ice Block{minecraft:packed_ice}
[15:32:05] [Client thread/TRACE] [FML]:   Registry: 175 minecraft:double_plant Block{minecraft:double_plant}
[15:32:05] [Client thread/TRACE] [FML]:   Registry: 176 minecraft:standing_banner Block{minecraft:standing_banner}
[15:32:05] [Client thread/TRACE] [FML]:   Registry: 177 minecraft:wall_banner Block{minecraft:wall_banner}
[15:32:05] [Client thread/TRACE] [FML]:   Registry: 178 minecraft:daylight_detector_inverted Block{minecraft:daylight_detector_inverted}
[15:32:05] [Client thread/TRACE] [FML]:   Registry: 179 minecraft:red_sandstone Block{minecraft:red_sandstone}
[15:32:05] [Client thread/TRACE] [FML]:   Registry: 180 minecraft:red_sandstone_stairs Block{minecraft:red_sandstone_stairs}
[15:32:05] [Client thread/TRACE] [FML]:   Registry: 181 minecraft:double_stone_slab2 Block{minecraft:double_stone_slab2}
[15:32:05] [Client thread/TRACE] [FML]:   Registry: 182 minecraft:stone_slab2 Block{minecraft:stone_slab2}
[15:32:05] [Client thread/TRACE] [FML]:   Registry: 183 minecraft:spruce_fence_gate Block{minecraft:spruce_fence_gate}
[15:32:05] [Client thread/TRACE] [FML]:   Registry: 184 minecraft:birch_fence_gate Block{minecraft:birch_fence_gate}
[15:32:05] [Client thread/TRACE] [FML]:   Registry: 185 minecraft:jungle_fence_gate Block{minecraft:jungle_fence_gate}
[15:32:05] [Client thread/TRACE] [FML]:   Registry: 186 minecraft:dark_oak_fence_gate Block{minecraft:dark_oak_fence_gate}
[15:32:05] [Client thread/TRACE] [FML]:   Registry: 187 minecraft:acacia_fence_gate Block{minecraft:acacia_fence_gate}
[15:32:05] [Client thread/TRACE] [FML]:   Registry: 188 minecraft:spruce_fence Block{minecraft:spruce_fence}
[15:32:05] [Client thread/TRACE] [FML]:   Registry: 189 minecraft:birch_fence Block{minecraft:birch_fence}
[15:32:05] [Client thread/TRACE] [FML]:   Registry: 190 minecraft:jungle_fence Block{minecraft:jungle_fence}
[15:32:05] [Client thread/TRACE] [FML]:   Registry: 191 minecraft:dark_oak_fence Block{minecraft:dark_oak_fence}
[15:32:05] [Client thread/TRACE] [FML]:   Registry: 192 minecraft:acacia_fence Block{minecraft:acacia_fence}
[15:32:05] [Client thread/TRACE] [FML]:   Registry: 193 minecraft:spruce_door Block{minecraft:spruce_door}
[15:32:05] [Client thread/TRACE] [FML]:   Registry: 194 minecraft:birch_door Block{minecraft:birch_door}
[15:32:05] [Client thread/TRACE] [FML]:   Registry: 195 minecraft:jungle_door Block{minecraft:jungle_door}
[15:32:05] [Client thread/TRACE] [FML]:   Registry: 196 minecraft:acacia_door Block{minecraft:acacia_door}
[15:32:05] [Client thread/TRACE] [FML]:   Registry: 197 minecraft:dark_oak_door Block{minecraft:dark_oak_door}
[15:32:05] [Client thread/TRACE] [FML]:   Registry: 198 minecraft:end_rod Block{minecraft:end_rod}
[15:32:05] [Client thread/TRACE] [FML]:   Registry: 199 minecraft:chorus_plant Block{minecraft:chorus_plant}
[15:32:05] [Client thread/TRACE] [FML]:   Registry: 200 minecraft:chorus_flower Block{minecraft:chorus_flower}
[15:32:05] [Client thread/TRACE] [FML]:   Registry: 201 minecraft:purpur_block Block{minecraft:purpur_block}
[15:32:05] [Client thread/TRACE] [FML]:   Registry: 202 minecraft:purpur_pillar Block{minecraft:purpur_pillar}
[15:32:05] [Client thread/TRACE] [FML]:   Registry: 203 minecraft:purpur_stairs Block{minecraft:purpur_stairs}
[15:32:05] [Client thread/TRACE] [FML]:   Registry: 204 minecraft:purpur_double_slab Block{minecraft:purpur_double_slab}
[15:32:05] [Client thread/TRACE] [FML]:   Registry: 205 minecraft:purpur_slab Block{minecraft:purpur_slab}
[15:32:05] [Client thread/TRACE] [FML]:   Registry: 206 minecraft:end_bricks Block{minecraft:end_bricks}
[15:32:05] [Client thread/TRACE] [FML]:   Registry: 207 minecraft:beetroots Block{minecraft:beetroots}
[15:32:05] [Client thread/TRACE] [FML]:   Registry: 208 minecraft:grass_path Block{minecraft:grass_path}
[15:32:05] [Client thread/TRACE] [FML]:   Registry: 209 minecraft:end_gateway Block{minecraft:end_gateway}
[15:32:05] [Client thread/TRACE] [FML]:   Registry: 210 minecraft:repeating_command_block Block{minecraft:repeating_command_block}
[15:32:05] [Client thread/TRACE] [FML]:   Registry: 211 minecraft:chain_command_block Block{minecraft:chain_command_block}
[15:32:05] [Client thread/TRACE] [FML]:   Registry: 212 minecraft:frosted_ice Block{minecraft:frosted_ice}
[15:32:05] [Client thread/TRACE] [FML]:   Registry: 213 minecraft:magma Block{minecraft:magma}
[15:32:05] [Client thread/TRACE] [FML]:   Registry: 214 minecraft:nether_wart_block Block{minecraft:nether_wart_block}
[15:32:05] [Client thread/TRACE] [FML]:   Registry: 215 minecraft:red_nether_brick Block{minecraft:red_nether_brick}
[15:32:05] [Client thread/TRACE] [FML]:   Registry: 216 minecraft:bone_block Block{minecraft:bone_block}
[15:32:05] [Client thread/TRACE] [FML]:   Registry: 217 minecraft:structure_void Block{minecraft:structure_void}
[15:32:05] [Client thread/TRACE] [FML]:   Registry: 218 minecraft:observer Block{minecraft:observer}
[15:32:05] [Client thread/TRACE] [FML]:   Registry: 219 minecraft:white_shulker_box Block{minecraft:white_shulker_box}
[15:32:05] [Client thread/TRACE] [FML]:   Registry: 220 minecraft:orange_shulker_box Block{minecraft:orange_shulker_box}
[15:32:05] [Client thread/TRACE] [FML]:   Registry: 221 minecraft:magenta_shulker_box Block{minecraft:magenta_shulker_box}
[15:32:05] [Client thread/TRACE] [FML]:   Registry: 222 minecraft:light_blue_shulker_box Block{minecraft:light_blue_shulker_box}
[15:32:05] [Client thread/TRACE] [FML]:   Registry: 223 minecraft:yellow_shulker_box Block{minecraft:yellow_shulker_box}
[15:32:05] [Client thread/TRACE] [FML]:   Registry: 224 minecraft:lime_shulker_box Block{minecraft:lime_shulker_box}
[15:32:05] [Client thread/TRACE] [FML]:   Registry: 225 minecraft:pink_shulker_box Block{minecraft:pink_shulker_box}
[15:32:05] [Client thread/TRACE] [FML]:   Registry: 226 minecraft:gray_shulker_box Block{minecraft:gray_shulker_box}
[15:32:05] [Client thread/TRACE] [FML]:   Registry: 227 minecraft:silver_shulker_box Block{minecraft:silver_shulker_box}
[15:32:05] [Client thread/TRACE] [FML]:   Registry: 228 minecraft:cyan_shulker_box Block{minecraft:cyan_shulker_box}
[15:32:05] [Client thread/TRACE] [FML]:   Registry: 229 minecraft:purple_shulker_box Block{minecraft:purple_shulker_box}
[15:32:05] [Client thread/TRACE] [FML]:   Registry: 230 minecraft:blue_shulker_box Block{minecraft:blue_shulker_box}
[15:32:05] [Client thread/TRACE] [FML]:   Registry: 231 minecraft:brown_shulker_box Block{minecraft:brown_shulker_box}
[15:32:05] [Client thread/TRACE] [FML]:   Registry: 232 minecraft:green_shulker_box Block{minecraft:green_shulker_box}
[15:32:05] [Client thread/TRACE] [FML]:   Registry: 233 minecraft:red_shulker_box Block{minecraft:red_shulker_box}
[15:32:05] [Client thread/TRACE] [FML]:   Registry: 234 minecraft:black_shulker_box Block{minecraft:black_shulker_box}
[15:32:05] [Client thread/TRACE] [FML]:   Registry: 235 minecraft:white_glazed_terracotta Block{minecraft:white_glazed_terracotta}
[15:32:05] [Client thread/TRACE] [FML]:   Registry: 236 minecraft:orange_glazed_terracotta Block{minecraft:orange_glazed_terracotta}
[15:32:05] [Client thread/TRACE] [FML]:   Registry: 237 minecraft:magenta_glazed_terracotta Block{minecraft:magenta_glazed_terracotta}
[15:32:05] [Client thread/TRACE] [FML]:   Registry: 238 minecraft:light_blue_glazed_terracotta Block{minecraft:light_blue_glazed_terracotta}
[15:32:05] [Client thread/TRACE] [FML]:   Registry: 239 minecraft:yellow_glazed_terracotta Block{minecraft:yellow_glazed_terracotta}
[15:32:05] [Client thread/TRACE] [FML]:   Registry: 240 minecraft:lime_glazed_terracotta Block{minecraft:lime_glazed_terracotta}
[15:32:05] [Client thread/TRACE] [FML]:   Registry: 241 minecraft:pink_glazed_terracotta Block{minecraft:pink_glazed_terracotta}
[15:32:05] [Client thread/TRACE] [FML]:   Registry: 242 minecraft:gray_glazed_terracotta Block{minecraft:gray_glazed_terracotta}
[15:32:05] [Client thread/TRACE] [FML]:   Registry: 243 minecraft:silver_glazed_terracotta Block{minecraft:silver_glazed_terracotta}
[15:32:05] [Client thread/TRACE] [FML]:   Registry: 244 minecraft:cyan_glazed_terracotta Block{minecraft:cyan_glazed_terracotta}
[15:32:05] [Client thread/TRACE] [FML]:   Registry: 245 minecraft:purple_glazed_terracotta Block{minecraft:purple_glazed_terracotta}
[15:32:05] [Client thread/TRACE] [FML]:   Registry: 246 minecraft:blue_glazed_terracotta Block{minecraft:blue_glazed_terracotta}
[15:32:05] [Client thread/TRACE] [FML]:   Registry: 247 minecraft:brown_glazed_terracotta Block{minecraft:brown_glazed_terracotta}
[15:32:05] [Client thread/TRACE] [FML]:   Registry: 248 minecraft:green_glazed_terracotta Block{minecraft:green_glazed_terracotta}
[15:32:05] [Client thread/TRACE] [FML]:   Registry: 249 minecraft:red_glazed_terracotta Block{minecraft:red_glazed_terracotta}
[15:32:05] [Client thread/TRACE] [FML]:   Registry: 250 minecraft:black_glazed_terracotta Block{minecraft:black_glazed_terracotta}
[15:32:05] [Client thread/TRACE] [FML]:   Registry: 251 minecraft:concrete Block{minecraft:concrete}
[15:32:05] [Client thread/TRACE] [FML]:   Registry: 252 minecraft:concrete_powder Block{minecraft:concrete_powder}
[15:32:05] [Client thread/TRACE] [FML]:   Registry: 255 minecraft:structure_block Block{minecraft:structure_block}
[15:32:05] [Client thread/TRACE] [FML]: Registry Name : minecraft:items
[15:32:05] [Client thread/TRACE] [FML]:   Registry: 0 minecraft:air net.minecraft.item.ItemAir@7ec13984
[15:32:05] [Client thread/TRACE] [FML]:   Registry: 1 minecraft:stone net.minecraft.item.ItemMultiTexture@ae3c140
[15:32:05] [Client thread/TRACE] [FML]:   Registry: 2 minecraft:grass net.minecraft.item.ItemColored@71b0289b
[15:32:05] [Client thread/TRACE] [FML]:   Registry: 3 minecraft:dirt net.minecraft.item.ItemMultiTexture@20027c44
[15:32:05] [Client thread/TRACE] [FML]:   Registry: 4 minecraft:cobblestone net.minecraft.item.ItemBlock@7eae55
[15:32:05] [Client thread/TRACE] [FML]:   Registry: 5 minecraft:planks net.minecraft.item.ItemMultiTexture@785a4557
[15:32:05] [Client thread/TRACE] [FML]:   Registry: 6 minecraft:sapling net.minecraft.item.ItemMultiTexture@6c6379c
[15:32:05] [Client thread/TRACE] [FML]:   Registry: 7 minecraft:bedrock net.minecraft.item.ItemBlock@7df4709e
[15:32:05] [Client thread/TRACE] [FML]:   Registry: 12 minecraft:sand net.minecraft.item.ItemMultiTexture@bb12f41
[15:32:05] [Client thread/TRACE] [FML]:   Registry: 13 minecraft:gravel net.minecraft.item.ItemBlock@708dfe10
[15:32:05] [Client thread/TRACE] [FML]:   Registry: 14 minecraft:gold_ore net.minecraft.item.ItemBlock@18989e0
[15:32:05] [Client thread/TRACE] [FML]:   Registry: 15 minecraft:iron_ore net.minecraft.item.ItemBlock@2a120c88
[15:32:05] [Client thread/TRACE] [FML]:   Registry: 16 minecraft:coal_ore net.minecraft.item.ItemBlock@285bf5ac
[15:32:05] [Client thread/TRACE] [FML]:   Registry: 17 minecraft:log net.minecraft.item.ItemMultiTexture@37ffe4f3
[15:32:05] [Client thread/TRACE] [FML]:   Registry: 18 minecraft:leaves net.minecraft.item.ItemLeaves@13908f9c
[15:32:05] [Client thread/TRACE] [FML]:   Registry: 19 minecraft:sponge net.minecraft.item.ItemMultiTexture@1f26b992
[15:32:05] [Client thread/TRACE] [FML]:   Registry: 20 minecraft:glass net.minecraft.item.ItemBlock@2f60cbf2
[15:32:05] [Client thread/TRACE] [FML]:   Registry: 21 minecraft:lapis_ore net.minecraft.item.ItemBlock@631bc9f4
[15:32:05] [Client thread/TRACE] [FML]:   Registry: 22 minecraft:lapis_block net.minecraft.item.ItemBlock@642c72cf
[15:32:05] [Client thread/TRACE] [FML]:   Registry: 23 minecraft:dispenser net.minecraft.item.ItemBlock@4e6cbdf1
[15:32:05] [Client thread/TRACE] [FML]:   Registry: 24 minecraft:sandstone net.minecraft.item.ItemMultiTexture@7686f701
[15:32:05] [Client thread/TRACE] [FML]:   Registry: 25 minecraft:noteblock net.minecraft.item.ItemBlock@47c96f2c
[15:32:05] [Client thread/TRACE] [FML]:   Registry: 27 minecraft:golden_rail net.minecraft.item.ItemBlock@210a26b
[15:32:05] [Client thread/TRACE] [FML]:   Registry: 28 minecraft:detector_rail net.minecraft.item.ItemBlock@2dc21583
[15:32:05] [Client thread/TRACE] [FML]:   Registry: 29 minecraft:sticky_piston net.minecraft.item.ItemPiston@60816371
[15:32:05] [Client thread/TRACE] [FML]:   Registry: 30 minecraft:web net.minecraft.item.ItemBlock@678586f0
[15:32:05] [Client thread/TRACE] [FML]:   Registry: 31 minecraft:tallgrass net.minecraft.item.ItemColored@5ad6f98e
[15:32:05] [Client thread/TRACE] [FML]:   Registry: 32 minecraft:deadbush net.minecraft.item.ItemBlock@586728e8
[15:32:05] [Client thread/TRACE] [FML]:   Registry: 33 minecraft:piston net.minecraft.item.ItemPiston@3316527e
[15:32:05] [Client thread/TRACE] [FML]:   Registry: 35 minecraft:wool net.minecraft.item.ItemCloth@72324965
[15:32:05] [Client thread/TRACE] [FML]:   Registry: 37 minecraft:yellow_flower net.minecraft.item.ItemMultiTexture@64ec1459
[15:32:05] [Client thread/TRACE] [FML]:   Registry: 38 minecraft:red_flower net.minecraft.item.ItemMultiTexture@63cf578f
[15:32:05] [Client thread/TRACE] [FML]:   Registry: 39 minecraft:brown_mushroom net.minecraft.item.ItemBlock@194b9783
[15:32:05] [Client thread/TRACE] [FML]:   Registry: 40 minecraft:red_mushroom net.minecraft.item.ItemBlock@45297e7
[15:32:05] [Client thread/TRACE] [FML]:   Registry: 41 minecraft:gold_block net.minecraft.item.ItemBlock@4dd1548e
[15:32:05] [Client thread/TRACE] [FML]:   Registry: 42 minecraft:iron_block net.minecraft.item.ItemBlock@54bb1194
[15:32:05] [Client thread/TRACE] [FML]:   Registry: 44 minecraft:stone_slab net.minecraft.item.ItemSlab@10b67f54
[15:32:05] [Client thread/TRACE] [FML]:   Registry: 45 minecraft:brick_block net.minecraft.item.ItemBlock@30798137
[15:32:05] [Client thread/TRACE] [FML]:   Registry: 46 minecraft:tnt net.minecraft.item.ItemBlock@455da438
[15:32:05] [Client thread/TRACE] [FML]:   Registry: 47 minecraft:bookshelf net.minecraft.item.ItemBlock@60652518
[15:32:05] [Client thread/TRACE] [FML]:   Registry: 48 minecraft:mossy_cobblestone net.minecraft.item.ItemBlock@438aaa9f
[15:32:05] [Client thread/TRACE] [FML]:   Registry: 49 minecraft:obsidian net.minecraft.item.ItemBlock@3f06ebe0
[15:32:05] [Client thread/TRACE] [FML]:   Registry: 50 minecraft:torch net.minecraft.item.ItemBlock@1752e45c
[15:32:05] [Client thread/TRACE] [FML]:   Registry: 52 minecraft:mob_spawner net.minecraft.item.ItemBlock@118cbded
[15:32:05] [Client thread/TRACE] [FML]:   Registry: 53 minecraft:oak_stairs net.minecraft.item.ItemBlock@4cc26df
[15:32:05] [Client thread/TRACE] [FML]:   Registry: 54 minecraft:chest net.minecraft.item.ItemBlock@7848321e
[15:32:05] [Client thread/TRACE] [FML]:   Registry: 56 minecraft:diamond_ore net.minecraft.item.ItemBlock@f4f843f
[15:32:05] [Client thread/TRACE] [FML]:   Registry: 57 minecraft:diamond_block net.minecraft.item.ItemBlock@7b5833ee
[15:32:05] [Client thread/TRACE] [FML]:   Registry: 58 minecraft:crafting_table net.minecraft.item.ItemBlock@1e471884
[15:32:05] [Client thread/TRACE] [FML]:   Registry: 60 minecraft:farmland net.minecraft.item.ItemBlock@27261190
[15:32:05] [Client thread/TRACE] [FML]:   Registry: 61 minecraft:furnace net.minecraft.item.ItemBlock@543b0737
[15:32:05] [Client thread/TRACE] [FML]:   Registry: 65 minecraft:ladder net.minecraft.item.ItemBlock@6e46891d
[15:32:05] [Client thread/TRACE] [FML]:   Registry: 66 minecraft:rail net.minecraft.item.ItemBlock@48632f69
[15:32:05] [Client thread/TRACE] [FML]:   Registry: 67 minecraft:stone_stairs net.minecraft.item.ItemBlock@5fde1d64
[15:32:05] [Client thread/TRACE] [FML]:   Registry: 69 minecraft:lever net.minecraft.item.ItemBlock@5350ab17
[15:32:05] [Client thread/TRACE] [FML]:   Registry: 70 minecraft:stone_pressure_plate net.minecraft.item.ItemBlock@984de01
[15:32:05] [Client thread/TRACE] [FML]:   Registry: 72 minecraft:wooden_pressure_plate net.minecraft.item.ItemBlock@58cda03f
[15:32:05] [Client thread/TRACE] [FML]:   Registry: 73 minecraft:redstone_ore net.minecraft.item.ItemBlock@7757a37f
[15:32:05] [Client thread/TRACE] [FML]:   Registry: 76 minecraft:redstone_torch net.minecraft.item.ItemBlock@2109a691
[15:32:05] [Client thread/TRACE] [FML]:   Registry: 77 minecraft:stone_button net.minecraft.item.ItemBlock@e521067
[15:32:05] [Client thread/TRACE] [FML]:   Registry: 78 minecraft:snow_layer net.minecraft.item.ItemSnow@71ad959b
[15:32:05] [Client thread/TRACE] [FML]:   Registry: 79 minecraft:ice net.minecraft.item.ItemBlock@1d7c9811
[15:32:05] [Client thread/TRACE] [FML]:   Registry: 80 minecraft:snow net.minecraft.item.ItemBlock@3b362f1
[15:32:05] [Client thread/TRACE] [FML]:   Registry: 81 minecraft:cactus net.minecraft.item.ItemBlock@6451a288
[15:32:05] [Client thread/TRACE] [FML]:   Registry: 82 minecraft:clay net.minecraft.item.ItemBlock@79cdf2d4
[15:32:05] [Client thread/TRACE] [FML]:   Registry: 84 minecraft:jukebox net.minecraft.item.ItemBlock@8851ec
[15:32:05] [Client thread/TRACE] [FML]:   Registry: 85 minecraft:fence net.minecraft.item.ItemBlock@18b40fe6
[15:32:05] [Client thread/TRACE] [FML]:   Registry: 86 minecraft:pumpkin net.minecraft.item.ItemBlock@636dbfe7
[15:32:05] [Client thread/TRACE] [FML]:   Registry: 87 minecraft:netherrack net.minecraft.item.ItemBlock@42ecc554
[15:32:05] [Client thread/TRACE] [FML]:   Registry: 88 minecraft:soul_sand net.minecraft.item.ItemBlock@443af394
[15:32:05] [Client thread/TRACE] [FML]:   Registry: 89 minecraft:glowstone net.minecraft.item.ItemBlock@734f8317
[15:32:05] [Client thread/TRACE] [FML]:   Registry: 91 minecraft:lit_pumpkin net.minecraft.item.ItemBlock@7dd3981e
[15:32:05] [Client thread/TRACE] [FML]:   Registry: 95 minecraft:stained_glass net.minecraft.item.ItemCloth@3dda8a2e
[15:32:05] [Client thread/TRACE] [FML]:   Registry: 96 minecraft:trapdoor net.minecraft.item.ItemBlock@59313495
[15:32:05] [Client thread/TRACE] [FML]:   Registry: 97 minecraft:monster_egg net.minecraft.item.ItemMultiTexture@74ebd159
[15:32:05] [Client thread/TRACE] [FML]:   Registry: 98 minecraft:stonebrick net.minecraft.item.ItemMultiTexture@4005e485
[15:32:05] [Client thread/TRACE] [FML]:   Registry: 99 minecraft:brown_mushroom_block net.minecraft.item.ItemBlock@5f5c187d
[15:32:05] [Client thread/TRACE] [FML]:   Registry: 100 minecraft:red_mushroom_block net.minecraft.item.ItemBlock@464400b3
[15:32:05] [Client thread/TRACE] [FML]:   Registry: 101 minecraft:iron_bars net.minecraft.item.ItemBlock@58182b96
[15:32:05] [Client thread/TRACE] [FML]:   Registry: 102 minecraft:glass_pane net.minecraft.item.ItemBlock@37d6dddc
[15:32:05] [Client thread/TRACE] [FML]:   Registry: 103 minecraft:melon_block net.minecraft.item.ItemBlock@8f6b4ab
[15:32:05] [Client thread/TRACE] [FML]:   Registry: 106 minecraft:vine net.minecraft.item.ItemColored@6e517c9e
[15:32:05] [Client thread/TRACE] [FML]:   Registry: 107 minecraft:fence_gate net.minecraft.item.ItemBlock@770cae59
[15:32:05] [Client thread/TRACE] [FML]:   Registry: 108 minecraft:brick_stairs net.minecraft.item.ItemBlock@74cd798f
[15:32:05] [Client thread/TRACE] [FML]:   Registry: 109 minecraft:stone_brick_stairs net.minecraft.item.ItemBlock@314f59b
[15:32:05] [Client thread/TRACE] [FML]:   Registry: 110 minecraft:mycelium net.minecraft.item.ItemBlock@63c99f7
[15:32:05] [Client thread/TRACE] [FML]:   Registry: 111 minecraft:waterlily net.minecraft.item.ItemLilyPad@601f264d
[15:32:05] [Client thread/TRACE] [FML]:   Registry: 112 minecraft:nether_brick net.minecraft.item.ItemBlock@4403bff8
[15:32:05] [Client thread/TRACE] [FML]:   Registry: 113 minecraft:nether_brick_fence net.minecraft.item.ItemBlock@261275ae
[15:32:05] [Client thread/TRACE] [FML]:   Registry: 114 minecraft:nether_brick_stairs net.minecraft.item.ItemBlock@502c087e
[15:32:05] [Client thread/TRACE] [FML]:   Registry: 116 minecraft:enchanting_table net.minecraft.item.ItemBlock@49986178
[15:32:05] [Client thread/TRACE] [FML]:   Registry: 120 minecraft:end_portal_frame net.minecraft.item.ItemBlock@10bdfbcc
[15:32:05] [Client thread/TRACE] [FML]:   Registry: 121 minecraft:end_stone net.minecraft.item.ItemBlock@25b74370
[15:32:05] [Client thread/TRACE] [FML]:   Registry: 122 minecraft:dragon_egg net.minecraft.item.ItemBlock@1f71e024
[15:32:05] [Client thread/TRACE] [FML]:   Registry: 123 minecraft:redstone_lamp net.minecraft.item.ItemBlock@60ed0b9d
[15:32:05] [Client thread/TRACE] [FML]:   Registry: 126 minecraft:wooden_slab net.minecraft.item.ItemSlab@7f5e6833
[15:32:05] [Client thread/TRACE] [FML]:   Registry: 128 minecraft:sandstone_stairs net.minecraft.item.ItemBlock@2c674d58
[15:32:05] [Client thread/TRACE] [FML]:   Registry: 129 minecraft:emerald_ore net.minecraft.item.ItemBlock@3c07e830
[15:32:05] [Client thread/TRACE] [FML]:   Registry: 130 minecraft:ender_chest net.minecraft.item.ItemBlock@34beadce
[15:32:05] [Client thread/TRACE] [FML]:   Registry: 131 minecraft:tripwire_hook net.minecraft.item.ItemBlock@382d549a
[15:32:05] [Client thread/TRACE] [FML]:   Registry: 133 minecraft:emerald_block net.minecraft.item.ItemBlock@2eb6d34a
[15:32:05] [Client thread/TRACE] [FML]:   Registry: 134 minecraft:spruce_stairs net.minecraft.item.ItemBlock@2d73e8c4
[15:32:05] [Client thread/TRACE] [FML]:   Registry: 135 minecraft:birch_stairs net.minecraft.item.ItemBlock@6ce2e079
[15:32:05] [Client thread/TRACE] [FML]:   Registry: 136 minecraft:jungle_stairs net.minecraft.item.ItemBlock@3e39e0fb
[15:32:05] [Client thread/TRACE] [FML]:   Registry: 137 minecraft:command_block net.minecraft.item.ItemBlock@260d48f5
[15:32:05] [Client thread/TRACE] [FML]:   Registry: 138 minecraft:beacon net.minecraft.item.ItemBlock@148ab138
[15:32:05] [Client thread/TRACE] [FML]:   Registry: 139 minecraft:cobblestone_wall net.minecraft.item.ItemMultiTexture@131ba005
[15:32:05] [Client thread/TRACE] [FML]:   Registry: 143 minecraft:wooden_button net.minecraft.item.ItemBlock@7f305f34
[15:32:05] [Client thread/TRACE] [FML]:   Registry: 145 minecraft:anvil net.minecraft.item.ItemAnvilBlock@5e158f33
[15:32:05] [Client thread/TRACE] [FML]:   Registry: 146 minecraft:trapped_chest net.minecraft.item.ItemBlock@20fcea37
[15:32:05] [Client thread/TRACE] [FML]:   Registry: 147 minecraft:light_weighted_pressure_plate net.minecraft.item.ItemBlock@399af6dc
[15:32:05] [Client thread/TRACE] [FML]:   Registry: 148 minecraft:heavy_weighted_pressure_plate net.minecraft.item.ItemBlock@48fc0211
[15:32:05] [Client thread/TRACE] [FML]:   Registry: 151 minecraft:daylight_detector net.minecraft.item.ItemBlock@3ae2702a
[15:32:05] [Client thread/TRACE] [FML]:   Registry: 152 minecraft:redstone_block net.minecraft.item.ItemBlock@7d088813
[15:32:05] [Client thread/TRACE] [FML]:   Registry: 153 minecraft:quartz_ore net.minecraft.item.ItemBlock@134abd78
[15:32:05] [Client thread/TRACE] [FML]:   Registry: 154 minecraft:hopper net.minecraft.item.ItemBlock@3b0ed98a
[15:32:05] [Client thread/TRACE] [FML]:   Registry: 155 minecraft:quartz_block net.minecraft.item.ItemMultiTexture@12448de1
[15:32:05] [Client thread/TRACE] [FML]:   Registry: 156 minecraft:quartz_stairs net.minecraft.item.ItemBlock@2b35c7aa
[15:32:05] [Client thread/TRACE] [FML]:   Registry: 157 minecraft:activator_rail net.minecraft.item.ItemBlock@6dd20ec9
[15:32:05] [Client thread/TRACE] [FML]:   Registry: 158 minecraft:dropper net.minecraft.item.ItemBlock@20dd5870
[15:32:05] [Client thread/TRACE] [FML]:   Registry: 159 minecraft:stained_hardened_clay net.minecraft.item.ItemCloth@1640f20f
[15:32:05] [Client thread/TRACE] [FML]:   Registry: 160 minecraft:stained_glass_pane net.minecraft.item.ItemCloth@7c0de229
[15:32:05] [Client thread/TRACE] [FML]:   Registry: 161 minecraft:leaves2 net.minecraft.item.ItemLeaves@329b331f
[15:32:05] [Client thread/TRACE] [FML]:   Registry: 162 minecraft:log2 net.minecraft.item.ItemMultiTexture@5c8b10b4
[15:32:05] [Client thread/TRACE] [FML]:   Registry: 163 minecraft:acacia_stairs net.minecraft.item.ItemBlock@1cc708a7
[15:32:05] [Client thread/TRACE] [FML]:   Registry: 164 minecraft:dark_oak_stairs net.minecraft.item.ItemBlock@995ad50
[15:32:05] [Client thread/TRACE] [FML]:   Registry: 165 minecraft:slime net.minecraft.item.ItemBlock@6249a08d
[15:32:05] [Client thread/TRACE] [FML]:   Registry: 166 minecraft:barrier net.minecraft.item.ItemBlock@134d7ffa
[15:32:05] [Client thread/TRACE] [FML]:   Registry: 167 minecraft:iron_trapdoor net.minecraft.item.ItemBlock@6e948f1c
[15:32:05] [Client thread/TRACE] [FML]:   Registry: 168 minecraft:prismarine net.minecraft.item.ItemMultiTexture@3dbb3fb7
[15:32:05] [Client thread/TRACE] [FML]:   Registry: 169 minecraft:sea_lantern net.minecraft.item.ItemBlock@68a426c3
[15:32:05] [Client thread/TRACE] [FML]:   Registry: 170 minecraft:hay_block net.minecraft.item.ItemBlock@24405466
[15:32:05] [Client thread/TRACE] [FML]:   Registry: 171 minecraft:carpet net.minecraft.item.ItemCloth@35010a6b
[15:32:05] [Client thread/TRACE] [FML]:   Registry: 172 minecraft:hardened_clay net.minecraft.item.ItemBlock@4d4b019e
[15:32:05] [Client thread/TRACE] [FML]:   Registry: 173 minecraft:coal_block net.minecraft.item.ItemBlock@7ed8b44
[15:32:05] [Client thread/TRACE] [FML]:   Registry: 174 minecraft:packed_ice net.minecraft.item.ItemBlock@21280cbb
[15:32:05] [Client thread/TRACE] [FML]:   Registry: 175 minecraft:double_plant net.minecraft.item.ItemMultiTexture@698f4aa
[15:32:05] [Client thread/TRACE] [FML]:   Registry: 179 minecraft:red_sandstone net.minecraft.item.ItemMultiTexture@3f0c6b3c
[15:32:05] [Client thread/TRACE] [FML]:   Registry: 180 minecraft:red_sandstone_stairs net.minecraft.item.ItemBlock@416a4275
[15:32:05] [Client thread/TRACE] [FML]:   Registry: 182 minecraft:stone_slab2 net.minecraft.item.ItemSlab@7bf65e0f
[15:32:05] [Client thread/TRACE] [FML]:   Registry: 183 minecraft:spruce_fence_gate net.minecraft.item.ItemBlock@76b5a559
[15:32:05] [Client thread/TRACE] [FML]:   Registry: 184 minecraft:birch_fence_gate net.minecraft.item.ItemBlock@4bdb04c8
[15:32:05] [Client thread/TRACE] [FML]:   Registry: 185 minecraft:jungle_fence_gate net.minecraft.item.ItemBlock@2e8b24a1
[15:32:05] [Client thread/TRACE] [FML]:   Registry: 186 minecraft:dark_oak_fence_gate net.minecraft.item.ItemBlock@3ce7394f
[15:32:05] [Client thread/TRACE] [FML]:   Registry: 187 minecraft:acacia_fence_gate net.minecraft.item.ItemBlock@6723cce7
[15:32:05] [Client thread/TRACE] [FML]:   Registry: 188 minecraft:spruce_fence net.minecraft.item.ItemBlock@7198ab9a
[15:32:05] [Client thread/TRACE] [FML]:   Registry: 189 minecraft:birch_fence net.minecraft.item.ItemBlock@67d5ac2f
[15:32:05] [Client thread/TRACE] [FML]:   Registry: 190 minecraft:jungle_fence net.minecraft.item.ItemBlock@25109608
[15:32:05] [Client thread/TRACE] [FML]:   Registry: 191 minecraft:dark_oak_fence net.minecraft.item.ItemBlock@1d637673
[15:32:05] [Client thread/TRACE] [FML]:   Registry: 192 minecraft:acacia_fence net.minecraft.item.ItemBlock@2913ca3e
[15:32:05] [Client thread/TRACE] [FML]:   Registry: 198 minecraft:end_rod net.minecraft.item.ItemBlock@5ed65e4b
[15:32:05] [Client thread/TRACE] [FML]:   Registry: 199 minecraft:chorus_plant net.minecraft.item.ItemBlock@481ed95c
[15:32:05] [Client thread/TRACE] [FML]:   Registry: 200 minecraft:chorus_flower net.minecraft.item.ItemBlock@40cf6254
[15:32:05] [Client thread/TRACE] [FML]:   Registry: 201 minecraft:purpur_block net.minecraft.item.ItemBlock@40bf0e15
[15:32:05] [Client thread/TRACE] [FML]:   Registry: 202 minecraft:purpur_pillar net.minecraft.item.ItemBlock@2c77344f
[15:32:05] [Client thread/TRACE] [FML]:   Registry: 203 minecraft:purpur_stairs net.minecraft.item.ItemBlock@121ddca4
[15:32:05] [Client thread/TRACE] [FML]:   Registry: 205 minecraft:purpur_slab net.minecraft.item.ItemSlab@297bd171
[15:32:05] [Client thread/TRACE] [FML]:   Registry: 206 minecraft:end_bricks net.minecraft.item.ItemBlock@15e8c040
[15:32:05] [Client thread/TRACE] [FML]:   Registry: 208 minecraft:grass_path net.minecraft.item.ItemBlock@36525ab
[15:32:05] [Client thread/TRACE] [FML]:   Registry: 210 minecraft:repeating_command_block net.minecraft.item.ItemBlock@33215ffb
[15:32:05] [Client thread/TRACE] [FML]:   Registry: 211 minecraft:chain_command_block net.minecraft.item.ItemBlock@6f289728
[15:32:05] [Client thread/TRACE] [FML]:   Registry: 213 minecraft:magma net.minecraft.item.ItemBlock@7c421952
[15:32:05] [Client thread/TRACE] [FML]:   Registry: 214 minecraft:nether_wart_block net.minecraft.item.ItemBlock@350d26f3
[15:32:05] [Client thread/TRACE] [FML]:   Registry: 215 minecraft:red_nether_brick net.minecraft.item.ItemBlock@c6a692e
[15:32:05] [Client thread/TRACE] [FML]:   Registry: 216 minecraft:bone_block net.minecraft.item.ItemBlock@27502e5c
[15:32:05] [Client thread/TRACE] [FML]:   Registry: 217 minecraft:structure_void net.minecraft.item.ItemBlock@4b343b6d
[15:32:05] [Client thread/TRACE] [FML]:   Registry: 218 minecraft:observer net.minecraft.item.ItemBlock@17d2b646
[15:32:05] [Client thread/TRACE] [FML]:   Registry: 219 minecraft:white_shulker_box net.minecraft.item.ItemShulkerBox@6eaa6b0c
[15:32:05] [Client thread/TRACE] [FML]:   Registry: 220 minecraft:orange_shulker_box net.minecraft.item.ItemShulkerBox@4afcae7
[15:32:05] [Client thread/TRACE] [FML]:   Registry: 221 minecraft:magenta_shulker_box net.minecraft.item.ItemShulkerBox@6cd2cb2
[15:32:05] [Client thread/TRACE] [FML]:   Registry: 222 minecraft:light_blue_shulker_box net.minecraft.item.ItemShulkerBox@3a2bb026
[15:32:05] [Client thread/TRACE] [FML]:   Registry: 223 minecraft:yellow_shulker_box net.minecraft.item.ItemShulkerBox@7645e64
[15:32:05] [Client thread/TRACE] [FML]:   Registry: 224 minecraft:lime_shulker_box net.minecraft.item.ItemShulkerBox@7de6549d
[15:32:05] [Client thread/TRACE] [FML]:   Registry: 225 minecraft:pink_shulker_box net.minecraft.item.ItemShulkerBox@12214f2f
[15:32:05] [Client thread/TRACE] [FML]:   Registry: 226 minecraft:gray_shulker_box net.minecraft.item.ItemShulkerBox@756c67cd
[15:32:05] [Client thread/TRACE] [FML]:   Registry: 227 minecraft:silver_shulker_box net.minecraft.item.ItemShulkerBox@50de907a
[15:32:05] [Client thread/TRACE] [FML]:   Registry: 228 minecraft:cyan_shulker_box net.minecraft.item.ItemShulkerBox@1fd37440
[15:32:05] [Client thread/TRACE] [FML]:   Registry: 229 minecraft:purple_shulker_box net.minecraft.item.ItemShulkerBox@79308a2
[15:32:05] [Client thread/TRACE] [FML]:   Registry: 230 minecraft:blue_shulker_box net.minecraft.item.ItemShulkerBox@11574592
[15:32:05] [Client thread/TRACE] [FML]:   Registry: 231 minecraft:brown_shulker_box net.minecraft.item.ItemShulkerBox@352e5a82
[15:32:05] [Client thread/TRACE] [FML]:   Registry: 232 minecraft:green_shulker_box net.minecraft.item.ItemShulkerBox@315b5913
[15:32:05] [Client thread/TRACE] [FML]:   Registry: 233 minecraft:red_shulker_box net.minecraft.item.ItemShulkerBox@2e929182
[15:32:05] [Client thread/TRACE] [FML]:   Registry: 234 minecraft:black_shulker_box net.minecraft.item.ItemShulkerBox@5423a17
[15:32:05] [Client thread/TRACE] [FML]:   Registry: 235 minecraft:white_glazed_terracotta net.minecraft.item.ItemBlock@42ff9a77
[15:32:05] [Client thread/TRACE] [FML]:   Registry: 236 minecraft:orange_glazed_terracotta net.minecraft.item.ItemBlock@2987d0fa
[15:32:05] [Client thread/TRACE] [FML]:   Registry: 237 minecraft:magenta_glazed_terracotta net.minecraft.item.ItemBlock@13234ac9
[15:32:05] [Client thread/TRACE] [FML]:   Registry: 238 minecraft:light_blue_glazed_terracotta net.minecraft.item.ItemBlock@7254838
[15:32:05] [Client thread/TRACE] [FML]:   Registry: 239 minecraft:yellow_glazed_terracotta net.minecraft.item.ItemBlock@39374689
[15:32:05] [Client thread/TRACE] [FML]:   Registry: 240 minecraft:lime_glazed_terracotta net.minecraft.item.ItemBlock@2e204155
[15:32:05] [Client thread/TRACE] [FML]:   Registry: 241 minecraft:pink_glazed_terracotta net.minecraft.item.ItemBlock@27dc335a
[15:32:05] [Client thread/TRACE] [FML]:   Registry: 242 minecraft:gray_glazed_terracotta net.minecraft.item.ItemBlock@a95cb11
[15:32:05] [Client thread/TRACE] [FML]:   Registry: 243 minecraft:silver_glazed_terracotta net.minecraft.item.ItemBlock@915d7c4
[15:32:05] [Client thread/TRACE] [FML]:   Registry: 244 minecraft:cyan_glazed_terracotta net.minecraft.item.ItemBlock@2513155a
[15:32:05] [Client thread/TRACE] [FML]:   Registry: 245 minecraft:purple_glazed_terracotta net.minecraft.item.ItemBlock@6313b441
[15:32:05] [Client thread/TRACE] [FML]:   Registry: 246 minecraft:blue_glazed_terracotta net.minecraft.item.ItemBlock@47fa3671
[15:32:05] [Client thread/TRACE] [FML]:   Registry: 247 minecraft:brown_glazed_terracotta net.minecraft.item.ItemBlock@60f662bd
[15:32:05] [Client thread/TRACE] [FML]:   Registry: 248 minecraft:green_glazed_terracotta net.minecraft.item.ItemBlock@5df2023c
[15:32:05] [Client thread/TRACE] [FML]:   Registry: 249 minecraft:red_glazed_terracotta net.minecraft.item.ItemBlock@23bd047f
[15:32:05] [Client thread/TRACE] [FML]:   Registry: 250 minecraft:black_glazed_terracotta net.minecraft.item.ItemBlock@3562e7c7
[15:32:05] [Client thread/TRACE] [FML]:   Registry: 251 minecraft:concrete net.minecraft.item.ItemCloth@66d2885c
[15:32:05] [Client thread/TRACE] [FML]:   Registry: 252 minecraft:concrete_powder net.minecraft.item.ItemCloth@2bfc8558
[15:32:05] [Client thread/TRACE] [FML]:   Registry: 255 minecraft:structure_block net.minecraft.item.ItemBlock@6029f2a4
[15:32:05] [Client thread/TRACE] [FML]:   Registry: 256 minecraft:iron_shovel net.minecraft.item.ItemSpade@3f322610
[15:32:05] [Client thread/TRACE] [FML]:   Registry: 257 minecraft:iron_pickaxe net.minecraft.item.ItemPickaxe@6cf047cf
[15:32:05] [Client thread/TRACE] [FML]:   Registry: 258 minecraft:iron_axe net.minecraft.item.ItemAxe@323e026d
[15:32:05] [Client thread/TRACE] [FML]:   Registry: 259 minecraft:flint_and_steel net.minecraft.item.ItemFlintAndSteel@135e49b2
[15:32:05] [Client thread/TRACE] [FML]:   Registry: 260 minecraft:apple net.minecraft.item.ItemFood@1282f784
[15:32:05] [Client thread/TRACE] [FML]:   Registry: 261 minecraft:bow net.minecraft.item.ItemBow@60c98f25
[15:32:05] [Client thread/TRACE] [FML]:   Registry: 262 minecraft:arrow net.minecraft.item.ItemArrow@53f495f0
[15:32:05] [Client thread/TRACE] [FML]:   Registry: 263 minecraft:coal net.minecraft.item.ItemCoal@44a93f8a
[15:32:05] [Client thread/TRACE] [FML]:   Registry: 264 minecraft:diamond net.minecraft.item.Item@26463a6
[15:32:05] [Client thread/TRACE] [FML]:   Registry: 265 minecraft:iron_ingot net.minecraft.item.Item@6c5ae8fd
[15:32:05] [Client thread/TRACE] [FML]:   Registry: 266 minecraft:gold_ingot net.minecraft.item.Item@17354708
[15:32:05] [Client thread/TRACE] [FML]:   Registry: 267 minecraft:iron_sword net.minecraft.item.ItemSword@4cc7e3ad
[15:32:05] [Client thread/TRACE] [FML]:   Registry: 268 minecraft:wooden_sword net.minecraft.item.ItemSword@5dd6a4c8
[15:32:05] [Client thread/TRACE] [FML]:   Registry: 269 minecraft:wooden_shovel net.minecraft.item.ItemSpade@47be41c6
[15:32:05] [Client thread/TRACE] [FML]:   Registry: 270 minecraft:wooden_pickaxe net.minecraft.item.ItemPickaxe@608b35fa
[15:32:05] [Client thread/TRACE] [FML]:   Registry: 271 minecraft:wooden_axe net.minecraft.item.ItemAxe@13a268cd
[15:32:05] [Client thread/TRACE] [FML]:   Registry: 272 minecraft:stone_sword net.minecraft.item.ItemSword@7b3a6e95
[15:32:05] [Client thread/TRACE] [FML]:   Registry: 273 minecraft:stone_shovel net.minecraft.item.ItemSpade@4ebfb045
[15:32:05] [Client thread/TRACE] [FML]:   Registry: 274 minecraft:stone_pickaxe net.minecraft.item.ItemPickaxe@77a2688d
[15:32:05] [Client thread/TRACE] [FML]:   Registry: 275 minecraft:stone_axe net.minecraft.item.ItemAxe@77c692b4
[15:32:05] [Client thread/TRACE] [FML]:   Registry: 276 minecraft:diamond_sword net.minecraft.item.ItemSword@5fa0141f
[15:32:05] [Client thread/TRACE] [FML]:   Registry: 277 minecraft:diamond_shovel net.minecraft.item.ItemSpade@6caeba36
[15:32:05] [Client thread/TRACE] [FML]:   Registry: 278 minecraft:diamond_pickaxe net.minecraft.item.ItemPickaxe@8ac512e
[15:32:05] [Client thread/TRACE] [FML]:   Registry: 279 minecraft:diamond_axe net.minecraft.item.ItemAxe@4bbc21bd
[15:32:05] [Client thread/TRACE] [FML]:   Registry: 280 minecraft:stick net.minecraft.item.Item@14e3d439
[15:32:05] [Client thread/TRACE] [FML]:   Registry: 281 minecraft:bowl net.minecraft.item.Item@d85b399
[15:32:05] [Client thread/TRACE] [FML]:   Registry: 282 minecraft:mushroom_stew net.minecraft.item.ItemSoup@55e91e61
[15:32:05] [Client thread/TRACE] [FML]:   Registry: 283 minecraft:golden_sword net.minecraft.item.ItemSword@166e5a6d
[15:32:05] [Client thread/TRACE] [FML]:   Registry: 284 minecraft:golden_shovel net.minecraft.item.ItemSpade@1d55dd21
[15:32:05] [Client thread/TRACE] [FML]:   Registry: 285 minecraft:golden_pickaxe net.minecraft.item.ItemPickaxe@7d6c4079
[15:32:05] [Client thread/TRACE] [FML]:   Registry: 286 minecraft:golden_axe net.minecraft.item.ItemAxe@606b53a3
[15:32:05] [Client thread/TRACE] [FML]:   Registry: 287 minecraft:string net.minecraft.item.ItemBlockSpecial@a69f9d
[15:32:05] [Client thread/TRACE] [FML]:   Registry: 288 minecraft:feather net.minecraft.item.Item@5a8dcfbb
[15:32:05] [Client thread/TRACE] [FML]:   Registry: 289 minecraft:gunpowder net.minecraft.item.Item@1846ad0f
[15:32:05] [Client thread/TRACE] [FML]:   Registry: 290 minecraft:wooden_hoe net.minecraft.item.ItemHoe@660296d5
[15:32:05] [Client thread/TRACE] [FML]:   Registry: 291 minecraft:stone_hoe net.minecraft.item.ItemHoe@6d3163a6
[15:32:05] [Client thread/TRACE] [FML]:   Registry: 292 minecraft:iron_hoe net.minecraft.item.ItemHoe@75d97e18
[15:32:05] [Client thread/TRACE] [FML]:   Registry: 293 minecraft:diamond_hoe net.minecraft.item.ItemHoe@5fdb7394
[15:32:05] [Client thread/TRACE] [FML]:   Registry: 294 minecraft:golden_hoe net.minecraft.item.ItemHoe@2d9de284
[15:32:05] [Client thread/TRACE] [FML]:   Registry: 295 minecraft:wheat_seeds net.minecraft.item.ItemSeeds@44aed6a4
[15:32:05] [Client thread/TRACE] [FML]:   Registry: 296 minecraft:wheat net.minecraft.item.Item@31ab4859
[15:32:05] [Client thread/TRACE] [FML]:   Registry: 297 minecraft:bread net.minecraft.item.ItemFood@5ca22e19
[15:32:05] [Client thread/TRACE] [FML]:   Registry: 298 minecraft:leather_helmet net.minecraft.item.ItemArmor@31d4b3e8
[15:32:05] [Client thread/TRACE] [FML]:   Registry: 299 minecraft:leather_chestplate net.minecraft.item.ItemArmor@278de2b2
[15:32:05] [Client thread/TRACE] [FML]:   Registry: 300 minecraft:leather_leggings net.minecraft.item.ItemArmor@1fc1c7e
[15:32:05] [Client thread/TRACE] [FML]:   Registry: 301 minecraft:leather_boots net.minecraft.item.ItemArmor@75cacb3e
[15:32:05] [Client thread/TRACE] [FML]:   Registry: 302 minecraft:chainmail_helmet net.minecraft.item.ItemArmor@61957d9c
[15:32:05] [Client thread/TRACE] [FML]:   Registry: 303 minecraft:chainmail_chestplate net.minecraft.item.ItemArmor@29c59b6e
[15:32:05] [Client thread/TRACE] [FML]:   Registry: 304 minecraft:chainmail_leggings net.minecraft.item.ItemArmor@483b7dc4
[15:32:05] [Client thread/TRACE] [FML]:   Registry: 305 minecraft:chainmail_boots net.minecraft.item.ItemArmor@6b8bdcc6
[15:32:05] [Client thread/TRACE] [FML]:   Registry: 306 minecraft:iron_helmet net.minecraft.item.ItemArmor@213835b6
[15:32:05] [Client thread/TRACE] [FML]:   Registry: 307 minecraft:iron_chestplate net.minecraft.item.ItemArmor@24a3d414
[15:32:05] [Client thread/TRACE] [FML]:   Registry: 308 minecraft:iron_leggings net.minecraft.item.ItemArmor@37e55819
[15:32:05] [Client thread/TRACE] [FML]:   Registry: 309 minecraft:iron_boots net.minecraft.item.ItemArmor@2bdcfcf
[15:32:05] [Client thread/TRACE] [FML]:   Registry: 310 minecraft:diamond_helmet net.minecraft.item.ItemArmor@6248cfab
[15:32:05] [Client thread/TRACE] [FML]:   Registry: 311 minecraft:diamond_chestplate net.minecraft.item.ItemArmor@5871a482
[15:32:05] [Client thread/TRACE] [FML]:   Registry: 312 minecraft:diamond_leggings net.minecraft.item.ItemArmor@45c90a05
[15:32:05] [Client thread/TRACE] [FML]:   Registry: 313 minecraft:diamond_boots net.minecraft.item.ItemArmor@296676c4
[15:32:05] [Client thread/TRACE] [FML]:   Registry: 314 minecraft:golden_helmet net.minecraft.item.ItemArmor@df7d1d4
[15:32:05] [Client thread/TRACE] [FML]:   Registry: 315 minecraft:golden_chestplate net.minecraft.item.ItemArmor@58f7215c
[15:32:05] [Client thread/TRACE] [FML]:   Registry: 316 minecraft:golden_leggings net.minecraft.item.ItemArmor@55638165
[15:32:05] [Client thread/TRACE] [FML]:   Registry: 317 minecraft:golden_boots net.minecraft.item.ItemArmor@4fa91d5b
[15:32:05] [Client thread/TRACE] [FML]:   Registry: 318 minecraft:flint net.minecraft.item.Item@7ce30c0b
[15:32:05] [Client thread/TRACE] [FML]:   Registry: 319 minecraft:porkchop net.minecraft.item.ItemFood@1d7f2f0a
[15:32:05] [Client thread/TRACE] [FML]:   Registry: 320 minecraft:cooked_porkchop net.minecraft.item.ItemFood@54defd69
[15:32:05] [Client thread/TRACE] [FML]:   Registry: 321 minecraft:painting net.minecraft.item.ItemHangingEntity@e97f115
[15:32:05] [Client thread/TRACE] [FML]:   Registry: 322 minecraft:golden_apple net.minecraft.item.ItemAppleGold@156324b
[15:32:05] [Client thread/TRACE] [FML]:   Registry: 323 minecraft:sign net.minecraft.item.ItemSign@6fced25c
[15:32:05] [Client thread/TRACE] [FML]:   Registry: 324 minecraft:wooden_door net.minecraft.item.ItemDoor@2a425cf5
[15:32:05] [Client thread/TRACE] [FML]:   Registry: 325 minecraft:bucket net.minecraft.item.ItemBucket@31693a86
[15:32:05] [Client thread/TRACE] [FML]:   Registry: 326 minecraft:water_bucket net.minecraft.item.ItemBucket@69d2e517
[15:32:05] [Client thread/TRACE] [FML]:   Registry: 327 minecraft:lava_bucket net.minecraft.item.ItemBucket@1f9a7684
[15:32:05] [Client thread/TRACE] [FML]:   Registry: 328 minecraft:minecart net.minecraft.item.ItemMinecart@2aac8ad7
[15:32:05] [Client thread/TRACE] [FML]:   Registry: 329 minecraft:saddle net.minecraft.item.ItemSaddle@7e31d53b
[15:32:05] [Client thread/TRACE] [FML]:   Registry: 330 minecraft:iron_door net.minecraft.item.ItemDoor@68d8eb4f
[15:32:05] [Client thread/TRACE] [FML]:   Registry: 331 minecraft:redstone net.minecraft.item.ItemRedstone@105dc04d
[15:32:05] [Client thread/TRACE] [FML]:   Registry: 332 minecraft:snowball net.minecraft.item.ItemSnowball@347123dc
[15:32:05] [Client thread/TRACE] [FML]:   Registry: 333 minecraft:boat net.minecraft.item.ItemBoat@10745a02
[15:32:05] [Client thread/TRACE] [FML]:   Registry: 334 minecraft:leather net.minecraft.item.Item@3e2d8623
[15:32:05] [Client thread/TRACE] [FML]:   Registry: 335 minecraft:milk_bucket net.minecraft.item.ItemBucketMilk@70d5d96b
[15:32:05] [Client thread/TRACE] [FML]:   Registry: 336 minecraft:brick net.minecraft.item.Item@23469199
[15:32:05] [Client thread/TRACE] [FML]:   Registry: 337 minecraft:clay_ball net.minecraft.item.Item@75dc1c1c
[15:32:05] [Client thread/TRACE] [FML]:   Registry: 338 minecraft:reeds net.minecraft.item.ItemBlockSpecial@5611bba
[15:32:05] [Client thread/TRACE] [FML]:   Registry: 339 minecraft:paper net.minecraft.item.Item@5ba184fc
[15:32:05] [Client thread/TRACE] [FML]:   Registry: 340 minecraft:book net.minecraft.item.ItemBook@2f07930a
[15:32:05] [Client thread/TRACE] [FML]:   Registry: 341 minecraft:slime_ball net.minecraft.item.Item@580c17a0
[15:32:05] [Client thread/TRACE] [FML]:   Registry: 342 minecraft:chest_minecart net.minecraft.item.ItemMinecart@29d2fa84
[15:32:05] [Client thread/TRACE] [FML]:   Registry: 343 minecraft:furnace_minecart net.minecraft.item.ItemMinecart@4540c7
[15:32:05] [Client thread/TRACE] [FML]:   Registry: 344 minecraft:egg net.minecraft.item.ItemEgg@29892a77
[15:32:05] [Client thread/TRACE] [FML]:   Registry: 345 minecraft:compass net.minecraft.item.ItemCompass@283baa39
[15:32:05] [Client thread/TRACE] [FML]:   Registry: 346 minecraft:fishing_rod net.minecraft.item.ItemFishingRod@2729bb71
[15:32:05] [Client thread/TRACE] [FML]:   Registry: 347 minecraft:clock net.minecraft.item.ItemClock@2f471037
[15:32:05] [Client thread/TRACE] [FML]:   Registry: 348 minecraft:glowstone_dust net.minecraft.item.Item@1d1cfe4
[15:32:05] [Client thread/TRACE] [FML]:   Registry: 349 minecraft:fish net.minecraft.item.ItemFishFood@6233c6c2
[15:32:05] [Client thread/TRACE] [FML]:   Registry: 350 minecraft:cooked_fish net.minecraft.item.ItemFishFood@312a738d
[15:32:05] [Client thread/TRACE] [FML]:   Registry: 351 minecraft:dye net.minecraft.item.ItemDye@14656be5
[15:32:05] [Client thread/TRACE] [FML]:   Registry: 352 minecraft:bone net.minecraft.item.Item@20be890d
[15:32:05] [Client thread/TRACE] [FML]:   Registry: 353 minecraft:sugar net.minecraft.item.Item@5db9f51f
[15:32:05] [Client thread/TRACE] [FML]:   Registry: 354 minecraft:cake net.minecraft.item.ItemBlockSpecial@534762ed
[15:32:05] [Client thread/TRACE] [FML]:   Registry: 355 minecraft:bed net.minecraft.item.ItemBed@3eec8583
[15:32:05] [Client thread/TRACE] [FML]:   Registry: 356 minecraft:repeater net.minecraft.item.ItemBlockSpecial@66e1b2a
[15:32:05] [Client thread/TRACE] [FML]:   Registry: 357 minecraft:cookie net.minecraft.item.ItemFood@343db2f6
[15:32:05] [Client thread/TRACE] [FML]:   Registry: 358 minecraft:filled_map net.minecraft.item.ItemMap@11bdab37
[15:32:05] [Client thread/TRACE] [FML]:   Registry: 359 minecraft:shears net.minecraft.item.ItemShears@553ce348
[15:32:05] [Client thread/TRACE] [FML]:   Registry: 360 minecraft:melon net.minecraft.item.ItemFood@7417ef4f
[15:32:05] [Client thread/TRACE] [FML]:   Registry: 361 minecraft:pumpkin_seeds net.minecraft.item.ItemSeeds@5c0e2ec
[15:32:05] [Client thread/TRACE] [FML]:   Registry: 362 minecraft:melon_seeds net.minecraft.item.ItemSeeds@4fa8bebb
[15:32:05] [Client thread/TRACE] [FML]:   Registry: 363 minecraft:beef net.minecraft.item.ItemFood@7d3c22a5
[15:32:05] [Client thread/TRACE] [FML]:   Registry: 364 minecraft:cooked_beef net.minecraft.item.ItemFood@369ad7da
[15:32:05] [Client thread/TRACE] [FML]:   Registry: 365 minecraft:chicken net.minecraft.item.ItemFood@3feebf9c
[15:32:05] [Client thread/TRACE] [FML]:   Registry: 366 minecraft:cooked_chicken net.minecraft.item.ItemFood@305e95a4
[15:32:05] [Client thread/TRACE] [FML]:   Registry: 367 minecraft:rotten_flesh net.minecraft.item.ItemFood@55e42684
[15:32:05] [Client thread/TRACE] [FML]:   Registry: 368 minecraft:ender_pearl net.minecraft.item.ItemEnderPearl@38ef1a0a
[15:32:05] [Client thread/TRACE] [FML]:   Registry: 369 minecraft:blaze_rod net.minecraft.item.Item@56f9de3b
[15:32:05] [Client thread/TRACE] [FML]:   Registry: 370 minecraft:ghast_tear net.minecraft.item.Item@6728370a
[15:32:05] [Client thread/TRACE] [FML]:   Registry: 371 minecraft:gold_nugget net.minecraft.item.Item@2b5f8e61
[15:32:05] [Client thread/TRACE] [FML]:   Registry: 372 minecraft:nether_wart net.minecraft.item.ItemSeeds@6ba0ee4a
[15:32:05] [Client thread/TRACE] [FML]:   Registry: 373 minecraft:potion net.minecraft.item.ItemPotion@55061418
[15:32:05] [Client thread/TRACE] [FML]:   Registry: 374 minecraft:glass_bottle net.minecraft.item.ItemGlassBottle@101c15ad
[15:32:05] [Client thread/TRACE] [FML]:   Registry: 375 minecraft:spider_eye net.minecraft.item.ItemFood@6068ebb2
[15:32:05] [Client thread/TRACE] [FML]:   Registry: 376 minecraft:fermented_spider_eye net.minecraft.item.Item@5a466dd
[15:32:05] [Client thread/TRACE] [FML]:   Registry: 377 minecraft:blaze_powder net.minecraft.item.Item@1ed9d173
[15:32:05] [Client thread/TRACE] [FML]:   Registry: 378 minecraft:magma_cream net.minecraft.item.Item@6e981e78
[15:32:05] [Client thread/TRACE] [FML]:   Registry: 379 minecraft:brewing_stand net.minecraft.item.ItemBlockSpecial@498a4d62
[15:32:05] [Client thread/TRACE] [FML]:   Registry: 380 minecraft:cauldron net.minecraft.item.ItemBlockSpecial@6fbe4800
[15:32:05] [Client thread/TRACE] [FML]:   Registry: 381 minecraft:ender_eye net.minecraft.item.ItemEnderEye@146f3d22
[15:32:05] [Client thread/TRACE] [FML]:   Registry: 382 minecraft:speckled_melon net.minecraft.item.Item@66b6873f
[15:32:05] [Client thread/TRACE] [FML]:   Registry: 383 minecraft:spawn_egg net.minecraft.item.ItemMonsterPlacer@60f9dc7e
[15:32:05] [Client thread/TRACE] [FML]:   Registry: 384 minecraft:experience_bottle net.minecraft.item.ItemExpBottle@14590fe2
[15:32:05] [Client thread/TRACE] [FML]:   Registry: 385 minecraft:fire_charge net.minecraft.item.ItemFireball@632d4cf2
[15:32:05] [Client thread/TRACE] [FML]:   Registry: 386 minecraft:writable_book net.minecraft.item.ItemWritableBook@2807cf3
[15:32:05] [Client thread/TRACE] [FML]:   Registry: 387 minecraft:written_book net.minecraft.item.ItemWrittenBook@645ba24a
[15:32:05] [Client thread/TRACE] [FML]:   Registry: 388 minecraft:emerald net.minecraft.item.Item@5f6a8efe
[15:32:05] [Client thread/TRACE] [FML]:   Registry: 389 minecraft:item_frame net.minecraft.item.ItemHangingEntity@3dd2b9c1
[15:32:05] [Client thread/TRACE] [FML]:   Registry: 390 minecraft:flower_pot net.minecraft.item.ItemBlockSpecial@6a1d1467
[15:32:05] [Client thread/TRACE] [FML]:   Registry: 391 minecraft:carrot net.minecraft.item.ItemSeedFood@4cb4c4cc
[15:32:05] [Client thread/TRACE] [FML]:   Registry: 392 minecraft:potato net.minecraft.item.ItemSeedFood@4a122e68
[15:32:05] [Client thread/TRACE] [FML]:   Registry: 393 minecraft:baked_potato net.minecraft.item.ItemFood@41be8db9
[15:32:05] [Client thread/TRACE] [FML]:   Registry: 394 minecraft:poisonous_potato net.minecraft.item.ItemFood@2c2a7d53
[15:32:05] [Client thread/TRACE] [FML]:   Registry: 395 minecraft:map net.minecraft.item.ItemEmptyMap@3c27f72
[15:32:05] [Client thread/TRACE] [FML]:   Registry: 396 minecraft:golden_carrot net.minecraft.item.ItemFood@5cbe95b1
[15:32:05] [Client thread/TRACE] [FML]:   Registry: 397 minecraft:skull net.minecraft.item.ItemSkull@1dca62c2
[15:32:05] [Client thread/TRACE] [FML]:   Registry: 398 minecraft:carrot_on_a_stick net.minecraft.item.ItemCarrotOnAStick@15f519f7
[15:32:05] [Client thread/TRACE] [FML]:   Registry: 399 minecraft:nether_star net.minecraft.item.ItemSimpleFoiled@7d537616
[15:32:05] [Client thread/TRACE] [FML]:   Registry: 400 minecraft:pumpkin_pie net.minecraft.item.ItemFood@604c7e9b
[15:32:05] [Client thread/TRACE] [FML]:   Registry: 401 minecraft:fireworks net.minecraft.item.ItemFirework@399f5daf
[15:32:05] [Client thread/TRACE] [FML]:   Registry: 402 minecraft:firework_charge net.minecraft.item.ItemFireworkCharge@118fbaf0
[15:32:05] [Client thread/TRACE] [FML]:   Registry: 403 minecraft:enchanted_book net.minecraft.item.ItemEnchantedBook@5e541ef9
[15:32:05] [Client thread/TRACE] [FML]:   Registry: 404 minecraft:comparator net.minecraft.item.ItemBlockSpecial@38054d01
[15:32:05] [Client thread/TRACE] [FML]:   Registry: 405 minecraft:netherbrick net.minecraft.item.Item@28ce75ec
[15:32:05] [Client thread/TRACE] [FML]:   Registry: 406 minecraft:quartz net.minecraft.item.Item@778113f2
[15:32:05] [Client thread/TRACE] [FML]:   Registry: 407 minecraft:tnt_minecart net.minecraft.item.ItemMinecart@9dc782d
[15:32:05] [Client thread/TRACE] [FML]:   Registry: 408 minecraft:hopper_minecart net.minecraft.item.ItemMinecart@1ba35152
[15:32:05] [Client thread/TRACE] [FML]:   Registry: 409 minecraft:prismarine_shard net.minecraft.item.Item@401926df
[15:32:05] [Client thread/TRACE] [FML]:   Registry: 410 minecraft:prismarine_crystals net.minecraft.item.Item@3ff8a3ad
[15:32:05] [Client thread/TRACE] [FML]:   Registry: 411 minecraft:rabbit net.minecraft.item.ItemFood@550fa96f
[15:32:05] [Client thread/TRACE] [FML]:   Registry: 412 minecraft:cooked_rabbit net.minecraft.item.ItemFood@54275b5d
[15:32:05] [Client thread/TRACE] [FML]:   Registry: 413 minecraft:rabbit_stew net.minecraft.item.ItemSoup@5d01b0d8
[15:32:05] [Client thread/TRACE] [FML]:   Registry: 414 minecraft:rabbit_foot net.minecraft.item.Item@271e851e
[15:32:05] [Client thread/TRACE] [FML]:   Registry: 415 minecraft:rabbit_hide net.minecraft.item.Item@ff21443
[15:32:05] [Client thread/TRACE] [FML]:   Registry: 416 minecraft:armor_stand net.minecraft.item.ItemArmorStand@7752c0e7
[15:32:05] [Client thread/TRACE] [FML]:   Registry: 417 minecraft:iron_horse_armor net.minecraft.item.Item@77ba583
[15:32:05] [Client thread/TRACE] [FML]:   Registry: 418 minecraft:golden_horse_armor net.minecraft.item.Item@5613247e
[15:32:05] [Client thread/TRACE] [FML]:   Registry: 419 minecraft:diamond_horse_armor net.minecraft.item.Item@6851b296
[15:32:05] [Client thread/TRACE] [FML]:   Registry: 420 minecraft:lead net.minecraft.item.ItemLead@2fb48970
[15:32:05] [Client thread/TRACE] [FML]:   Registry: 421 minecraft:name_tag net.minecraft.item.ItemNameTag@ff5d4f1
[15:32:05] [Client thread/TRACE] [FML]:   Registry: 422 minecraft:command_block_minecart net.minecraft.item.ItemMinecart@194224ca
[15:32:05] [Client thread/TRACE] [FML]:   Registry: 423 minecraft:mutton net.minecraft.item.ItemFood@254e9709
[15:32:05] [Client thread/TRACE] [FML]:   Registry: 424 minecraft:cooked_mutton net.minecraft.item.ItemFood@350f18a6
[15:32:05] [Client thread/TRACE] [FML]:   Registry: 425 minecraft:banner net.minecraft.item.ItemBanner@74bdfa0b
[15:32:05] [Client thread/TRACE] [FML]:   Registry: 426 minecraft:end_crystal net.minecraft.item.ItemEndCrystal@44492c06
[15:32:05] [Client thread/TRACE] [FML]:   Registry: 427 minecraft:spruce_door net.minecraft.item.ItemDoor@5c4714ef
[15:32:05] [Client thread/TRACE] [FML]:   Registry: 428 minecraft:birch_door net.minecraft.item.ItemDoor@c94bd18
[15:32:05] [Client thread/TRACE] [FML]:   Registry: 429 minecraft:jungle_door net.minecraft.item.ItemDoor@71fb8301
[15:32:05] [Client thread/TRACE] [FML]:   Registry: 430 minecraft:acacia_door net.minecraft.item.ItemDoor@7cdfa824
[15:32:05] [Client thread/TRACE] [FML]:   Registry: 431 minecraft:dark_oak_door net.minecraft.item.ItemDoor@18db3b3c
[15:32:05] [Client thread/TRACE] [FML]:   Registry: 432 minecraft:chorus_fruit net.minecraft.item.ItemChorusFruit@1c18ee69
[15:32:05] [Client thread/TRACE] [FML]:   Registry: 433 minecraft:chorus_fruit_popped net.minecraft.item.Item@2f99d8c
[15:32:05] [Client thread/TRACE] [FML]:   Registry: 434 minecraft:beetroot net.minecraft.item.ItemFood@65d7eea4
[15:32:05] [Client thread/TRACE] [FML]:   Registry: 435 minecraft:beetroot_seeds net.minecraft.item.ItemSeeds@5d37aa0f
[15:32:05] [Client thread/TRACE] [FML]:   Registry: 436 minecraft:beetroot_soup net.minecraft.item.ItemSoup@6076c66
[15:32:05] [Client thread/TRACE] [FML]:   Registry: 437 minecraft:dragon_breath net.minecraft.item.Item@485c84d7
[15:32:05] [Client thread/TRACE] [FML]:   Registry: 438 minecraft:splash_potion net.minecraft.item.ItemSplashPotion@20faaf77
[15:32:05] [Client thread/TRACE] [FML]:   Registry: 439 minecraft:spectral_arrow net.minecraft.item.ItemSpectralArrow@5b7ee56c
[15:32:05] [Client thread/TRACE] [FML]:   Registry: 440 minecraft:tipped_arrow net.minecraft.item.ItemTippedArrow@6c70b7c3
[15:32:05] [Client thread/TRACE] [FML]:   Registry: 441 minecraft:lingering_potion net.minecraft.item.ItemLingeringPotion@f48a080
[15:32:05] [Client thread/TRACE] [FML]:   Registry: 442 minecraft:shield net.minecraft.item.ItemShield@359e27d2
[15:32:05] [Client thread/TRACE] [FML]:   Registry: 443 minecraft:elytra net.minecraft.item.ItemElytra@20890a1a
[15:32:05] [Client thread/TRACE] [FML]:   Registry: 444 minecraft:spruce_boat net.minecraft.item.ItemBoat@70a24f9
[15:32:05] [Client thread/TRACE] [FML]:   Registry: 445 minecraft:birch_boat net.minecraft.item.ItemBoat@78bad03b
[15:32:05] [Client thread/TRACE] [FML]:   Registry: 446 minecraft:jungle_boat net.minecraft.item.ItemBoat@26101efc
[15:32:05] [Client thread/TRACE] [FML]:   Registry: 447 minecraft:acacia_boat net.minecraft.item.ItemBoat@4e2109fe
[15:32:05] [Client thread/TRACE] [FML]:   Registry: 448 minecraft:dark_oak_boat net.minecraft.item.ItemBoat@18dac12f
[15:32:05] [Client thread/TRACE] [FML]:   Registry: 449 minecraft:totem_of_undying net.minecraft.item.Item@36cfe107
[15:32:05] [Client thread/TRACE] [FML]:   Registry: 450 minecraft:shulker_shell net.minecraft.item.Item@100eeedc
[15:32:05] [Client thread/TRACE] [FML]:   Registry: 452 minecraft:iron_nugget net.minecraft.item.Item@56266bda
[15:32:05] [Client thread/TRACE] [FML]:   Registry: 453 minecraft:knowledge_book net.minecraft.item.ItemKnowledgeBook@139089a4
[15:32:05] [Client thread/TRACE] [FML]:   Registry: 2256 minecraft:record_13 net.minecraft.item.ItemRecord@687b0ddc
[15:32:05] [Client thread/TRACE] [FML]:   Registry: 2257 minecraft:record_cat net.minecraft.item.ItemRecord@42b4df5a
[15:32:05] [Client thread/TRACE] [FML]:   Registry: 2258 minecraft:record_blocks net.minecraft.item.ItemRecord@9f1ca74
[15:32:05] [Client thread/TRACE] [FML]:   Registry: 2259 minecraft:record_chirp net.minecraft.item.ItemRecord@67b8d45
[15:32:05] [Client thread/TRACE] [FML]:   Registry: 2260 minecraft:record_far net.minecraft.item.ItemRecord@365e65bb
[15:32:05] [Client thread/TRACE] [FML]:   Registry: 2261 minecraft:record_mall net.minecraft.item.ItemRecord@52f43225
[15:32:05] [Client thread/TRACE] [FML]:   Registry: 2262 minecraft:record_mellohi net.minecraft.item.ItemRecord@55d1f065
[15:32:05] [Client thread/TRACE] [FML]:   Registry: 2263 minecraft:record_stal net.minecraft.item.ItemRecord@f9a5e3f
[15:32:05] [Client thread/TRACE] [FML]:   Registry: 2264 minecraft:record_strad net.minecraft.item.ItemRecord@4aac81ca
[15:32:05] [Client thread/TRACE] [FML]:   Registry: 2265 minecraft:record_ward net.minecraft.item.ItemRecord@393ae7a0
[15:32:05] [Client thread/TRACE] [FML]:   Registry: 2266 minecraft:record_11 net.minecraft.item.ItemRecord@63326a3a
[15:32:05] [Client thread/TRACE] [FML]:   Registry: 2267 minecraft:record_wait net.minecraft.item.ItemRecord@3e04abc5
[15:32:05] [Client thread/TRACE] [FML]: Registry Name : minecraft:potions
[15:32:05] [Client thread/TRACE] [FML]:   Registry: 1 minecraft:speed net.minecraft.potion.Potion@704d3b00
[15:32:05] [Client thread/TRACE] [FML]:   Registry: 2 minecraft:slowness net.minecraft.potion.Potion@21e484b
[15:32:05] [Client thread/TRACE] [FML]:   Registry: 3 minecraft:haste net.minecraft.potion.Potion@191f4d65
[15:32:05] [Client thread/TRACE] [FML]:   Registry: 4 minecraft:mining_fatigue net.minecraft.potion.Potion@7a2a7492
[15:32:05] [Client thread/TRACE] [FML]:   Registry: 5 minecraft:strength net.minecraft.potion.PotionAttackDamage@ce655b9
[15:32:05] [Client thread/TRACE] [FML]:   Registry: 6 minecraft:instant_health net.minecraft.potion.PotionHealth@3e8b8f0
[15:32:05] [Client thread/TRACE] [FML]:   Registry: 7 minecraft:instant_damage net.minecraft.potion.PotionHealth@5ad57e90
[15:32:05] [Client thread/TRACE] [FML]:   Registry: 8 minecraft:jump_boost net.minecraft.potion.Potion@1a345298
[15:32:05] [Client thread/TRACE] [FML]:   Registry: 9 minecraft:nausea net.minecraft.potion.Potion@4ad896f7
[15:32:05] [Client thread/TRACE] [FML]:   Registry: 10 minecraft:regeneration net.minecraft.potion.Potion@c318864
[15:32:05] [Client thread/TRACE] [FML]:   Registry: 11 minecraft:resistance net.minecraft.potion.Potion@7d61468c
[15:32:05] [Client thread/TRACE] [FML]:   Registry: 12 minecraft:fire_resistance net.minecraft.potion.Potion@45796b2a
[15:32:05] [Client thread/TRACE] [FML]:   Registry: 13 minecraft:water_breathing net.minecraft.potion.Potion@4b98225c
[15:32:05] [Client thread/TRACE] [FML]:   Registry: 14 minecraft:invisibility net.minecraft.potion.Potion@4beae1e3
[15:32:05] [Client thread/TRACE] [FML]:   Registry: 15 minecraft:blindness net.minecraft.potion.Potion@3c488b34
[15:32:05] [Client thread/TRACE] [FML]:   Registry: 16 minecraft:night_vision net.minecraft.potion.Potion@32e697ac
[15:32:05] [Client thread/TRACE] [FML]:   Registry: 17 minecraft:hunger net.minecraft.potion.Potion@3866c96e
[15:32:05] [Client thread/TRACE] [FML]:   Registry: 18 minecraft:weakness net.minecraft.potion.PotionAttackDamage@241fc278
[15:32:05] [Client thread/TRACE] [FML]:   Registry: 19 minecraft:poison net.minecraft.potion.Potion@5c76fce4
[15:32:05] [Client thread/TRACE] [FML]:   Registry: 20 minecraft:wither net.minecraft.potion.Potion@5aab5b31
[15:32:05] [Client thread/TRACE] [FML]:   Registry: 21 minecraft:health_boost net.minecraft.potion.PotionHealthBoost@77e9dca8
[15:32:05] [Client thread/TRACE] [FML]:   Registry: 22 minecraft:absorption net.minecraft.potion.PotionAbsorption@44abdb1f
[15:32:05] [Client thread/TRACE] [FML]:   Registry: 23 minecraft:saturation net.minecraft.potion.PotionHealth@62108cd3
[15:32:05] [Client thread/TRACE] [FML]:   Registry: 24 minecraft:glowing net.minecraft.potion.Potion@7cd1ec54
[15:32:05] [Client thread/TRACE] [FML]:   Registry: 25 minecraft:levitation net.minecraft.potion.Potion@77ab5214
[15:32:05] [Client thread/TRACE] [FML]:   Registry: 26 minecraft:luck net.minecraft.potion.Potion@6d420cdd
[15:32:05] [Client thread/TRACE] [FML]:   Registry: 27 minecraft:unluck net.minecraft.potion.Potion@bd273b2
[15:32:05] [Client thread/TRACE] [FML]: Registry Name : minecraft:biomes
[15:32:05] [Client thread/TRACE] [FML]:   Registry: 0 minecraft:ocean net.minecraft.world.biome.BiomeOcean@c82ad22
[15:32:05] [Client thread/TRACE] [FML]:   Registry: 1 minecraft:plains net.minecraft.world.biome.BiomePlains@2d3b0978
[15:32:05] [Client thread/TRACE] [FML]:   Registry: 2 minecraft:desert net.minecraft.world.biome.BiomeDesert@1cb44a2f
[15:32:05] [Client thread/TRACE] [FML]:   Registry: 3 minecraft:extreme_hills net.minecraft.world.biome.BiomeHills@4f552aa2
[15:32:05] [Client thread/TRACE] [FML]:   Registry: 4 minecraft:forest net.minecraft.world.biome.BiomeForest@7b4619a3
[15:32:05] [Client thread/TRACE] [FML]:   Registry: 5 minecraft:taiga net.minecraft.world.biome.BiomeTaiga@41bd6a0f
[15:32:05] [Client thread/TRACE] [FML]:   Registry: 6 minecraft:swampland net.minecraft.world.biome.BiomeSwamp@6acb45c1
[15:32:05] [Client thread/TRACE] [FML]:   Registry: 7 minecraft:river net.minecraft.world.biome.BiomeRiver@30bbe83
[15:32:05] [Client thread/TRACE] [FML]:   Registry: 8 minecraft:hell net.minecraft.world.biome.BiomeHell@2c0fefac
[15:32:05] [Client thread/TRACE] [FML]:   Registry: 9 minecraft:sky net.minecraft.world.biome.BiomeEnd@1b632442
[15:32:05] [Client thread/TRACE] [FML]:   Registry: 10 minecraft:frozen_ocean net.minecraft.world.biome.BiomeOcean@7227926b
[15:32:05] [Client thread/TRACE] [FML]:   Registry: 11 minecraft:frozen_river net.minecraft.world.biome.BiomeRiver@2f75a9b1
[15:32:05] [Client thread/TRACE] [FML]:   Registry: 12 minecraft:ice_flats net.minecraft.world.biome.BiomeSnow@50f05307
[15:32:05] [Client thread/TRACE] [FML]:   Registry: 13 minecraft:ice_mountains net.minecraft.world.biome.BiomeSnow@9cc0505
[15:32:05] [Client thread/TRACE] [FML]:   Registry: 14 minecraft:mushroom_island net.minecraft.world.biome.BiomeMushroomIsland@8ee03f5
[15:32:05] [Client thread/TRACE] [FML]:   Registry: 15 minecraft:mushroom_island_shore net.minecraft.world.biome.BiomeMushroomIsland@5ad40184
[15:32:05] [Client thread/TRACE] [FML]:   Registry: 16 minecraft:beaches net.minecraft.world.biome.BiomeBeach@3d3b272a
[15:32:05] [Client thread/TRACE] [FML]:   Registry: 17 minecraft:desert_hills net.minecraft.world.biome.BiomeDesert@45b27ad3
[15:32:05] [Client thread/TRACE] [FML]:   Registry: 18 minecraft:forest_hills net.minecraft.world.biome.BiomeForest@3f908bc0
[15:32:05] [Client thread/TRACE] [FML]:   Registry: 19 minecraft:taiga_hills net.minecraft.world.biome.BiomeTaiga@422ba9b7
[15:32:05] [Client thread/TRACE] [FML]:   Registry: 20 minecraft:smaller_extreme_hills net.minecraft.world.biome.BiomeHills@26cdd4af
[15:32:05] [Client thread/TRACE] [FML]:   Registry: 21 minecraft:jungle net.minecraft.world.biome.BiomeJungle@16949dfa
[15:32:05] [Client thread/TRACE] [FML]:   Registry: 22 minecraft:jungle_hills net.minecraft.world.biome.BiomeJungle@d6d683e
[15:32:05] [Client thread/TRACE] [FML]:   Registry: 23 minecraft:jungle_edge net.minecraft.world.biome.BiomeJungle@42cfd794
[15:32:05] [Client thread/TRACE] [FML]:   Registry: 24 minecraft:deep_ocean net.minecraft.world.biome.BiomeOcean@43778371
[15:32:05] [Client thread/TRACE] [FML]:   Registry: 25 minecraft:stone_beach net.minecraft.world.biome.BiomeStoneBeach@17f41739
[15:32:05] [Client thread/TRACE] [FML]:   Registry: 26 minecraft:cold_beach net.minecraft.world.biome.BiomeBeach@2b3b1124
[15:32:05] [Client thread/TRACE] [FML]:   Registry: 27 minecraft:birch_forest net.minecraft.world.biome.BiomeForest@54286339
[15:32:05] [Client thread/TRACE] [FML]:   Registry: 28 minecraft:birch_forest_hills net.minecraft.world.biome.BiomeForest@507f47f9
[15:32:05] [Client thread/TRACE] [FML]:   Registry: 29 minecraft:roofed_forest net.minecraft.world.biome.BiomeForest@6785df10
[15:32:05] [Client thread/TRACE] [FML]:   Registry: 30 minecraft:taiga_cold net.minecraft.world.biome.BiomeTaiga@144440f5
[15:32:05] [Client thread/TRACE] [FML]:   Registry: 31 minecraft:taiga_cold_hills net.minecraft.world.biome.BiomeTaiga@3e2c8ef
[15:32:05] [Client thread/TRACE] [FML]:   Registry: 32 minecraft:redwood_taiga net.minecraft.world.biome.BiomeTaiga@290807e5
[15:32:05] [Client thread/TRACE] [FML]:   Registry: 33 minecraft:redwood_taiga_hills net.minecraft.world.biome.BiomeTaiga@60bc308b
[15:32:05] [Client thread/TRACE] [FML]:   Registry: 34 minecraft:extreme_hills_with_trees net.minecraft.world.biome.BiomeHills@56499781
[15:32:05] [Client thread/TRACE] [FML]:   Registry: 35 minecraft:savanna net.minecraft.world.biome.BiomeSavanna@2a2798a2
[15:32:05] [Client thread/TRACE] [FML]:   Registry: 36 minecraft:savanna_rock net.minecraft.world.biome.BiomeSavanna@2b9ecd05
[15:32:05] [Client thread/TRACE] [FML]:   Registry: 37 minecraft:mesa net.minecraft.world.biome.BiomeMesa@4946485c
[15:32:05] [Client thread/TRACE] [FML]:   Registry: 38 minecraft:mesa_rock net.minecraft.world.biome.BiomeMesa@4ae958b0
[15:32:05] [Client thread/TRACE] [FML]:   Registry: 39 minecraft:mesa_clear_rock net.minecraft.world.biome.BiomeMesa@7c682e26
[15:32:05] [Client thread/TRACE] [FML]:   Registry: 127 minecraft:void net.minecraft.world.biome.BiomeVoid@459e120b
[15:32:05] [Client thread/TRACE] [FML]:   Registry: 129 minecraft:mutated_plains net.minecraft.world.biome.BiomePlains@fd69983
[15:32:05] [Client thread/TRACE] [FML]:   Registry: 130 minecraft:mutated_desert net.minecraft.world.biome.BiomeDesert@22429a11
[15:32:05] [Client thread/TRACE] [FML]:   Registry: 131 minecraft:mutated_extreme_hills net.minecraft.world.biome.BiomeHills@126254ec
[15:32:05] [Client thread/TRACE] [FML]:   Registry: 132 minecraft:mutated_forest net.minecraft.world.biome.BiomeForest@275902e1
[15:32:05] [Client thread/TRACE] [FML]:   Registry: 133 minecraft:mutated_taiga net.minecraft.world.biome.BiomeTaiga@1c788d08
[15:32:05] [Client thread/TRACE] [FML]:   Registry: 134 minecraft:mutated_swampland net.minecraft.world.biome.BiomeSwamp@2adc1e84
[15:32:05] [Client thread/TRACE] [FML]:   Registry: 140 minecraft:mutated_ice_flats net.minecraft.world.biome.BiomeSnow@2a99fa07
[15:32:05] [Client thread/TRACE] [FML]:   Registry: 149 minecraft:mutated_jungle net.minecraft.world.biome.BiomeJungle@45b8bbbf
[15:32:05] [Client thread/TRACE] [FML]:   Registry: 151 minecraft:mutated_jungle_edge net.minecraft.world.biome.BiomeJungle@1df06ecd
[15:32:05] [Client thread/TRACE] [FML]:   Registry: 155 minecraft:mutated_birch_forest net.minecraft.world.biome.BiomeForestMutated@323efafe
[15:32:05] [Client thread/TRACE] [FML]:   Registry: 156 minecraft:mutated_birch_forest_hills net.minecraft.world.biome.BiomeForestMutated@32dbca45
[15:32:05] [Client thread/TRACE] [FML]:   Registry: 157 minecraft:mutated_roofed_forest net.minecraft.world.biome.BiomeForest@2cc34cd5
[15:32:05] [Client thread/TRACE] [FML]:   Registry: 158 minecraft:mutated_taiga_cold net.minecraft.world.biome.BiomeTaiga@684b26b7
[15:32:05] [Client thread/TRACE] [FML]:   Registry: 160 minecraft:mutated_redwood_taiga net.minecraft.world.biome.BiomeTaiga@2de7c84a
[15:32:05] [Client thread/TRACE] [FML]:   Registry: 161 minecraft:mutated_redwood_taiga_hills net.minecraft.world.biome.BiomeTaiga@4182a651
[15:32:05] [Client thread/TRACE] [FML]:   Registry: 162 minecraft:mutated_extreme_hills_with_trees net.minecraft.world.biome.BiomeHills@7791ff50
[15:32:05] [Client thread/TRACE] [FML]:   Registry: 163 minecraft:mutated_savanna net.minecraft.world.biome.BiomeSavannaMutated@55682482
[15:32:05] [Client thread/TRACE] [FML]:   Registry: 164 minecraft:mutated_savanna_rock net.minecraft.world.biome.BiomeSavannaMutated@10cb050
[15:32:05] [Client thread/TRACE] [FML]:   Registry: 165 minecraft:mutated_mesa net.minecraft.world.biome.BiomeMesa@799fb45e
[15:32:05] [Client thread/TRACE] [FML]:   Registry: 166 minecraft:mutated_mesa_rock net.minecraft.world.biome.BiomeMesa@4f7ba0af
[15:32:05] [Client thread/TRACE] [FML]:   Registry: 167 minecraft:mutated_mesa_clear_rock net.minecraft.world.biome.BiomeMesa@5b23c1f6
[15:32:05] [Client thread/TRACE] [FML]: Registry Name : minecraft:soundevents
[15:32:05] [Client thread/TRACE] [FML]:   Registry: 0 minecraft:ambient.cave net.minecraft.util.SoundEvent@704641e3
[15:32:05] [Client thread/TRACE] [FML]:   Registry: 1 minecraft:block.anvil.break net.minecraft.util.SoundEvent@5d7ca698
[15:32:05] [Client thread/TRACE] [FML]:   Registry: 2 minecraft:block.anvil.destroy net.minecraft.util.SoundEvent@75961f16
[15:32:05] [Client thread/TRACE] [FML]:   Registry: 3 minecraft:block.anvil.fall net.minecraft.util.SoundEvent@c6c82aa
[15:32:05] [Client thread/TRACE] [FML]:   Registry: 4 minecraft:block.anvil.hit net.minecraft.util.SoundEvent@2e179f3e
[15:32:05] [Client thread/TRACE] [FML]:   Registry: 5 minecraft:block.anvil.land net.minecraft.util.SoundEvent@16e7b402
[15:32:05] [Client thread/TRACE] [FML]:   Registry: 6 minecraft:block.anvil.place net.minecraft.util.SoundEvent@534c6767
[15:32:05] [Client thread/TRACE] [FML]:   Registry: 7 minecraft:block.anvil.step net.minecraft.util.SoundEvent@3bddc676
[15:32:05] [Client thread/TRACE] [FML]:   Registry: 8 minecraft:block.anvil.use net.minecraft.util.SoundEvent@29a1505c
[15:32:05] [Client thread/TRACE] [FML]:   Registry: 9 minecraft:block.brewing_stand.brew net.minecraft.util.SoundEvent@24db6ce
[15:32:05] [Client thread/TRACE] [FML]:   Registry: 10 minecraft:block.chest.close net.minecraft.util.SoundEvent@320a8ebf
[15:32:05] [Client thread/TRACE] [FML]:   Registry: 11 minecraft:block.chest.locked net.minecraft.util.SoundEvent@67b100fe
[15:32:05] [Client thread/TRACE] [FML]:   Registry: 12 minecraft:block.chest.open net.minecraft.util.SoundEvent@44b18fe4
[15:32:05] [Client thread/TRACE] [FML]:   Registry: 13 minecraft:block.chorus_flower.death net.minecraft.util.SoundEvent@2ba5aa7a
[15:32:05] [Client thread/TRACE] [FML]:   Registry: 14 minecraft:block.chorus_flower.grow net.minecraft.util.SoundEvent@4d3ca6c7
[15:32:05] [Client thread/TRACE] [FML]:   Registry: 15 minecraft:block.cloth.break net.minecraft.util.SoundEvent@22e5f96e
[15:32:05] [Client thread/TRACE] [FML]:   Registry: 16 minecraft:block.cloth.fall net.minecraft.util.SoundEvent@6a638c79
[15:32:05] [Client thread/TRACE] [FML]:   Registry: 17 minecraft:block.cloth.hit net.minecraft.util.SoundEvent@6c931d35
[15:32:05] [Client thread/TRACE] [FML]:   Registry: 18 minecraft:block.cloth.place net.minecraft.util.SoundEvent@44b194fe
[15:32:05] [Client thread/TRACE] [FML]:   Registry: 19 minecraft:block.cloth.step net.minecraft.util.SoundEvent@49122b8f
[15:32:05] [Client thread/TRACE] [FML]:   Registry: 20 minecraft:block.comparator.click net.minecraft.util.SoundEvent@3fe46690
[15:32:05] [Client thread/TRACE] [FML]:   Registry: 21 minecraft:block.dispenser.dispense net.minecraft.util.SoundEvent@4beabeec
[15:32:05] [Client thread/TRACE] [FML]:   Registry: 22 minecraft:block.dispenser.fail net.minecraft.util.SoundEvent@3b4d50b
[15:32:05] [Client thread/TRACE] [FML]:   Registry: 23 minecraft:block.dispenser.launch net.minecraft.util.SoundEvent@5b22d8a1
[15:32:05] [Client thread/TRACE] [FML]:   Registry: 24 minecraft:block.enchantment_table.use net.minecraft.util.SoundEvent@476ee5b3
[15:32:05] [Client thread/TRACE] [FML]:   Registry: 25 minecraft:block.end_gateway.spawn net.minecraft.util.SoundEvent@59ed3e6c
[15:32:05] [Client thread/TRACE] [FML]:   Registry: 26 minecraft:block.end_portal.spawn net.minecraft.util.SoundEvent@7cd4a4d7
[15:32:05] [Client thread/TRACE] [FML]:   Registry: 27 minecraft:block.end_portal_frame.fill net.minecraft.util.SoundEvent@317e9c3c
[15:32:05] [Client thread/TRACE] [FML]:   Registry: 28 minecraft:block.enderchest.close net.minecraft.util.SoundEvent@18da4dd
[15:32:05] [Client thread/TRACE] [FML]:   Registry: 29 minecraft:block.enderchest.open net.minecraft.util.SoundEvent@31a3f4de
[15:32:05] [Client thread/TRACE] [FML]:   Registry: 30 minecraft:block.fence_gate.close net.minecraft.util.SoundEvent@68880c21
[15:32:05] [Client thread/TRACE] [FML]:   Registry: 31 minecraft:block.fence_gate.open net.minecraft.util.SoundEvent@2dd2e270
[15:32:05] [Client thread/TRACE] [FML]:   Registry: 32 minecraft:block.fire.ambient net.minecraft.util.SoundEvent@4195105b
[15:32:05] [Client thread/TRACE] [FML]:   Registry: 33 minecraft:block.fire.extinguish net.minecraft.util.SoundEvent@6f3e19b3
[15:32:05] [Client thread/TRACE] [FML]:   Registry: 34 minecraft:block.furnace.fire_crackle net.minecraft.util.SoundEvent@47ffe971
[15:32:05] [Client thread/TRACE] [FML]:   Registry: 35 minecraft:block.glass.break net.minecraft.util.SoundEvent@7d04529c
[15:32:05] [Client thread/TRACE] [FML]:   Registry: 36 minecraft:block.glass.fall net.minecraft.util.SoundEvent@14fa92af
[15:32:05] [Client thread/TRACE] [FML]:   Registry: 37 minecraft:block.glass.hit net.minecraft.util.SoundEvent@b16e202
[15:32:05] [Client thread/TRACE] [FML]:   Registry: 38 minecraft:block.glass.place net.minecraft.util.SoundEvent@339a3670
[15:32:05] [Client thread/TRACE] [FML]:   Registry: 39 minecraft:block.glass.step net.minecraft.util.SoundEvent@6cd5122d
[15:32:05] [Client thread/TRACE] [FML]:   Registry: 40 minecraft:block.grass.break net.minecraft.util.SoundEvent@2c7a8af2
[15:32:05] [Client thread/TRACE] [FML]:   Registry: 41 minecraft:block.grass.fall net.minecraft.util.SoundEvent@10c07b8d
[15:32:05] [Client thread/TRACE] [FML]:   Registry: 42 minecraft:block.grass.hit net.minecraft.util.SoundEvent@720bf653
[15:32:05] [Client thread/TRACE] [FML]:   Registry: 43 minecraft:block.grass.place net.minecraft.util.SoundEvent@360bc645
[15:32:05] [Client thread/TRACE] [FML]:   Registry: 44 minecraft:block.grass.step net.minecraft.util.SoundEvent@4edef76c
[15:32:05] [Client thread/TRACE] [FML]:   Registry: 45 minecraft:block.gravel.break net.minecraft.util.SoundEvent@5d51e129
[15:32:05] [Client thread/TRACE] [FML]:   Registry: 46 minecraft:block.gravel.fall net.minecraft.util.SoundEvent@70c53dbe
[15:32:05] [Client thread/TRACE] [FML]:   Registry: 47 minecraft:block.gravel.hit net.minecraft.util.SoundEvent@1894e40d
[15:32:05] [Client thread/TRACE] [FML]:   Registry: 48 minecraft:block.gravel.place net.minecraft.util.SoundEvent@21c815e4
[15:32:05] [Client thread/TRACE] [FML]:   Registry: 49 minecraft:block.gravel.step net.minecraft.util.SoundEvent@7342e05d
[15:32:05] [Client thread/TRACE] [FML]:   Registry: 50 minecraft:block.iron_door.close net.minecraft.util.SoundEvent@2a331b46
[15:32:05] [Client thread/TRACE] [FML]:   Registry: 51 minecraft:block.iron_door.open net.minecraft.util.SoundEvent@15383681
[15:32:05] [Client thread/TRACE] [FML]:   Registry: 52 minecraft:block.iron_trapdoor.close net.minecraft.util.SoundEvent@743e66f7
[15:32:05] [Client thread/TRACE] [FML]:   Registry: 53 minecraft:block.iron_trapdoor.open net.minecraft.util.SoundEvent@109a2025
[15:32:05] [Client thread/TRACE] [FML]:   Registry: 54 minecraft:block.ladder.break net.minecraft.util.SoundEvent@2241f05b
[15:32:05] [Client thread/TRACE] [FML]:   Registry: 55 minecraft:block.ladder.fall net.minecraft.util.SoundEvent@761956ac
[15:32:05] [Client thread/TRACE] [FML]:   Registry: 56 minecraft:block.ladder.hit net.minecraft.util.SoundEvent@71978f46
[15:32:05] [Client thread/TRACE] [FML]:   Registry: 57 minecraft:block.ladder.place net.minecraft.util.SoundEvent@304d0259
[15:32:05] [Client thread/TRACE] [FML]:   Registry: 58 minecraft:block.ladder.step net.minecraft.util.SoundEvent@1d23ff23
[15:32:05] [Client thread/TRACE] [FML]:   Registry: 59 minecraft:block.lava.ambient net.minecraft.util.SoundEvent@2133661d
[15:32:05] [Client thread/TRACE] [FML]:   Registry: 60 minecraft:block.lava.extinguish net.minecraft.util.SoundEvent@6c9320c2
[15:32:05] [Client thread/TRACE] [FML]:   Registry: 61 minecraft:block.lava.pop net.minecraft.util.SoundEvent@3414a8c3
[15:32:05] [Client thread/TRACE] [FML]:   Registry: 62 minecraft:block.lever.click net.minecraft.util.SoundEvent@36cc9385
[15:32:05] [Client thread/TRACE] [FML]:   Registry: 63 minecraft:block.metal.break net.minecraft.util.SoundEvent@cf518cf
[15:32:05] [Client thread/TRACE] [FML]:   Registry: 64 minecraft:block.metal.fall net.minecraft.util.SoundEvent@7915bca3
[15:32:05] [Client thread/TRACE] [FML]:   Registry: 65 minecraft:block.metal.hit net.minecraft.util.SoundEvent@68d651f2
[15:32:05] [Client thread/TRACE] [FML]:   Registry: 66 minecraft:block.metal.place net.minecraft.util.SoundEvent@3ad4a7d6
[15:32:05] [Client thread/TRACE] [FML]:   Registry: 67 minecraft:block.metal.step net.minecraft.util.SoundEvent@1e43e323
[15:32:05] [Client thread/TRACE] [FML]:   Registry: 68 minecraft:block.metal_pressureplate.click_off net.minecraft.util.SoundEvent@4a67b4ec
[15:32:05] [Client thread/TRACE] [FML]:   Registry: 69 minecraft:block.metal_pressureplate.click_on net.minecraft.util.SoundEvent@10643593
[15:32:05] [Client thread/TRACE] [FML]:   Registry: 70 minecraft:block.note.basedrum net.minecraft.util.SoundEvent@f91da5e
[15:32:05] [Client thread/TRACE] [FML]:   Registry: 71 minecraft:block.note.bass net.minecraft.util.SoundEvent@eca6a74
[15:32:05] [Client thread/TRACE] [FML]:   Registry: 72 minecraft:block.note.bell net.minecraft.util.SoundEvent@79fd6f95
[15:32:05] [Client thread/TRACE] [FML]:   Registry: 73 minecraft:block.note.chime net.minecraft.util.SoundEvent@48840594
[15:32:05] [Client thread/TRACE] [FML]:   Registry: 74 minecraft:block.note.flute net.minecraft.util.SoundEvent@49c675f0
[15:32:05] [Client thread/TRACE] [FML]:   Registry: 75 minecraft:block.note.guitar net.minecraft.util.SoundEvent@14823f76
[15:32:05] [Client thread/TRACE] [FML]:   Registry: 76 minecraft:block.note.harp net.minecraft.util.SoundEvent@6917bb4
[15:32:05] [Client thread/TRACE] [FML]:   Registry: 77 minecraft:block.note.hat net.minecraft.util.SoundEvent@6ed16657
[15:32:05] [Client thread/TRACE] [FML]:   Registry: 78 minecraft:block.note.pling net.minecraft.util.SoundEvent@1442f788
[15:32:05] [Client thread/TRACE] [FML]:   Registry: 79 minecraft:block.note.snare net.minecraft.util.SoundEvent@113e13f9
[15:32:05] [Client thread/TRACE] [FML]:   Registry: 80 minecraft:block.note.xylophone net.minecraft.util.SoundEvent@1c7f96b1
[15:32:05] [Client thread/TRACE] [FML]:   Registry: 81 minecraft:block.piston.contract net.minecraft.util.SoundEvent@7979b8b7
[15:32:05] [Client thread/TRACE] [FML]:   Registry: 82 minecraft:block.piston.extend net.minecraft.util.SoundEvent@7a04fea7
[15:32:05] [Client thread/TRACE] [FML]:   Registry: 83 minecraft:block.portal.ambient net.minecraft.util.SoundEvent@1bc49bc5
[15:32:05] [Client thread/TRACE] [FML]:   Registry: 84 minecraft:block.portal.travel net.minecraft.util.SoundEvent@7b6e5c12
[15:32:05] [Client thread/TRACE] [FML]:   Registry: 85 minecraft:block.portal.trigger net.minecraft.util.SoundEvent@4f66ffc8
[15:32:05] [Client thread/TRACE] [FML]:   Registry: 86 minecraft:block.redstone_torch.burnout net.minecraft.util.SoundEvent@124ac145
[15:32:05] [Client thread/TRACE] [FML]:   Registry: 87 minecraft:block.sand.break net.minecraft.util.SoundEvent@2def7a7a
[15:32:05] [Client thread/TRACE] [FML]:   Registry: 88 minecraft:block.sand.fall net.minecraft.util.SoundEvent@24e83d19
[15:32:05] [Client thread/TRACE] [FML]:   Registry: 89 minecraft:block.sand.hit net.minecraft.util.SoundEvent@5c080ef3
[15:32:05] [Client thread/TRACE] [FML]:   Registry: 90 minecraft:block.sand.place net.minecraft.util.SoundEvent@188cbcde
[15:32:05] [Client thread/TRACE] [FML]:   Registry: 91 minecraft:block.sand.step net.minecraft.util.SoundEvent@4ee6291f
[15:32:05] [Client thread/TRACE] [FML]:   Registry: 92 minecraft:block.shulker_box.close net.minecraft.util.SoundEvent@2b03d52f
[15:32:05] [Client thread/TRACE] [FML]:   Registry: 93 minecraft:block.shulker_box.open net.minecraft.util.SoundEvent@37e0292a
[15:32:05] [Client thread/TRACE] [FML]:   Registry: 94 minecraft:block.slime.break net.minecraft.util.SoundEvent@4af70944
[15:32:05] [Client thread/TRACE] [FML]:   Registry: 95 minecraft:block.slime.fall net.minecraft.util.SoundEvent@35267fd4
[15:32:05] [Client thread/TRACE] [FML]:   Registry: 96 minecraft:block.slime.hit net.minecraft.util.SoundEvent@397ef2
[15:32:05] [Client thread/TRACE] [FML]:   Registry: 97 minecraft:block.slime.place net.minecraft.util.SoundEvent@36a6bea6
[15:32:05] [Client thread/TRACE] [FML]:   Registry: 98 minecraft:block.slime.step net.minecraft.util.SoundEvent@44e93c1f
[15:32:05] [Client thread/TRACE] [FML]:   Registry: 99 minecraft:block.snow.break net.minecraft.util.SoundEvent@42373389
[15:32:05] [Client thread/TRACE] [FML]:   Registry: 100 minecraft:block.snow.fall net.minecraft.util.SoundEvent@9b21bd3
[15:32:05] [Client thread/TRACE] [FML]:   Registry: 101 minecraft:block.snow.hit net.minecraft.util.SoundEvent@a62c7cd
[15:32:05] [Client thread/TRACE] [FML]:   Registry: 102 minecraft:block.snow.place net.minecraft.util.SoundEvent@7661b5a
[15:32:05] [Client thread/TRACE] [FML]:   Registry: 103 minecraft:block.snow.step net.minecraft.util.SoundEvent@7c36db44
[15:32:05] [Client thread/TRACE] [FML]:   Registry: 104 minecraft:block.stone.break net.minecraft.util.SoundEvent@65c33b92
[15:32:05] [Client thread/TRACE] [FML]:   Registry: 105 minecraft:block.stone.fall net.minecraft.util.SoundEvent@7903d448
[15:32:05] [Client thread/TRACE] [FML]:   Registry: 106 minecraft:block.stone.hit net.minecraft.util.SoundEvent@4e08acf9
[15:32:05] [Client thread/TRACE] [FML]:   Registry: 107 minecraft:block.stone.place net.minecraft.util.SoundEvent@42ea287
[15:32:05] [Client thread/TRACE] [FML]:   Registry: 108 minecraft:block.stone.step net.minecraft.util.SoundEvent@78cd163b
[15:32:05] [Client thread/TRACE] [FML]:   Registry: 109 minecraft:block.stone_button.click_off net.minecraft.util.SoundEvent@1f0b3cfe
[15:32:05] [Client thread/TRACE] [FML]:   Registry: 110 minecraft:block.stone_button.click_on net.minecraft.util.SoundEvent@14ef2482
[15:32:05] [Client thread/TRACE] [FML]:   Registry: 111 minecraft:block.stone_pressureplate.click_off net.minecraft.util.SoundEvent@65a48602
[15:32:05] [Client thread/TRACE] [FML]:   Registry: 112 minecraft:block.stone_pressureplate.click_on net.minecraft.util.SoundEvent@75483843
[15:32:05] [Client thread/TRACE] [FML]:   Registry: 113 minecraft:block.tripwire.attach net.minecraft.util.SoundEvent@336206d8
[15:32:05] [Client thread/TRACE] [FML]:   Registry: 114 minecraft:block.tripwire.click_off net.minecraft.util.SoundEvent@5ec4ff02
[15:32:05] [Client thread/TRACE] [FML]:   Registry: 115 minecraft:block.tripwire.click_on net.minecraft.util.SoundEvent@1f11f64e
[15:32:05] [Client thread/TRACE] [FML]:   Registry: 116 minecraft:block.tripwire.detach net.minecraft.util.SoundEvent@2b2f5fcf
[15:32:05] [Client thread/TRACE] [FML]:   Registry: 117 minecraft:block.water.ambient net.minecraft.util.SoundEvent@858d8b4
[15:32:05] [Client thread/TRACE] [FML]:   Registry: 118 minecraft:block.waterlily.place net.minecraft.util.SoundEvent@711d1a52
[15:32:05] [Client thread/TRACE] [FML]:   Registry: 119 minecraft:block.wood.break net.minecraft.util.SoundEvent@612e21b9
[15:32:05] [Client thread/TRACE] [FML]:   Registry: 120 minecraft:block.wood.fall net.minecraft.util.SoundEvent@302edb74
[15:32:05] [Client thread/TRACE] [FML]:   Registry: 121 minecraft:block.wood.hit net.minecraft.util.SoundEvent@7efd28bd
[15:32:05] [Client thread/TRACE] [FML]:   Registry: 122 minecraft:block.wood.place net.minecraft.util.SoundEvent@672b72ba
[15:32:05] [Client thread/TRACE] [FML]:   Registry: 123 minecraft:block.wood.step net.minecraft.util.SoundEvent@7718a40f
[15:32:05] [Client thread/TRACE] [FML]:   Registry: 124 minecraft:block.wood_button.click_off net.minecraft.util.SoundEvent@312b34e3
[15:32:05] [Client thread/TRACE] [FML]:   Registry: 125 minecraft:block.wood_button.click_on net.minecraft.util.SoundEvent@26844abb
[15:32:05] [Client thread/TRACE] [FML]:   Registry: 126 minecraft:block.wood_pressureplate.click_off net.minecraft.util.SoundEvent@1a865273
[15:32:05] [Client thread/TRACE] [FML]:   Registry: 127 minecraft:block.wood_pressureplate.click_on net.minecraft.util.SoundEvent@288ca5f0
[15:32:05] [Client thread/TRACE] [FML]:   Registry: 128 minecraft:block.wooden_door.close net.minecraft.util.SoundEvent@4068102e
[15:32:05] [Client thread/TRACE] [FML]:   Registry: 129 minecraft:block.wooden_door.open net.minecraft.util.SoundEvent@44bd4b0a
[15:32:05] [Client thread/TRACE] [FML]:   Registry: 130 minecraft:block.wooden_trapdoor.close net.minecraft.util.SoundEvent@6c008c24
[15:32:05] [Client thread/TRACE] [FML]:   Registry: 131 minecraft:block.wooden_trapdoor.open net.minecraft.util.SoundEvent@216e0771
[15:32:05] [Client thread/TRACE] [FML]:   Registry: 132 minecraft:enchant.thorns.hit net.minecraft.util.SoundEvent@21079a12
[15:32:05] [Client thread/TRACE] [FML]:   Registry: 133 minecraft:entity.armorstand.break net.minecraft.util.SoundEvent@fcc6023
[15:32:05] [Client thread/TRACE] [FML]:   Registry: 134 minecraft:entity.armorstand.fall net.minecraft.util.SoundEvent@67c5ac52
[15:32:05] [Client thread/TRACE] [FML]:   Registry: 135 minecraft:entity.armorstand.hit net.minecraft.util.SoundEvent@36417a54
[15:32:05] [Client thread/TRACE] [FML]:   Registry: 136 minecraft:entity.armorstand.place net.minecraft.util.SoundEvent@2b8bb184
[15:32:05] [Client thread/TRACE] [FML]:   Registry: 137 minecraft:entity.arrow.hit net.minecraft.util.SoundEvent@472a11ae
[15:32:05] [Client thread/TRACE] [FML]:   Registry: 138 minecraft:entity.arrow.hit_player net.minecraft.util.SoundEvent@dc79225
[15:32:05] [Client thread/TRACE] [FML]:   Registry: 139 minecraft:entity.arrow.shoot net.minecraft.util.SoundEvent@30e9ca13
[15:32:05] [Client thread/TRACE] [FML]:   Registry: 140 minecraft:entity.bat.ambient net.minecraft.util.SoundEvent@46185a1b
[15:32:05] [Client thread/TRACE] [FML]:   Registry: 141 minecraft:entity.bat.death net.minecraft.util.SoundEvent@51288417
[15:32:05] [Client thread/TRACE] [FML]:   Registry: 142 minecraft:entity.bat.hurt net.minecraft.util.SoundEvent@60cf62ad
[15:32:05] [Client thread/TRACE] [FML]:   Registry: 143 minecraft:entity.bat.loop net.minecraft.util.SoundEvent@1e0895f5
[15:32:05] [Client thread/TRACE] [FML]:   Registry: 144 minecraft:entity.bat.takeoff net.minecraft.util.SoundEvent@1ac4ccad
[15:32:05] [Client thread/TRACE] [FML]:   Registry: 145 minecraft:entity.blaze.ambient net.minecraft.util.SoundEvent@fd9ebde
[15:32:05] [Client thread/TRACE] [FML]:   Registry: 146 minecraft:entity.blaze.burn net.minecraft.util.SoundEvent@14982a82
[15:32:05] [Client thread/TRACE] [FML]:   Registry: 147 minecraft:entity.blaze.death net.minecraft.util.SoundEvent@4ee5b2d9
[15:32:05] [Client thread/TRACE] [FML]:   Registry: 148 minecraft:entity.blaze.hurt net.minecraft.util.SoundEvent@72f8ae0c
[15:32:05] [Client thread/TRACE] [FML]:   Registry: 149 minecraft:entity.blaze.shoot net.minecraft.util.SoundEvent@323f3c96
[15:32:05] [Client thread/TRACE] [FML]:   Registry: 150 minecraft:entity.boat.paddle_land net.minecraft.util.SoundEvent@6726cc69
[15:32:05] [Client thread/TRACE] [FML]:   Registry: 151 minecraft:entity.boat.paddle_water net.minecraft.util.SoundEvent@4b6d92e
[15:32:05] [Client thread/TRACE] [FML]:   Registry: 152 minecraft:entity.bobber.retrieve net.minecraft.util.SoundEvent@33899f7a
[15:32:05] [Client thread/TRACE] [FML]:   Registry: 153 minecraft:entity.bobber.splash net.minecraft.util.SoundEvent@7899de11
[15:32:05] [Client thread/TRACE] [FML]:   Registry: 154 minecraft:entity.bobber.throw net.minecraft.util.SoundEvent@290d10ef
[15:32:05] [Client thread/TRACE] [FML]:   Registry: 155 minecraft:entity.cat.ambient net.minecraft.util.SoundEvent@1bc0d349
[15:32:05] [Client thread/TRACE] [FML]:   Registry: 156 minecraft:entity.cat.death net.minecraft.util.SoundEvent@644ded04
[15:32:05] [Client thread/TRACE] [FML]:   Registry: 157 minecraft:entity.cat.hiss net.minecraft.util.SoundEvent@5292ceca
[15:32:05] [Client thread/TRACE] [FML]:   Registry: 158 minecraft:entity.cat.hurt net.minecraft.util.SoundEvent@13d9261f
[15:32:05] [Client thread/TRACE] [FML]:   Registry: 159 minecraft:entity.cat.purr net.minecraft.util.SoundEvent@e9ef5b6
[15:32:05] [Client thread/TRACE] [FML]:   Registry: 160 minecraft:entity.cat.purreow net.minecraft.util.SoundEvent@5300cac
[15:32:05] [Client thread/TRACE] [FML]:   Registry: 161 minecraft:entity.chicken.ambient net.minecraft.util.SoundEvent@4110765e
[15:32:05] [Client thread/TRACE] [FML]:   Registry: 162 minecraft:entity.chicken.death net.minecraft.util.SoundEvent@1ba359bd
[15:32:05] [Client thread/TRACE] [FML]:   Registry: 163 minecraft:entity.chicken.egg net.minecraft.util.SoundEvent@62e93c3a
[15:32:05] [Client thread/TRACE] [FML]:   Registry: 164 minecraft:entity.chicken.hurt net.minecraft.util.SoundEvent@673919a7
[15:32:05] [Client thread/TRACE] [FML]:   Registry: 165 minecraft:entity.chicken.step net.minecraft.util.SoundEvent@25d93198
[15:32:05] [Client thread/TRACE] [FML]:   Registry: 166 minecraft:entity.cow.ambient net.minecraft.util.SoundEvent@2436ea2f
[15:32:05] [Client thread/TRACE] [FML]:   Registry: 167 minecraft:entity.cow.death net.minecraft.util.SoundEvent@f951a7f
[15:32:05] [Client thread/TRACE] [FML]:   Registry: 168 minecraft:entity.cow.hurt net.minecraft.util.SoundEvent@20cece0b
[15:32:05] [Client thread/TRACE] [FML]:   Registry: 169 minecraft:entity.cow.milk net.minecraft.util.SoundEvent@4c777e7b
[15:32:05] [Client thread/TRACE] [FML]:   Registry: 170 minecraft:entity.cow.step net.minecraft.util.SoundEvent@5f038248
[15:32:05] [Client thread/TRACE] [FML]:   Registry: 171 minecraft:entity.creeper.death net.minecraft.util.SoundEvent@78e22d35
[15:32:05] [Client thread/TRACE] [FML]:   Registry: 172 minecraft:entity.creeper.hurt net.minecraft.util.SoundEvent@2e8a1ab4
[15:32:05] [Client thread/TRACE] [FML]:   Registry: 173 minecraft:entity.creeper.primed net.minecraft.util.SoundEvent@59f93db8
[15:32:05] [Client thread/TRACE] [FML]:   Registry: 174 minecraft:entity.donkey.ambient net.minecraft.util.SoundEvent@1aabf50d
[15:32:05] [Client thread/TRACE] [FML]:   Registry: 175 minecraft:entity.donkey.angry net.minecraft.util.SoundEvent@73c9e8e8
[15:32:05] [Client thread/TRACE] [FML]:   Registry: 176 minecraft:entity.donkey.chest net.minecraft.util.SoundEvent@de8039f
[15:32:05] [Client thread/TRACE] [FML]:   Registry: 177 minecraft:entity.donkey.death net.minecraft.util.SoundEvent@1deceb67
[15:32:05] [Client thread/TRACE] [FML]:   Registry: 178 minecraft:entity.donkey.hurt net.minecraft.util.SoundEvent@582a764a
[15:32:05] [Client thread/TRACE] [FML]:   Registry: 179 minecraft:entity.egg.throw net.minecraft.util.SoundEvent@64984b0f
[15:32:05] [Client thread/TRACE] [FML]:   Registry: 180 minecraft:entity.elder_guardian.ambient net.minecraft.util.SoundEvent@292158f8
[15:32:05] [Client thread/TRACE] [FML]:   Registry: 181 minecraft:entity.elder_guardian.ambient_land net.minecraft.util.SoundEvent@53ec2968
[15:32:05] [Client thread/TRACE] [FML]:   Registry: 182 minecraft:entity.elder_guardian.curse net.minecraft.util.SoundEvent@58ff8d79
[15:32:05] [Client thread/TRACE] [FML]:   Registry: 183 minecraft:entity.elder_guardian.death net.minecraft.util.SoundEvent@7e19755a
[15:32:05] [Client thread/TRACE] [FML]:   Registry: 184 minecraft:entity.elder_guardian.death_land net.minecraft.util.SoundEvent@5d5c04f9
[15:32:05] [Client thread/TRACE] [FML]:   Registry: 185 minecraft:entity.elder_guardian.flop net.minecraft.util.SoundEvent@6f49d153
[15:32:05] [Client thread/TRACE] [FML]:   Registry: 186 minecraft:entity.elder_guardian.hurt net.minecraft.util.SoundEvent@4b790d86
[15:32:05] [Client thread/TRACE] [FML]:   Registry: 187 minecraft:entity.elder_guardian.hurt_land net.minecraft.util.SoundEvent@7e7f0216
[15:32:05] [Client thread/TRACE] [FML]:   Registry: 188 minecraft:entity.enderdragon.ambient net.minecraft.util.SoundEvent@4339baec
[15:32:05] [Client thread/TRACE] [FML]:   Registry: 189 minecraft:entity.enderdragon.death net.minecraft.util.SoundEvent@62db3891
[15:32:05] [Client thread/TRACE] [FML]:   Registry: 190 minecraft:entity.enderdragon.flap net.minecraft.util.SoundEvent@61cd1c71
[15:32:05] [Client thread/TRACE] [FML]:   Registry: 191 minecraft:entity.enderdragon.growl net.minecraft.util.SoundEvent@6724cdec
[15:32:05] [Client thread/TRACE] [FML]:   Registry: 192 minecraft:entity.enderdragon.hurt net.minecraft.util.SoundEvent@6944e53e
[15:32:05] [Client thread/TRACE] [FML]:   Registry: 193 minecraft:entity.enderdragon.shoot net.minecraft.util.SoundEvent@52e04737
[15:32:05] [Client thread/TRACE] [FML]:   Registry: 194 minecraft:entity.enderdragon_fireball.explode net.minecraft.util.SoundEvent@5bc7e78e
[15:32:05] [Client thread/TRACE] [FML]:   Registry: 195 minecraft:entity.endereye.death net.minecraft.util.SoundEvent@1a4d1ab7
[15:32:05] [Client thread/TRACE] [FML]:   Registry: 196 minecraft:entity.endereye.launch net.minecraft.util.SoundEvent@546e61d5
[15:32:05] [Client thread/TRACE] [FML]:   Registry: 197 minecraft:entity.endermen.ambient net.minecraft.util.SoundEvent@4674d90
[15:32:05] [Client thread/TRACE] [FML]:   Registry: 198 minecraft:entity.endermen.death net.minecraft.util.SoundEvent@60783105
[15:32:05] [Client thread/TRACE] [FML]:   Registry: 199 minecraft:entity.endermen.hurt net.minecraft.util.SoundEvent@1292071f
[15:32:05] [Client thread/TRACE] [FML]:   Registry: 200 minecraft:entity.endermen.scream net.minecraft.util.SoundEvent@35d5ac51
[15:32:05] [Client thread/TRACE] [FML]:   Registry: 201 minecraft:entity.endermen.stare net.minecraft.util.SoundEvent@b606cb6
[15:32:05] [Client thread/TRACE] [FML]:   Registry: 202 minecraft:entity.endermen.teleport net.minecraft.util.SoundEvent@2a3194c6
[15:32:05] [Client thread/TRACE] [FML]:   Registry: 203 minecraft:entity.endermite.ambient net.minecraft.util.SoundEvent@2819c460
[15:32:05] [Client thread/TRACE] [FML]:   Registry: 204 minecraft:entity.endermite.death net.minecraft.util.SoundEvent@30364216
[15:32:05] [Client thread/TRACE] [FML]:   Registry: 205 minecraft:entity.endermite.hurt net.minecraft.util.SoundEvent@38bb9d7a
[15:32:05] [Client thread/TRACE] [FML]:   Registry: 206 minecraft:entity.endermite.step net.minecraft.util.SoundEvent@1e8ab90f
[15:32:05] [Client thread/TRACE] [FML]:   Registry: 207 minecraft:entity.enderpearl.throw net.minecraft.util.SoundEvent@78d6447a
[15:32:05] [Client thread/TRACE] [FML]:   Registry: 208 minecraft:entity.evocation_fangs.attack net.minecraft.util.SoundEvent@7a729f84
[15:32:05] [Client thread/TRACE] [FML]:   Registry: 209 minecraft:entity.evocation_illager.ambient net.minecraft.util.SoundEvent@1e469dfd
[15:32:05] [Client thread/TRACE] [FML]:   Registry: 210 minecraft:entity.evocation_illager.cast_spell net.minecraft.util.SoundEvent@554f0dfb
[15:32:05] [Client thread/TRACE] [FML]:   Registry: 211 minecraft:entity.evocation_illager.death net.minecraft.util.SoundEvent@1f7076bc
[15:32:05] [Client thread/TRACE] [FML]:   Registry: 212 minecraft:entity.evocation_illager.hurt net.minecraft.util.SoundEvent@71904469
[15:32:05] [Client thread/TRACE] [FML]:   Registry: 213 minecraft:entity.evocation_illager.prepare_attack net.minecraft.util.SoundEvent@5b9396d3
[15:32:05] [Client thread/TRACE] [FML]:   Registry: 214 minecraft:entity.evocation_illager.prepare_summon net.minecraft.util.SoundEvent@761e788f
[15:32:05] [Client thread/TRACE] [FML]:   Registry: 215 minecraft:entity.evocation_illager.prepare_wololo net.minecraft.util.SoundEvent@6a472566
[15:32:05] [Client thread/TRACE] [FML]:   Registry: 216 minecraft:entity.experience_bottle.throw net.minecraft.util.SoundEvent@1907874b
[15:32:05] [Client thread/TRACE] [FML]:   Registry: 217 minecraft:entity.experience_orb.pickup net.minecraft.util.SoundEvent@5e65afb6
[15:32:05] [Client thread/TRACE] [FML]:   Registry: 218 minecraft:entity.firework.blast net.minecraft.util.SoundEvent@5b3a7ef5
[15:32:05] [Client thread/TRACE] [FML]:   Registry: 219 minecraft:entity.firework.blast_far net.minecraft.util.SoundEvent@8851ce1
[15:32:05] [Client thread/TRACE] [FML]:   Registry: 220 minecraft:entity.firework.large_blast net.minecraft.util.SoundEvent@2d9dff65
[15:32:05] [Client thread/TRACE] [FML]:   Registry: 221 minecraft:entity.firework.large_blast_far net.minecraft.util.SoundEvent@5ef6fd7f
[15:32:05] [Client thread/TRACE] [FML]:   Registry: 222 minecraft:entity.firework.launch net.minecraft.util.SoundEvent@5633ed82
[15:32:05] [Client thread/TRACE] [FML]:   Registry: 223 minecraft:entity.firework.shoot net.minecraft.util.SoundEvent@767191b1
[15:32:05] [Client thread/TRACE] [FML]:   Registry: 224 minecraft:entity.firework.twinkle net.minecraft.util.SoundEvent@34d52ecd
[15:32:05] [Client thread/TRACE] [FML]:   Registry: 225 minecraft:entity.firework.twinkle_far net.minecraft.util.SoundEvent@5d21202d
[15:32:05] [Client thread/TRACE] [FML]:   Registry: 226 minecraft:entity.generic.big_fall net.minecraft.util.SoundEvent@14b789f6
[15:32:05] [Client thread/TRACE] [FML]:   Registry: 227 minecraft:entity.generic.burn net.minecraft.util.SoundEvent@6eb17ec8
[15:32:05] [Client thread/TRACE] [FML]:   Registry: 228 minecraft:entity.generic.death net.minecraft.util.SoundEvent@730f9695
[15:32:05] [Client thread/TRACE] [FML]:   Registry: 229 minecraft:entity.generic.drink net.minecraft.util.SoundEvent@277bf091
[15:32:05] [Client thread/TRACE] [FML]:   Registry: 230 minecraft:entity.generic.eat net.minecraft.util.SoundEvent@fab35b1
[15:32:05] [Client thread/TRACE] [FML]:   Registry: 231 minecraft:entity.generic.explode net.minecraft.util.SoundEvent@6a094db2
[15:32:05] [Client thread/TRACE] [FML]:   Registry: 232 minecraft:entity.generic.extinguish_fire net.minecraft.util.SoundEvent@65bdd558
[15:32:05] [Client thread/TRACE] [FML]:   Registry: 233 minecraft:entity.generic.hurt net.minecraft.util.SoundEvent@1dba4e06
[15:32:05] [Client thread/TRACE] [FML]:   Registry: 234 minecraft:entity.generic.small_fall net.minecraft.util.SoundEvent@4beaf6bd
[15:32:05] [Client thread/TRACE] [FML]:   Registry: 235 minecraft:entity.generic.splash net.minecraft.util.SoundEvent@6b2e46af
[15:32:05] [Client thread/TRACE] [FML]:   Registry: 236 minecraft:entity.generic.swim net.minecraft.util.SoundEvent@60325987
[15:32:05] [Client thread/TRACE] [FML]:   Registry: 237 minecraft:entity.ghast.ambient net.minecraft.util.SoundEvent@2f37f1f9
[15:32:05] [Client thread/TRACE] [FML]:   Registry: 238 minecraft:entity.ghast.death net.minecraft.util.SoundEvent@3374b5bc
[15:32:05] [Client thread/TRACE] [FML]:   Registry: 239 minecraft:entity.ghast.hurt net.minecraft.util.SoundEvent@2af69643
[15:32:05] [Client thread/TRACE] [FML]:   Registry: 240 minecraft:entity.ghast.scream net.minecraft.util.SoundEvent@587a1cfb
[15:32:05] [Client thread/TRACE] [FML]:   Registry: 241 minecraft:entity.ghast.shoot net.minecraft.util.SoundEvent@48528634
[15:32:05] [Client thread/TRACE] [FML]:   Registry: 242 minecraft:entity.ghast.warn net.minecraft.util.SoundEvent@5e1d03d7
[15:32:05] [Client thread/TRACE] [FML]:   Registry: 243 minecraft:entity.guardian.ambient net.minecraft.util.SoundEvent@4047d2d9
[15:32:05] [Client thread/TRACE] [FML]:   Registry: 244 minecraft:entity.guardian.ambient_land net.minecraft.util.SoundEvent@48d293ee
[15:32:05] [Client thread/TRACE] [FML]:   Registry: 245 minecraft:entity.guardian.attack net.minecraft.util.SoundEvent@146dcfe6
[15:32:05] [Client thread/TRACE] [FML]:   Registry: 246 minecraft:entity.guardian.death net.minecraft.util.SoundEvent@22587507
[15:32:05] [Client thread/TRACE] [FML]:   Registry: 247 minecraft:entity.guardian.death_land net.minecraft.util.SoundEvent@5c77ba8f
[15:32:05] [Client thread/TRACE] [FML]:   Registry: 248 minecraft:entity.guardian.flop net.minecraft.util.SoundEvent@660f0c
[15:32:05] [Client thread/TRACE] [FML]:   Registry: 249 minecraft:entity.guardian.hurt net.minecraft.util.SoundEvent@7a0ef219
[15:32:05] [Client thread/TRACE] [FML]:   Registry: 250 minecraft:entity.guardian.hurt_land net.minecraft.util.SoundEvent@1b1f5012
[15:32:05] [Client thread/TRACE] [FML]:   Registry: 251 minecraft:entity.horse.ambient net.minecraft.util.SoundEvent@7add323c
[15:32:05] [Client thread/TRACE] [FML]:   Registry: 252 minecraft:entity.horse.angry net.minecraft.util.SoundEvent@4a734c04
[15:32:05] [Client thread/TRACE] [FML]:   Registry: 253 minecraft:entity.horse.armor net.minecraft.util.SoundEvent@4760f169
[15:32:05] [Client thread/TRACE] [FML]:   Registry: 254 minecraft:entity.horse.breathe net.minecraft.util.SoundEvent@261ea657
[15:32:05] [Client thread/TRACE] [FML]:   Registry: 255 minecraft:entity.horse.death net.minecraft.util.SoundEvent@35c12c7a
[15:32:05] [Client thread/TRACE] [FML]:   Registry: 256 minecraft:entity.horse.eat net.minecraft.util.SoundEvent@658255aa
[15:32:05] [Client thread/TRACE] [FML]:   Registry: 257 minecraft:entity.horse.gallop net.minecraft.util.SoundEvent@25290bca
[15:32:05] [Client thread/TRACE] [FML]:   Registry: 258 minecraft:entity.horse.hurt net.minecraft.util.SoundEvent@76563d26
[15:32:05] [Client thread/TRACE] [FML]:   Registry: 259 minecraft:entity.horse.jump net.minecraft.util.SoundEvent@4ac86d6a
[15:32:05] [Client thread/TRACE] [FML]:   Registry: 260 minecraft:entity.horse.land net.minecraft.util.SoundEvent@3d904e9c
[15:32:05] [Client thread/TRACE] [FML]:   Registry: 261 minecraft:entity.horse.saddle net.minecraft.util.SoundEvent@508a65bf
[15:32:05] [Client thread/TRACE] [FML]:   Registry: 262 minecraft:entity.horse.step net.minecraft.util.SoundEvent@17f2dd85
[15:32:05] [Client thread/TRACE] [FML]:   Registry: 263 minecraft:entity.horse.step_wood net.minecraft.util.SoundEvent@1e58512c
[15:32:05] [Client thread/TRACE] [FML]:   Registry: 264 minecraft:entity.hostile.big_fall net.minecraft.util.SoundEvent@210308d5
[15:32:05] [Client thread/TRACE] [FML]:   Registry: 265 minecraft:entity.hostile.death net.minecraft.util.SoundEvent@22a736d7
[15:32:05] [Client thread/TRACE] [FML]:   Registry: 266 minecraft:entity.hostile.hurt net.minecraft.util.SoundEvent@23b8d9f3
[15:32:05] [Client thread/TRACE] [FML]:   Registry: 267 minecraft:entity.hostile.small_fall net.minecraft.util.SoundEvent@7f353d99
[15:32:05] [Client thread/TRACE] [FML]:   Registry: 268 minecraft:entity.hostile.splash net.minecraft.util.SoundEvent@4649d70a
[15:32:05] [Client thread/TRACE] [FML]:   Registry: 269 minecraft:entity.hostile.swim net.minecraft.util.SoundEvent@5d43409a
[15:32:05] [Client thread/TRACE] [FML]:   Registry: 270 minecraft:entity.husk.ambient net.minecraft.util.SoundEvent@38d17d80
[15:32:05] [Client thread/TRACE] [FML]:   Registry: 271 minecraft:entity.husk.death net.minecraft.util.SoundEvent@6ede46f6
[15:32:05] [Client thread/TRACE] [FML]:   Registry: 272 minecraft:entity.husk.hurt net.minecraft.util.SoundEvent@66273da0
[15:32:05] [Client thread/TRACE] [FML]:   Registry: 273 minecraft:entity.husk.step net.minecraft.util.SoundEvent@2127e66e
[15:32:05] [Client thread/TRACE] [FML]:   Registry: 274 minecraft:entity.illusion_illager.ambient net.minecraft.util.SoundEvent@1229a2b7
[15:32:05] [Client thread/TRACE] [FML]:   Registry: 275 minecraft:entity.illusion_illager.cast_spell net.minecraft.util.SoundEvent@e5cbff2
[15:32:05] [Client thread/TRACE] [FML]:   Registry: 276 minecraft:entity.illusion_illager.death net.minecraft.util.SoundEvent@51c959a4
[15:32:05] [Client thread/TRACE] [FML]:   Registry: 277 minecraft:entity.illusion_illager.hurt net.minecraft.util.SoundEvent@4fc3c165
[15:32:05] [Client thread/TRACE] [FML]:   Registry: 278 minecraft:entity.illusion_illager.mirror_move net.minecraft.util.SoundEvent@10a0fe30
[15:32:05] [Client thread/TRACE] [FML]:   Registry: 279 minecraft:entity.illusion_illager.prepare_blindness net.minecraft.util.SoundEvent@7b6860f9
[15:32:05] [Client thread/TRACE] [FML]:   Registry: 280 minecraft:entity.illusion_illager.prepare_mirror net.minecraft.util.SoundEvent@60f70249
[15:32:05] [Client thread/TRACE] [FML]:   Registry: 281 minecraft:entity.irongolem.attack net.minecraft.util.SoundEvent@31ee2fdb
[15:32:05] [Client thread/TRACE] [FML]:   Registry: 282 minecraft:entity.irongolem.death net.minecraft.util.SoundEvent@262816a8
[15:32:05] [Client thread/TRACE] [FML]:   Registry: 283 minecraft:entity.irongolem.hurt net.minecraft.util.SoundEvent@1effd53c
[15:32:05] [Client thread/TRACE] [FML]:   Registry: 284 minecraft:entity.irongolem.step net.minecraft.util.SoundEvent@46c269e0
[15:32:05] [Client thread/TRACE] [FML]:   Registry: 285 minecraft:entity.item.break net.minecraft.util.SoundEvent@6920614
[15:32:05] [Client thread/TRACE] [FML]:   Registry: 286 minecraft:entity.item.pickup net.minecraft.util.SoundEvent@6069dd38
[15:32:05] [Client thread/TRACE] [FML]:   Registry: 287 minecraft:entity.itemframe.add_item net.minecraft.util.SoundEvent@5fa23c
[15:32:05] [Client thread/TRACE] [FML]:   Registry: 288 minecraft:entity.itemframe.break net.minecraft.util.SoundEvent@558756be
[15:32:05] [Client thread/TRACE] [FML]:   Registry: 289 minecraft:entity.itemframe.place net.minecraft.util.SoundEvent@433348bc
[15:32:05] [Client thread/TRACE] [FML]:   Registry: 290 minecraft:entity.itemframe.remove_item net.minecraft.util.SoundEvent@6d1dcdff
[15:32:05] [Client thread/TRACE] [FML]:   Registry: 291 minecraft:entity.itemframe.rotate_item net.minecraft.util.SoundEvent@102ecc22
[15:32:05] [Client thread/TRACE] [FML]:   Registry: 292 minecraft:entity.leashknot.break net.minecraft.util.SoundEvent@7ff35a3f
[15:32:05] [Client thread/TRACE] [FML]:   Registry: 293 minecraft:entity.leashknot.place net.minecraft.util.SoundEvent@26dc9bd5
[15:32:05] [Client thread/TRACE] [FML]:   Registry: 294 minecraft:entity.lightning.impact net.minecraft.util.SoundEvent@252dc8c4
[15:32:05] [Client thread/TRACE] [FML]:   Registry: 295 minecraft:entity.lightning.thunder net.minecraft.util.SoundEvent@43045f9f
[15:32:05] [Client thread/TRACE] [FML]:   Registry: 296 minecraft:entity.lingeringpotion.throw net.minecraft.util.SoundEvent@2643d762
[15:32:05] [Client thread/TRACE] [FML]:   Registry: 297 minecraft:entity.llama.ambient net.minecraft.util.SoundEvent@6403e24c
[15:32:05] [Client thread/TRACE] [FML]:   Registry: 298 minecraft:entity.llama.angry net.minecraft.util.SoundEvent@2f236de0
[15:32:05] [Client thread/TRACE] [FML]:   Registry: 299 minecraft:entity.llama.chest net.minecraft.util.SoundEvent@4eba373c
[15:32:05] [Client thread/TRACE] [FML]:   Registry: 300 minecraft:entity.llama.death net.minecraft.util.SoundEvent@767a014e
[15:32:05] [Client thread/TRACE] [FML]:   Registry: 301 minecraft:entity.llama.eat net.minecraft.util.SoundEvent@d109c4f
[15:32:05] [Client thread/TRACE] [FML]:   Registry: 302 minecraft:entity.llama.hurt net.minecraft.util.SoundEvent@3968bc60
[15:32:05] [Client thread/TRACE] [FML]:   Registry: 303 minecraft:entity.llama.spit net.minecraft.util.SoundEvent@26f46fa6
[15:32:05] [Client thread/TRACE] [FML]:   Registry: 304 minecraft:entity.llama.step net.minecraft.util.SoundEvent@227a47
[15:32:05] [Client thread/TRACE] [FML]:   Registry: 305 minecraft:entity.llama.swag net.minecraft.util.SoundEvent@9596ce8
[15:32:05] [Client thread/TRACE] [FML]:   Registry: 306 minecraft:entity.magmacube.death net.minecraft.util.SoundEvent@75ae4a1f
[15:32:05] [Client thread/TRACE] [FML]:   Registry: 307 minecraft:entity.magmacube.hurt net.minecraft.util.SoundEvent@70228253
[15:32:05] [Client thread/TRACE] [FML]:   Registry: 308 minecraft:entity.magmacube.jump net.minecraft.util.SoundEvent@63c12e52
[15:32:05] [Client thread/TRACE] [FML]:   Registry: 309 minecraft:entity.magmacube.squish net.minecraft.util.SoundEvent@21bd20ee
[15:32:05] [Client thread/TRACE] [FML]:   Registry: 310 minecraft:entity.minecart.inside net.minecraft.util.SoundEvent@26c47874
[15:32:05] [Client thread/TRACE] [FML]:   Registry: 311 minecraft:entity.minecart.riding net.minecraft.util.SoundEvent@421056e5
[15:32:05] [Client thread/TRACE] [FML]:   Registry: 312 minecraft:entity.mooshroom.shear net.minecraft.util.SoundEvent@2849434b
[15:32:05] [Client thread/TRACE] [FML]:   Registry: 313 minecraft:entity.mule.ambient net.minecraft.util.SoundEvent@60bbacfc
[15:32:05] [Client thread/TRACE] [FML]:   Registry: 314 minecraft:entity.mule.chest net.minecraft.util.SoundEvent@65b97f47
[15:32:05] [Client thread/TRACE] [FML]:   Registry: 315 minecraft:entity.mule.death net.minecraft.util.SoundEvent@255eaa6b
[15:32:05] [Client thread/TRACE] [FML]:   Registry: 316 minecraft:entity.mule.hurt net.minecraft.util.SoundEvent@476fe690
[15:32:05] [Client thread/TRACE] [FML]:   Registry: 317 minecraft:entity.painting.break net.minecraft.util.SoundEvent@7a0e7ecd
[15:32:05] [Client thread/TRACE] [FML]:   Registry: 318 minecraft:entity.painting.place net.minecraft.util.SoundEvent@54e3658c
[15:32:05] [Client thread/TRACE] [FML]:   Registry: 319 minecraft:entity.parrot.ambient net.minecraft.util.SoundEvent@43e9089
[15:32:05] [Client thread/TRACE] [FML]:   Registry: 320 minecraft:entity.parrot.death net.minecraft.util.SoundEvent@3c5dbdf8
[15:32:05] [Client thread/TRACE] [FML]:   Registry: 321 minecraft:entity.parrot.eat net.minecraft.util.SoundEvent@352c44a8
[15:32:05] [Client thread/TRACE] [FML]:   Registry: 322 minecraft:entity.parrot.fly net.minecraft.util.SoundEvent@7aac8884
[15:32:05] [Client thread/TRACE] [FML]:   Registry: 323 minecraft:entity.parrot.hurt net.minecraft.util.SoundEvent@a66e580
[15:32:05] [Client thread/TRACE] [FML]:   Registry: 324 minecraft:entity.parrot.imitate.blaze net.minecraft.util.SoundEvent@5b852b49
[15:32:05] [Client thread/TRACE] [FML]:   Registry: 325 minecraft:entity.parrot.imitate.creeper net.minecraft.util.SoundEvent@cdb2d95
[15:32:05] [Client thread/TRACE] [FML]:   Registry: 326 minecraft:entity.parrot.imitate.elder_guardian net.minecraft.util.SoundEvent@122d6c22
[15:32:05] [Client thread/TRACE] [FML]:   Registry: 327 minecraft:entity.parrot.imitate.enderdragon net.minecraft.util.SoundEvent@2f5ac102
[15:32:05] [Client thread/TRACE] [FML]:   Registry: 328 minecraft:entity.parrot.imitate.enderman net.minecraft.util.SoundEvent@5df778c3
[15:32:05] [Client thread/TRACE] [FML]:   Registry: 329 minecraft:entity.parrot.imitate.endermite net.minecraft.util.SoundEvent@895416d
[15:32:05] [Client thread/TRACE] [FML]:   Registry: 330 minecraft:entity.parrot.imitate.evocation_illager net.minecraft.util.SoundEvent@71a06021
[15:32:05] [Client thread/TRACE] [FML]:   Registry: 331 minecraft:entity.parrot.imitate.ghast net.minecraft.util.SoundEvent@80bfdc6
[15:32:05] [Client thread/TRACE] [FML]:   Registry: 332 minecraft:entity.parrot.imitate.husk net.minecraft.util.SoundEvent@6edcad64
[15:32:05] [Client thread/TRACE] [FML]:   Registry: 333 minecraft:entity.parrot.imitate.illusion_illager net.minecraft.util.SoundEvent@4c6007fb
[15:32:05] [Client thread/TRACE] [FML]:   Registry: 334 minecraft:entity.parrot.imitate.magmacube net.minecraft.util.SoundEvent@3e33d73e
[15:32:05] [Client thread/TRACE] [FML]:   Registry: 335 minecraft:entity.parrot.imitate.polar_bear net.minecraft.util.SoundEvent@6981f8f3
[15:32:05] [Client thread/TRACE] [FML]:   Registry: 336 minecraft:entity.parrot.imitate.shulker net.minecraft.util.SoundEvent@623dcf2a
[15:32:05] [Client thread/TRACE] [FML]:   Registry: 337 minecraft:entity.parrot.imitate.silverfish net.minecraft.util.SoundEvent@2eae4349
[15:32:05] [Client thread/TRACE] [FML]:   Registry: 338 minecraft:entity.parrot.imitate.skeleton net.minecraft.util.SoundEvent@e84fb85
[15:32:05] [Client thread/TRACE] [FML]:   Registry: 339 minecraft:entity.parrot.imitate.slime net.minecraft.util.SoundEvent@68a4dcc6
[15:32:05] [Client thread/TRACE] [FML]:   Registry: 340 minecraft:entity.parrot.imitate.spider net.minecraft.util.SoundEvent@646c0a67
[15:32:05] [Client thread/TRACE] [FML]:   Registry: 341 minecraft:entity.parrot.imitate.stray net.minecraft.util.SoundEvent@3804a9a8
[15:32:05] [Client thread/TRACE] [FML]:   Registry: 342 minecraft:entity.parrot.imitate.vex net.minecraft.util.SoundEvent@117525fe
[15:32:05] [Client thread/TRACE] [FML]:   Registry: 343 minecraft:entity.parrot.imitate.vindication_illager net.minecraft.util.SoundEvent@5f7989fa
[15:32:05] [Client thread/TRACE] [FML]:   Registry: 344 minecraft:entity.parrot.imitate.witch net.minecraft.util.SoundEvent@5bc28f40
[15:32:05] [Client thread/TRACE] [FML]:   Registry: 345 minecraft:entity.parrot.imitate.wither net.minecraft.util.SoundEvent@46963479
[15:32:05] [Client thread/TRACE] [FML]:   Registry: 346 minecraft:entity.parrot.imitate.wither_skeleton net.minecraft.util.SoundEvent@7e74a380
[15:32:05] [Client thread/TRACE] [FML]:   Registry: 347 minecraft:entity.parrot.imitate.wolf net.minecraft.util.SoundEvent@6dd1c3ed
[15:32:05] [Client thread/TRACE] [FML]:   Registry: 348 minecraft:entity.parrot.imitate.zombie net.minecraft.util.SoundEvent@22a6e998
[15:32:05] [Client thread/TRACE] [FML]:   Registry: 349 minecraft:entity.parrot.imitate.zombie_pigman net.minecraft.util.SoundEvent@55e42449
[15:32:05] [Client thread/TRACE] [FML]:   Registry: 350 minecraft:entity.parrot.imitate.zombie_villager net.minecraft.util.SoundEvent@e57e5d6
[15:32:05] [Client thread/TRACE] [FML]:   Registry: 351 minecraft:entity.parrot.step net.minecraft.util.SoundEvent@6dfa915a
[15:32:05] [Client thread/TRACE] [FML]:   Registry: 352 minecraft:entity.pig.ambient net.minecraft.util.SoundEvent@78054f54
[15:32:05] [Client thread/TRACE] [FML]:   Registry: 353 minecraft:entity.pig.death net.minecraft.util.SoundEvent@cb7fa71
[15:32:05] [Client thread/TRACE] [FML]:   Registry: 354 minecraft:entity.pig.hurt net.minecraft.util.SoundEvent@3dffc764
[15:32:05] [Client thread/TRACE] [FML]:   Registry: 355 minecraft:entity.pig.saddle net.minecraft.util.SoundEvent@4b6e1c0
[15:32:05] [Client thread/TRACE] [FML]:   Registry: 356 minecraft:entity.pig.step net.minecraft.util.SoundEvent@561b61ed
[15:32:05] [Client thread/TRACE] [FML]:   Registry: 357 minecraft:entity.player.attack.crit net.minecraft.util.SoundEvent@654c7d2d
[15:32:05] [Client thread/TRACE] [FML]:   Registry: 358 minecraft:entity.player.attack.knockback net.minecraft.util.SoundEvent@26cb5207
[15:32:05] [Client thread/TRACE] [FML]:   Registry: 359 minecraft:entity.player.attack.nodamage net.minecraft.util.SoundEvent@15400fff
[15:32:05] [Client thread/TRACE] [FML]:   Registry: 360 minecraft:entity.player.attack.strong net.minecraft.util.SoundEvent@18d910b3
[15:32:05] [Client thread/TRACE] [FML]:   Registry: 361 minecraft:entity.player.attack.sweep net.minecraft.util.SoundEvent@1e7ab390
[15:32:05] [Client thread/TRACE] [FML]:   Registry: 362 minecraft:entity.player.attack.weak net.minecraft.util.SoundEvent@625d9132
[15:32:05] [Client thread/TRACE] [FML]:   Registry: 363 minecraft:entity.player.big_fall net.minecraft.util.SoundEvent@77774571
[15:32:05] [Client thread/TRACE] [FML]:   Registry: 364 minecraft:entity.player.breath net.minecraft.util.SoundEvent@277b8fa4
[15:32:05] [Client thread/TRACE] [FML]:   Registry: 365 minecraft:entity.player.burp net.minecraft.util.SoundEvent@6cd64ee8
[15:32:05] [Client thread/TRACE] [FML]:   Registry: 366 minecraft:entity.player.death net.minecraft.util.SoundEvent@620c8641
[15:32:05] [Client thread/TRACE] [FML]:   Registry: 367 minecraft:entity.player.hurt net.minecraft.util.SoundEvent@2f1d0bbc
[15:32:05] [Client thread/TRACE] [FML]:   Registry: 368 minecraft:entity.player.hurt_drown net.minecraft.util.SoundEvent@5460b754
[15:32:05] [Client thread/TRACE] [FML]:   Registry: 369 minecraft:entity.player.hurt_on_fire net.minecraft.util.SoundEvent@a9f023e
[15:32:05] [Client thread/TRACE] [FML]:   Registry: 370 minecraft:entity.player.levelup net.minecraft.util.SoundEvent@c27a3a2
[15:32:05] [Client thread/TRACE] [FML]:   Registry: 371 minecraft:entity.player.small_fall net.minecraft.util.SoundEvent@4b200971
[15:32:05] [Client thread/TRACE] [FML]:   Registry: 372 minecraft:entity.player.splash net.minecraft.util.SoundEvent@1a2bcd56
[15:32:05] [Client thread/TRACE] [FML]:   Registry: 373 minecraft:entity.player.swim net.minecraft.util.SoundEvent@68d7a2df
[15:32:05] [Client thread/TRACE] [FML]:   Registry: 374 minecraft:entity.polar_bear.ambient net.minecraft.util.SoundEvent@59dc36d4
[15:32:05] [Client thread/TRACE] [FML]:   Registry: 375 minecraft:entity.polar_bear.baby_ambient net.minecraft.util.SoundEvent@12fcc71f
[15:32:05] [Client thread/TRACE] [FML]:   Registry: 376 minecraft:entity.polar_bear.death net.minecraft.util.SoundEvent@5679e96b
[15:32:05] [Client thread/TRACE] [FML]:   Registry: 377 minecraft:entity.polar_bear.hurt net.minecraft.util.SoundEvent@3ed7821
[15:32:05] [Client thread/TRACE] [FML]:   Registry: 378 minecraft:entity.polar_bear.step net.minecraft.util.SoundEvent@3bbf841e
[15:32:05] [Client thread/TRACE] [FML]:   Registry: 379 minecraft:entity.polar_bear.warning net.minecraft.util.SoundEvent@4f0f7849
[15:32:05] [Client thread/TRACE] [FML]:   Registry: 380 minecraft:entity.rabbit.ambient net.minecraft.util.SoundEvent@56a4f272
[15:32:05] [Client thread/TRACE] [FML]:   Registry: 381 minecraft:entity.rabbit.attack net.minecraft.util.SoundEvent@3ee0b4f7
[15:32:05] [Client thread/TRACE] [FML]:   Registry: 382 minecraft:entity.rabbit.death net.minecraft.util.SoundEvent@79b84841
[15:32:05] [Client thread/TRACE] [FML]:   Registry: 383 minecraft:entity.rabbit.hurt net.minecraft.util.SoundEvent@4d41ba0f
[15:32:05] [Client thread/TRACE] [FML]:   Registry: 384 minecraft:entity.rabbit.jump net.minecraft.util.SoundEvent@3c87e6b7
[15:32:05] [Client thread/TRACE] [FML]:   Registry: 385 minecraft:entity.sheep.ambient net.minecraft.util.SoundEvent@77bbadc
[15:32:05] [Client thread/TRACE] [FML]:   Registry: 386 minecraft:entity.sheep.death net.minecraft.util.SoundEvent@3c3a0032
[15:32:05] [Client thread/TRACE] [FML]:   Registry: 387 minecraft:entity.sheep.hurt net.minecraft.util.SoundEvent@7ceb4478
[15:32:05] [Client thread/TRACE] [FML]:   Registry: 388 minecraft:entity.sheep.shear net.minecraft.util.SoundEvent@7fdab70c
[15:32:05] [Client thread/TRACE] [FML]:   Registry: 389 minecraft:entity.sheep.step net.minecraft.util.SoundEvent@25ad4f71
[15:32:05] [Client thread/TRACE] [FML]:   Registry: 390 minecraft:entity.shulker.ambient net.minecraft.util.SoundEvent@49faf066
[15:32:05] [Client thread/TRACE] [FML]:   Registry: 391 minecraft:entity.shulker.close net.minecraft.util.SoundEvent@6f94a5a5
[15:32:05] [Client thread/TRACE] [FML]:   Registry: 392 minecraft:entity.shulker.death net.minecraft.util.SoundEvent@455c1d8c
[15:32:05] [Client thread/TRACE] [FML]:   Registry: 393 minecraft:entity.shulker.hurt net.minecraft.util.SoundEvent@a451491
[15:32:05] [Client thread/TRACE] [FML]:   Registry: 394 minecraft:entity.shulker.hurt_closed net.minecraft.util.SoundEvent@1422ac7f
[15:32:05] [Client thread/TRACE] [FML]:   Registry: 395 minecraft:entity.shulker.open net.minecraft.util.SoundEvent@5e519ad3
[15:32:05] [Client thread/TRACE] [FML]:   Registry: 396 minecraft:entity.shulker.shoot net.minecraft.util.SoundEvent@7bc44ce8
[15:32:05] [Client thread/TRACE] [FML]:   Registry: 397 minecraft:entity.shulker.teleport net.minecraft.util.SoundEvent@59072e9d
[15:32:05] [Client thread/TRACE] [FML]:   Registry: 398 minecraft:entity.shulker_bullet.hit net.minecraft.util.SoundEvent@58472096
[15:32:05] [Client thread/TRACE] [FML]:   Registry: 399 minecraft:entity.shulker_bullet.hurt net.minecraft.util.SoundEvent@a92be4f
[15:32:05] [Client thread/TRACE] [FML]:   Registry: 400 minecraft:entity.silverfish.ambient net.minecraft.util.SoundEvent@53e800f9
[15:32:05] [Client thread/TRACE] [FML]:   Registry: 401 minecraft:entity.silverfish.death net.minecraft.util.SoundEvent@337bbfdf
[15:32:05] [Client thread/TRACE] [FML]:   Registry: 402 minecraft:entity.silverfish.hurt net.minecraft.util.SoundEvent@52d97ab6
[15:32:05] [Client thread/TRACE] [FML]:   Registry: 403 minecraft:entity.silverfish.step net.minecraft.util.SoundEvent@4da6d664
[15:32:05] [Client thread/TRACE] [FML]:   Registry: 404 minecraft:entity.skeleton.ambient net.minecraft.util.SoundEvent@5e5af8e1
[15:32:05] [Client thread/TRACE] [FML]:   Registry: 405 minecraft:entity.skeleton.death net.minecraft.util.SoundEvent@30b131b2
[15:32:05] [Client thread/TRACE] [FML]:   Registry: 406 minecraft:entity.skeleton.hurt net.minecraft.util.SoundEvent@2924f1d8
[15:32:05] [Client thread/TRACE] [FML]:   Registry: 407 minecraft:entity.skeleton.shoot net.minecraft.util.SoundEvent@524a076e
[15:32:05] [Client thread/TRACE] [FML]:   Registry: 408 minecraft:entity.skeleton.step net.minecraft.util.SoundEvent@5b5e7036
[15:32:05] [Client thread/TRACE] [FML]:   Registry: 409 minecraft:entity.skeleton_horse.ambient net.minecraft.util.SoundEvent@62dbe64e
[15:32:05] [Client thread/TRACE] [FML]:   Registry: 410 minecraft:entity.skeleton_horse.death net.minecraft.util.SoundEvent@6cff61fc
[15:32:05] [Client thread/TRACE] [FML]:   Registry: 411 minecraft:entity.skeleton_horse.hurt net.minecraft.util.SoundEvent@6e0c6a7a
[15:32:05] [Client thread/TRACE] [FML]:   Registry: 412 minecraft:entity.slime.attack net.minecraft.util.SoundEvent@467b684d
[15:32:05] [Client thread/TRACE] [FML]:   Registry: 413 minecraft:entity.slime.death net.minecraft.util.SoundEvent@7baf1f5a
[15:32:05] [Client thread/TRACE] [FML]:   Registry: 414 minecraft:entity.slime.hurt net.minecraft.util.SoundEvent@6cc86152
[15:32:05] [Client thread/TRACE] [FML]:   Registry: 415 minecraft:entity.slime.jump net.minecraft.util.SoundEvent@611a990b
[15:32:05] [Client thread/TRACE] [FML]:   Registry: 416 minecraft:entity.slime.squish net.minecraft.util.SoundEvent@7cbeac65
[15:32:05] [Client thread/TRACE] [FML]:   Registry: 417 minecraft:entity.small_magmacube.death net.minecraft.util.SoundEvent@7fe82967
[15:32:05] [Client thread/TRACE] [FML]:   Registry: 418 minecraft:entity.small_magmacube.hurt net.minecraft.util.SoundEvent@50850539
[15:32:05] [Client thread/TRACE] [FML]:   Registry: 419 minecraft:entity.small_magmacube.squish net.minecraft.util.SoundEvent@65e21ce3
[15:32:05] [Client thread/TRACE] [FML]:   Registry: 420 minecraft:entity.small_slime.death net.minecraft.util.SoundEvent@6c3659be
[15:32:05] [Client thread/TRACE] [FML]:   Registry: 421 minecraft:entity.small_slime.hurt net.minecraft.util.SoundEvent@522bf64e
[15:32:05] [Client thread/TRACE] [FML]:   Registry: 422 minecraft:entity.small_slime.jump net.minecraft.util.SoundEvent@2aff9dff
[15:32:05] [Client thread/TRACE] [FML]:   Registry: 423 minecraft:entity.small_slime.squish net.minecraft.util.SoundEvent@5f0f9947
[15:32:05] [Client thread/TRACE] [FML]:   Registry: 424 minecraft:entity.snowball.throw net.minecraft.util.SoundEvent@1aad0b1
[15:32:05] [Client thread/TRACE] [FML]:   Registry: 425 minecraft:entity.snowman.ambient net.minecraft.util.SoundEvent@c3edf4c
[15:32:05] [Client thread/TRACE] [FML]:   Registry: 426 minecraft:entity.snowman.death net.minecraft.util.SoundEvent@5af8bb51
[15:32:05] [Client thread/TRACE] [FML]:   Registry: 427 minecraft:entity.snowman.hurt net.minecraft.util.SoundEvent@799ed4e8
[15:32:05] [Client thread/TRACE] [FML]:   Registry: 428 minecraft:entity.snowman.shoot net.minecraft.util.SoundEvent@2e66bc32
[15:32:05] [Client thread/TRACE] [FML]:   Registry: 429 minecraft:entity.spider.ambient net.minecraft.util.SoundEvent@54d8c20d
[15:32:05] [Client thread/TRACE] [FML]:   Registry: 430 minecraft:entity.spider.death net.minecraft.util.SoundEvent@4b65d9f4
[15:32:05] [Client thread/TRACE] [FML]:   Registry: 431 minecraft:entity.spider.hurt net.minecraft.util.SoundEvent@44536de4
[15:32:05] [Client thread/TRACE] [FML]:   Registry: 432 minecraft:entity.spider.step net.minecraft.util.SoundEvent@5fcfde70
[15:32:05] [Client thread/TRACE] [FML]:   Registry: 433 minecraft:entity.splash_potion.break net.minecraft.util.SoundEvent@4d95a72e
[15:32:05] [Client thread/TRACE] [FML]:   Registry: 434 minecraft:entity.splash_potion.throw net.minecraft.util.SoundEvent@28da7d11
[15:32:05] [Client thread/TRACE] [FML]:   Registry: 435 minecraft:entity.squid.ambient net.minecraft.util.SoundEvent@77b919a3
[15:32:05] [Client thread/TRACE] [FML]:   Registry: 436 minecraft:entity.squid.death net.minecraft.util.SoundEvent@5624657a
[15:32:05] [Client thread/TRACE] [FML]:   Registry: 437 minecraft:entity.squid.hurt net.minecraft.util.SoundEvent@36681447
[15:32:05] [Client thread/TRACE] [FML]:   Registry: 438 minecraft:entity.stray.ambient net.minecraft.util.SoundEvent@4d21c56e
[15:32:05] [Client thread/TRACE] [FML]:   Registry: 439 minecraft:entity.stray.death net.minecraft.util.SoundEvent@726aa968
[15:32:05] [Client thread/TRACE] [FML]:   Registry: 440 minecraft:entity.stray.hurt net.minecraft.util.SoundEvent@7100dea
[15:32:05] [Client thread/TRACE] [FML]:   Registry: 441 minecraft:entity.stray.step net.minecraft.util.SoundEvent@712cfb63
[15:32:05] [Client thread/TRACE] [FML]:   Registry: 442 minecraft:entity.tnt.primed net.minecraft.util.SoundEvent@32e54a9d
[15:32:05] [Client thread/TRACE] [FML]:   Registry: 443 minecraft:entity.vex.ambient net.minecraft.util.SoundEvent@15639440
[15:32:05] [Client thread/TRACE] [FML]:   Registry: 444 minecraft:entity.vex.charge net.minecraft.util.SoundEvent@121bb45b
[15:32:05] [Client thread/TRACE] [FML]:   Registry: 445 minecraft:entity.vex.death net.minecraft.util.SoundEvent@4faa298
[15:32:05] [Client thread/TRACE] [FML]:   Registry: 446 minecraft:entity.vex.hurt net.minecraft.util.SoundEvent@1cd3b138
[15:32:05] [Client thread/TRACE] [FML]:   Registry: 447 minecraft:entity.villager.ambient net.minecraft.util.SoundEvent@151bf776
[15:32:05] [Client thread/TRACE] [FML]:   Registry: 448 minecraft:entity.villager.death net.minecraft.util.SoundEvent@5a6d30e2
[15:32:05] [Client thread/TRACE] [FML]:   Registry: 449 minecraft:entity.villager.hurt net.minecraft.util.SoundEvent@b52b755
[15:32:05] [Client thread/TRACE] [FML]:   Registry: 450 minecraft:entity.villager.no net.minecraft.util.SoundEvent@a098d76
[15:32:05] [Client thread/TRACE] [FML]:   Registry: 451 minecraft:entity.villager.trading net.minecraft.util.SoundEvent@40e37b06
[15:32:05] [Client thread/TRACE] [FML]:   Registry: 452 minecraft:entity.villager.yes net.minecraft.util.SoundEvent@733aa9d8
[15:32:05] [Client thread/TRACE] [FML]:   Registry: 453 minecraft:entity.vindication_illager.ambient net.minecraft.util.SoundEvent@6dcc40f5
[15:32:05] [Client thread/TRACE] [FML]:   Registry: 454 minecraft:entity.vindication_illager.death net.minecraft.util.SoundEvent@2b680207
[15:32:05] [Client thread/TRACE] [FML]:   Registry: 455 minecraft:entity.vindication_illager.hurt net.minecraft.util.SoundEvent@70887727
[15:32:05] [Client thread/TRACE] [FML]:   Registry: 456 minecraft:entity.witch.ambient net.minecraft.util.SoundEvent@56da7487
[15:32:05] [Client thread/TRACE] [FML]:   Registry: 457 minecraft:entity.witch.death net.minecraft.util.SoundEvent@599e4d41
[15:32:05] [Client thread/TRACE] [FML]:   Registry: 458 minecraft:entity.witch.drink net.minecraft.util.SoundEvent@328d044f
[15:32:05] [Client thread/TRACE] [FML]:   Registry: 459 minecraft:entity.witch.hurt net.minecraft.util.SoundEvent@10f7c76
[15:32:05] [Client thread/TRACE] [FML]:   Registry: 460 minecraft:entity.witch.throw net.minecraft.util.SoundEvent@4745e9c
[15:32:05] [Client thread/TRACE] [FML]:   Registry: 461 minecraft:entity.wither.ambient net.minecraft.util.SoundEvent@2f2bff16
[15:32:05] [Client thread/TRACE] [FML]:   Registry: 462 minecraft:entity.wither.break_block net.minecraft.util.SoundEvent@75de29c0
[15:32:05] [Client thread/TRACE] [FML]:   Registry: 463 minecraft:entity.wither.death net.minecraft.util.SoundEvent@fc807c1
[15:32:05] [Client thread/TRACE] [FML]:   Registry: 464 minecraft:entity.wither.hurt net.minecraft.util.SoundEvent@296e281a
[15:32:05] [Client thread/TRACE] [FML]:   Registry: 465 minecraft:entity.wither.shoot net.minecraft.util.SoundEvent@59cda16e
[15:32:05] [Client thread/TRACE] [FML]:   Registry: 466 minecraft:entity.wither.spawn net.minecraft.util.SoundEvent@5dd903be
[15:32:05] [Client thread/TRACE] [FML]:   Registry: 467 minecraft:entity.wither_skeleton.ambient net.minecraft.util.SoundEvent@12e0f1cb
[15:32:05] [Client thread/TRACE] [FML]:   Registry: 468 minecraft:entity.wither_skeleton.death net.minecraft.util.SoundEvent@4a163575
[15:32:05] [Client thread/TRACE] [FML]:   Registry: 469 minecraft:entity.wither_skeleton.hurt net.minecraft.util.SoundEvent@7e642b88
[15:32:05] [Client thread/TRACE] [FML]:   Registry: 470 minecraft:entity.wither_skeleton.step net.minecraft.util.SoundEvent@6b350309
[15:32:05] [Client thread/TRACE] [FML]:   Registry: 471 minecraft:entity.wolf.ambient net.minecraft.util.SoundEvent@7ecec90d
[15:32:05] [Client thread/TRACE] [FML]:   Registry: 472 minecraft:entity.wolf.death net.minecraft.util.SoundEvent@588f63c
[15:32:05] [Client thread/TRACE] [FML]:   Registry: 473 minecraft:entity.wolf.growl net.minecraft.util.SoundEvent@5a6fa56e
[15:32:05] [Client thread/TRACE] [FML]:   Registry: 474 minecraft:entity.wolf.howl net.minecraft.util.SoundEvent@1981d861
[15:32:05] [Client thread/TRACE] [FML]:   Registry: 475 minecraft:entity.wolf.hurt net.minecraft.util.SoundEvent@118ffcfd
[15:32:05] [Client thread/TRACE] [FML]:   Registry: 476 minecraft:entity.wolf.pant net.minecraft.util.SoundEvent@53f4c1e6
[15:32:05] [Client thread/TRACE] [FML]:   Registry: 477 minecraft:entity.wolf.shake net.minecraft.util.SoundEvent@74174a23
[15:32:05] [Client thread/TRACE] [FML]:   Registry: 478 minecraft:entity.wolf.step net.minecraft.util.SoundEvent@6342d610
[15:32:05] [Client thread/TRACE] [FML]:   Registry: 479 minecraft:entity.wolf.whine net.minecraft.util.SoundEvent@dc4a691
[15:32:05] [Client thread/TRACE] [FML]:   Registry: 480 minecraft:entity.zombie.ambient net.minecraft.util.SoundEvent@784abd3e
[15:32:05] [Client thread/TRACE] [FML]:   Registry: 481 minecraft:entity.zombie.attack_door_wood net.minecraft.util.SoundEvent@36c2b646
[15:32:05] [Client thread/TRACE] [FML]:   Registry: 482 minecraft:entity.zombie.attack_iron_door net.minecraft.util.SoundEvent@434514d8
[15:32:05] [Client thread/TRACE] [FML]:   Registry: 483 minecraft:entity.zombie.break_door_wood net.minecraft.util.SoundEvent@6b1dc20f
[15:32:05] [Client thread/TRACE] [FML]:   Registry: 484 minecraft:entity.zombie.death net.minecraft.util.SoundEvent@4613311f
[15:32:05] [Client thread/TRACE] [FML]:   Registry: 485 minecraft:entity.zombie.hurt net.minecraft.util.SoundEvent@6540cf1d
[15:32:05] [Client thread/TRACE] [FML]:   Registry: 486 minecraft:entity.zombie.infect net.minecraft.util.SoundEvent@ec8f4b9
[15:32:05] [Client thread/TRACE] [FML]:   Registry: 487 minecraft:entity.zombie.step net.minecraft.util.SoundEvent@bc042d5
[15:32:05] [Client thread/TRACE] [FML]:   Registry: 488 minecraft:entity.zombie_horse.ambient net.minecraft.util.SoundEvent@5484117b
[15:32:05] [Client thread/TRACE] [FML]:   Registry: 489 minecraft:entity.zombie_horse.death net.minecraft.util.SoundEvent@37df14d1
[15:32:05] [Client thread/TRACE] [FML]:   Registry: 490 minecraft:entity.zombie_horse.hurt net.minecraft.util.SoundEvent@7efb53af
[15:32:05] [Client thread/TRACE] [FML]:   Registry: 491 minecraft:entity.zombie_pig.ambient net.minecraft.util.SoundEvent@7724704f
[15:32:05] [Client thread/TRACE] [FML]:   Registry: 492 minecraft:entity.zombie_pig.angry net.minecraft.util.SoundEvent@3dfa819
[15:32:05] [Client thread/TRACE] [FML]:   Registry: 493 minecraft:entity.zombie_pig.death net.minecraft.util.SoundEvent@4ce94d2f
[15:32:05] [Client thread/TRACE] [FML]:   Registry: 494 minecraft:entity.zombie_pig.hurt net.minecraft.util.SoundEvent@68ab0936
[15:32:05] [Client thread/TRACE] [FML]:   Registry: 495 minecraft:entity.zombie_villager.ambient net.minecraft.util.SoundEvent@3cd9aa64
[15:32:05] [Client thread/TRACE] [FML]:   Registry: 496 minecraft:entity.zombie_villager.converted net.minecraft.util.SoundEvent@42b84286
[15:32:05] [Client thread/TRACE] [FML]:   Registry: 497 minecraft:entity.zombie_villager.cure net.minecraft.util.SoundEvent@443effcb
[15:32:05] [Client thread/TRACE] [FML]:   Registry: 498 minecraft:entity.zombie_villager.death net.minecraft.util.SoundEvent@74ecacc3
[15:32:05] [Client thread/TRACE] [FML]:   Registry: 499 minecraft:entity.zombie_villager.hurt net.minecraft.util.SoundEvent@517a2b0
[15:32:05] [Client thread/TRACE] [FML]:   Registry: 500 minecraft:entity.zombie_villager.step net.minecraft.util.SoundEvent@53b7ce6
[15:32:05] [Client thread/TRACE] [FML]:   Registry: 501 minecraft:item.armor.equip_chain net.minecraft.util.SoundEvent@36480b2d
[15:32:05] [Client thread/TRACE] [FML]:   Registry: 502 minecraft:item.armor.equip_diamond net.minecraft.util.SoundEvent@27d33393
[15:32:05] [Client thread/TRACE] [FML]:   Registry: 503 minecraft:item.armor.equip_elytra net.minecraft.util.SoundEvent@1f6917fb
[15:32:05] [Client thread/TRACE] [FML]:   Registry: 504 minecraft:item.armor.equip_generic net.minecraft.util.SoundEvent@41eb94bc
[15:32:05] [Client thread/TRACE] [FML]:   Registry: 505 minecraft:item.armor.equip_gold net.minecraft.util.SoundEvent@378cfecf
[15:32:05] [Client thread/TRACE] [FML]:   Registry: 506 minecraft:item.armor.equip_iron net.minecraft.util.SoundEvent@97d0c06
[15:32:05] [Client thread/TRACE] [FML]:   Registry: 507 minecraft:item.armor.equip_leather net.minecraft.util.SoundEvent@5e7c141d
[15:32:05] [Client thread/TRACE] [FML]:   Registry: 508 minecraft:item.bottle.empty net.minecraft.util.SoundEvent@43af351a
[15:32:05] [Client thread/TRACE] [FML]:   Registry: 509 minecraft:item.bottle.fill net.minecraft.util.SoundEvent@1305c126
[15:32:05] [Client thread/TRACE] [FML]:   Registry: 510 minecraft:item.bottle.fill_dragonbreath net.minecraft.util.SoundEvent@72f9f27c
[15:32:05] [Client thread/TRACE] [FML]:   Registry: 511 minecraft:item.bucket.empty net.minecraft.util.SoundEvent@4c1bdcc2
[15:32:05] [Client thread/TRACE] [FML]:   Registry: 512 minecraft:item.bucket.empty_lava net.minecraft.util.SoundEvent@762637be
[15:32:05] [Client thread/TRACE] [FML]:   Registry: 513 minecraft:item.bucket.fill net.minecraft.util.SoundEvent@4b97c4ad
[15:32:05] [Client thread/TRACE] [FML]:   Registry: 514 minecraft:item.bucket.fill_lava net.minecraft.util.SoundEvent@7640a5b1
[15:32:05] [Client thread/TRACE] [FML]:   Registry: 515 minecraft:item.chorus_fruit.teleport net.minecraft.util.SoundEvent@642f9a77
[15:32:05] [Client thread/TRACE] [FML]:   Registry: 516 minecraft:item.elytra.flying net.minecraft.util.SoundEvent@23f3da8b
[15:32:05] [Client thread/TRACE] [FML]:   Registry: 517 minecraft:item.firecharge.use net.minecraft.util.SoundEvent@5634d0f4
[15:32:05] [Client thread/TRACE] [FML]:   Registry: 518 minecraft:item.flintandsteel.use net.minecraft.util.SoundEvent@252a8aae
[15:32:05] [Client thread/TRACE] [FML]:   Registry: 519 minecraft:item.hoe.till net.minecraft.util.SoundEvent@3d4e405e
[15:32:05] [Client thread/TRACE] [FML]:   Registry: 520 minecraft:item.shield.block net.minecraft.util.SoundEvent@54e2fe
[15:32:05] [Client thread/TRACE] [FML]:   Registry: 521 minecraft:item.shield.break net.minecraft.util.SoundEvent@70972170
[15:32:05] [Client thread/TRACE] [FML]:   Registry: 522 minecraft:item.shovel.flatten net.minecraft.util.SoundEvent@119aa36
[15:32:05] [Client thread/TRACE] [FML]:   Registry: 523 minecraft:item.totem.use net.minecraft.util.SoundEvent@4e1a46fb
[15:32:05] [Client thread/TRACE] [FML]:   Registry: 524 minecraft:music.creative net.minecraft.util.SoundEvent@69fe0ed4
[15:32:05] [Client thread/TRACE] [FML]:   Registry: 525 minecraft:music.credits net.minecraft.util.SoundEvent@20ab3e3a
[15:32:05] [Client thread/TRACE] [FML]:   Registry: 526 minecraft:music.dragon net.minecraft.util.SoundEvent@6caf7803
[15:32:05] [Client thread/TRACE] [FML]:   Registry: 527 minecraft:music.end net.minecraft.util.SoundEvent@709ed6f3
[15:32:05] [Client thread/TRACE] [FML]:   Registry: 528 minecraft:music.game net.minecraft.util.SoundEvent@698fee9a
[15:32:05] [Client thread/TRACE] [FML]:   Registry: 529 minecraft:music.menu net.minecraft.util.SoundEvent@102c577f
[15:32:05] [Client thread/TRACE] [FML]:   Registry: 530 minecraft:music.nether net.minecraft.util.SoundEvent@7d44a19
[15:32:05] [Client thread/TRACE] [FML]:   Registry: 531 minecraft:record.11 net.minecraft.util.SoundEvent@1fb2d5e
[15:32:05] [Client thread/TRACE] [FML]:   Registry: 532 minecraft:record.13 net.minecraft.util.SoundEvent@1716e8c5
[15:32:05] [Client thread/TRACE] [FML]:   Registry: 533 minecraft:record.blocks net.minecraft.util.SoundEvent@6573d2f7
[15:32:05] [Client thread/TRACE] [FML]:   Registry: 534 minecraft:record.cat net.minecraft.util.SoundEvent@4052c8c2
[15:32:05] [Client thread/TRACE] [FML]:   Registry: 535 minecraft:record.chirp net.minecraft.util.SoundEvent@181b8c4b
[15:32:05] [Client thread/TRACE] [FML]:   Registry: 536 minecraft:record.far net.minecraft.util.SoundEvent@38eb0f4d
[15:32:05] [Client thread/TRACE] [FML]:   Registry: 537 minecraft:record.mall net.minecraft.util.SoundEvent@437486cd
[15:32:05] [Client thread/TRACE] [FML]:   Registry: 538 minecraft:record.mellohi net.minecraft.util.SoundEvent@15b642b9
[15:32:05] [Client thread/TRACE] [FML]:   Registry: 539 minecraft:record.stal net.minecraft.util.SoundEvent@518bfd90
[15:32:05] [Client thread/TRACE] [FML]:   Registry: 540 minecraft:record.strad net.minecraft.util.SoundEvent@317a118b
[15:32:05] [Client thread/TRACE] [FML]:   Registry: 541 minecraft:record.wait net.minecraft.util.SoundEvent@56dfab87
[15:32:05] [Client thread/TRACE] [FML]:   Registry: 542 minecraft:record.ward net.minecraft.util.SoundEvent@715b886f
[15:32:05] [Client thread/TRACE] [FML]:   Registry: 543 minecraft:ui.button.click net.minecraft.util.SoundEvent@7fb29ca9
[15:32:05] [Client thread/TRACE] [FML]:   Registry: 544 minecraft:ui.toast.in net.minecraft.util.SoundEvent@1e253c9d
[15:32:05] [Client thread/TRACE] [FML]:   Registry: 545 minecraft:ui.toast.out net.minecraft.util.SoundEvent@350d3f4d
[15:32:05] [Client thread/TRACE] [FML]:   Registry: 546 minecraft:ui.toast.challenge_complete net.minecraft.util.SoundEvent@18b8d173
[15:32:05] [Client thread/TRACE] [FML]:   Registry: 547 minecraft:weather.rain net.minecraft.util.SoundEvent@73844119
[15:32:05] [Client thread/TRACE] [FML]:   Registry: 548 minecraft:weather.rain.above net.minecraft.util.SoundEvent@44f24a20
[15:32:05] [Client thread/TRACE] [FML]: Registry Name : minecraft:potiontypes
[15:32:05] [Client thread/TRACE] [FML]:   Registry: 0 minecraft:empty net.minecraft.potion.PotionType@1008df1e
[15:32:05] [Client thread/TRACE] [FML]:   Registry: 1 minecraft:water net.minecraft.potion.PotionType@7ee12d58
[15:32:05] [Client thread/TRACE] [FML]:   Registry: 2 minecraft:mundane net.minecraft.potion.PotionType@e72fb04
[15:32:05] [Client thread/TRACE] [FML]:   Registry: 3 minecraft:thick net.minecraft.potion.PotionType@1533338c
[15:32:05] [Client thread/TRACE] [FML]:   Registry: 4 minecraft:awkward net.minecraft.potion.PotionType@4315fe1b
[15:32:05] [Client thread/TRACE] [FML]:   Registry: 5 minecraft:night_vision net.minecraft.potion.PotionType@34e990cc
[15:32:05] [Client thread/TRACE] [FML]:   Registry: 6 minecraft:long_night_vision net.minecraft.potion.PotionType@2d5ae78e
[15:32:05] [Client thread/TRACE] [FML]:   Registry: 7 minecraft:invisibility net.minecraft.potion.PotionType@21f91efa
[15:32:05] [Client thread/TRACE] [FML]:   Registry: 8 minecraft:long_invisibility net.minecraft.potion.PotionType@4df0d9f8
[15:32:05] [Client thread/TRACE] [FML]:   Registry: 9 minecraft:leaping net.minecraft.potion.PotionType@35e75f7a
[15:32:05] [Client thread/TRACE] [FML]:   Registry: 10 minecraft:long_leaping net.minecraft.potion.PotionType@4f7bb8df
[15:32:05] [Client thread/TRACE] [FML]:   Registry: 11 minecraft:strong_leaping net.minecraft.potion.PotionType@269c7104
[15:32:05] [Client thread/TRACE] [FML]:   Registry: 12 minecraft:fire_resistance net.minecraft.potion.PotionType@6de84336
[15:32:05] [Client thread/TRACE] [FML]:   Registry: 13 minecraft:long_fire_resistance net.minecraft.potion.PotionType@627bcd7e
[15:32:05] [Client thread/TRACE] [FML]:   Registry: 14 minecraft:swiftness net.minecraft.potion.PotionType@70543cae
[15:32:05] [Client thread/TRACE] [FML]:   Registry: 15 minecraft:long_swiftness net.minecraft.potion.PotionType@350567f1
[15:32:05] [Client thread/TRACE] [FML]:   Registry: 16 minecraft:strong_swiftness net.minecraft.potion.PotionType@1a5b7394
[15:32:05] [Client thread/TRACE] [FML]:   Registry: 17 minecraft:slowness net.minecraft.potion.PotionType@26f75d9c
[15:32:05] [Client thread/TRACE] [FML]:   Registry: 18 minecraft:long_slowness net.minecraft.potion.PotionType@7717b4a0
[15:32:05] [Client thread/TRACE] [FML]:   Registry: 19 minecraft:water_breathing net.minecraft.potion.PotionType@69b37f5c
[15:32:05] [Client thread/TRACE] [FML]:   Registry: 20 minecraft:long_water_breathing net.minecraft.potion.PotionType@28b5662d
[15:32:05] [Client thread/TRACE] [FML]:   Registry: 21 minecraft:healing net.minecraft.potion.PotionType@34b2d51a
[15:32:05] [Client thread/TRACE] [FML]:   Registry: 22 minecraft:strong_healing net.minecraft.potion.PotionType@7e4ac598
[15:32:05] [Client thread/TRACE] [FML]:   Registry: 23 minecraft:harming net.minecraft.potion.PotionType@cf10c92
[15:32:05] [Client thread/TRACE] [FML]:   Registry: 24 minecraft:strong_harming net.minecraft.potion.PotionType@f76872f
[15:32:05] [Client thread/TRACE] [FML]:   Registry: 25 minecraft:poison net.minecraft.potion.PotionType@2d4e99de
[15:32:05] [Client thread/TRACE] [FML]:   Registry: 26 minecraft:long_poison net.minecraft.potion.PotionType@580ffea
[15:32:05] [Client thread/TRACE] [FML]:   Registry: 27 minecraft:strong_poison net.minecraft.potion.PotionType@191e654
[15:32:05] [Client thread/TRACE] [FML]:   Registry: 28 minecraft:regeneration net.minecraft.potion.PotionType@3a6556b6
[15:32:05] [Client thread/TRACE] [FML]:   Registry: 29 minecraft:long_regeneration net.minecraft.potion.PotionType@63bca84d
[15:32:05] [Client thread/TRACE] [FML]:   Registry: 30 minecraft:strong_regeneration net.minecraft.potion.PotionType@6141647f
[15:32:05] [Client thread/TRACE] [FML]:   Registry: 31 minecraft:strength net.minecraft.potion.PotionType@6f6c8d45
[15:32:05] [Client thread/TRACE] [FML]:   Registry: 32 minecraft:long_strength net.minecraft.potion.PotionType@7f2ca6f8
[15:32:05] [Client thread/TRACE] [FML]:   Registry: 33 minecraft:strong_strength net.minecraft.potion.PotionType@79d49790
[15:32:05] [Client thread/TRACE] [FML]:   Registry: 34 minecraft:weakness net.minecraft.potion.PotionType@13dc6649
[15:32:05] [Client thread/TRACE] [FML]:   Registry: 35 minecraft:long_weakness net.minecraft.potion.PotionType@1851c7d2
[15:32:05] [Client thread/TRACE] [FML]:   Registry: 36 minecraft:luck net.minecraft.potion.PotionType@250a946
[15:32:05] [Client thread/TRACE] [FML]: Registry Name : minecraft:enchantments
[15:32:05] [Client thread/TRACE] [FML]:   Registry: 0 minecraft:protection net.minecraft.enchantment.EnchantmentProtection@2707c790
[15:32:05] [Client thread/TRACE] [FML]:   Registry: 1 minecraft:fire_protection net.minecraft.enchantment.EnchantmentProtection@7de3206d
[15:32:05] [Client thread/TRACE] [FML]:   Registry: 2 minecraft:feather_falling net.minecraft.enchantment.EnchantmentProtection@6dece1f9
[15:32:05] [Client thread/TRACE] [FML]:   Registry: 3 minecraft:blast_protection net.minecraft.enchantment.EnchantmentProtection@2b936b04
[15:32:05] [Client thread/TRACE] [FML]:   Registry: 4 minecraft:projectile_protection net.minecraft.enchantment.EnchantmentProtection@32b112a1
[15:32:05] [Client thread/TRACE] [FML]:   Registry: 5 minecraft:respiration net.minecraft.enchantment.EnchantmentOxygen@2d913116
[15:32:05] [Client thread/TRACE] [FML]:   Registry: 6 minecraft:aqua_affinity net.minecraft.enchantment.EnchantmentWaterWorker@49d42faf
[15:32:05] [Client thread/TRACE] [FML]:   Registry: 7 minecraft:thorns net.minecraft.enchantment.EnchantmentThorns@66715ca9
[15:32:05] [Client thread/TRACE] [FML]:   Registry: 8 minecraft:depth_strider net.minecraft.enchantment.EnchantmentWaterWalker@77ecdc2b
[15:32:05] [Client thread/TRACE] [FML]:   Registry: 9 minecraft:frost_walker net.minecraft.enchantment.EnchantmentFrostWalker@41a23470
[15:32:05] [Client thread/TRACE] [FML]:   Registry: 10 minecraft:binding_curse net.minecraft.enchantment.EnchantmentBindingCurse@25fd6d1e
[15:32:05] [Client thread/TRACE] [FML]:   Registry: 16 minecraft:sharpness net.minecraft.enchantment.EnchantmentDamage@58aa5c94
[15:32:05] [Client thread/TRACE] [FML]:   Registry: 17 minecraft:smite net.minecraft.enchantment.EnchantmentDamage@5d27b4c1
[15:32:05] [Client thread/TRACE] [FML]:   Registry: 18 minecraft:bane_of_arthropods net.minecraft.enchantment.EnchantmentDamage@50df37eb
[15:32:05] [Client thread/TRACE] [FML]:   Registry: 19 minecraft:knockback net.minecraft.enchantment.EnchantmentKnockback@473847fb
[15:32:05] [Client thread/TRACE] [FML]:   Registry: 20 minecraft:fire_aspect net.minecraft.enchantment.EnchantmentFireAspect@1d6f77d7
[15:32:05] [Client thread/TRACE] [FML]:   Registry: 21 minecraft:looting net.minecraft.enchantment.EnchantmentLootBonus@46702c26
[15:32:05] [Client thread/TRACE] [FML]:   Registry: 22 minecraft:sweeping net.minecraft.enchantment.EnchantmentSweepingEdge@2e3cd732
[15:32:05] [Client thread/TRACE] [FML]:   Registry: 32 minecraft:efficiency net.minecraft.enchantment.EnchantmentDigging@7ea3839e
[15:32:05] [Client thread/TRACE] [FML]:   Registry: 33 minecraft:silk_touch net.minecraft.enchantment.EnchantmentUntouching@7f6b57f2
[15:32:05] [Client thread/TRACE] [FML]:   Registry: 34 minecraft:unbreaking net.minecraft.enchantment.EnchantmentDurability@5e51ec2e
[15:32:05] [Client thread/TRACE] [FML]:   Registry: 35 minecraft:fortune net.minecraft.enchantment.EnchantmentLootBonus@15f2a43f
[15:32:05] [Client thread/TRACE] [FML]:   Registry: 48 minecraft:power net.minecraft.enchantment.EnchantmentArrowDamage@b5de9ac
[15:32:05] [Client thread/TRACE] [FML]:   Registry: 49 minecraft:punch net.minecraft.enchantment.EnchantmentArrowKnockback@145e958f
[15:32:05] [Client thread/TRACE] [FML]:   Registry: 50 minecraft:flame net.minecraft.enchantment.EnchantmentArrowFire@5ee77baf
[15:32:05] [Client thread/TRACE] [FML]:   Registry: 51 minecraft:infinity net.minecraft.enchantment.EnchantmentArrowInfinite@7afb9c93
[15:32:05] [Client thread/TRACE] [FML]:   Registry: 61 minecraft:luck_of_the_sea net.minecraft.enchantment.EnchantmentLootBonus@30d15e4a
[15:32:05] [Client thread/TRACE] [FML]:   Registry: 62 minecraft:lure net.minecraft.enchantment.EnchantmentFishingSpeed@4a9bce99
[15:32:05] [Client thread/TRACE] [FML]:   Registry: 70 minecraft:mending net.minecraft.enchantment.EnchantmentMending@1be8c122
[15:32:05] [Client thread/TRACE] [FML]:   Registry: 71 minecraft:vanishing_curse net.minecraft.enchantment.EnchantmentVanishingCurse@52cb52bd
[15:32:05] [Client thread/TRACE] [FML]: Registry Name : minecraft:recipes
[15:32:05] [Client thread/TRACE] [FML]:   Registry: 0 minecraft:armordye net.minecraft.item.crafting.RecipesArmorDyes@3e2772a9
[15:32:05] [Client thread/TRACE] [FML]:   Registry: 1 minecraft:bookcloning net.minecraft.item.crafting.RecipeBookCloning@117fb9ba
[15:32:05] [Client thread/TRACE] [FML]:   Registry: 2 minecraft:mapcloning net.minecraft.item.crafting.RecipesMapCloning@5b88af70
[15:32:05] [Client thread/TRACE] [FML]:   Registry: 3 minecraft:mapextending net.minecraft.item.crafting.RecipesMapExtending@7d5ef1c3
[15:32:05] [Client thread/TRACE] [FML]:   Registry: 4 minecraft:fireworks net.minecraft.item.crafting.RecipeFireworks@5bf7f15f
[15:32:05] [Client thread/TRACE] [FML]:   Registry: 5 minecraft:repairitem net.minecraft.item.crafting.RecipeRepairItem@2c154508
[15:32:05] [Client thread/TRACE] [FML]:   Registry: 6 minecraft:tippedarrow net.minecraft.item.crafting.RecipeTippedArrow@5c3710b3
[15:32:05] [Client thread/TRACE] [FML]:   Registry: 7 minecraft:bannerduplicate net.minecraft.item.crafting.RecipesBanners$RecipeDuplicatePattern@32646ecf
[15:32:05] [Client thread/TRACE] [FML]:   Registry: 8 minecraft:banneraddpattern net.minecraft.item.crafting.RecipesBanners$RecipeAddPattern@b6136eb
[15:32:05] [Client thread/TRACE] [FML]:   Registry: 9 minecraft:shielddecoration net.minecraft.item.crafting.ShieldRecipes$Decoration@7b9c2387
[15:32:05] [Client thread/TRACE] [FML]:   Registry: 10 minecraft:shulkerboxcoloring net.minecraft.item.crafting.ShulkerBoxRecipes$ShulkerBoxColoring@2aa07d80
[15:32:05] [Client thread/TRACE] [FML]:   Registry: 11 minecraft:yellow_wool net.minecraft.item.crafting.ShapelessRecipes@1e7cfd49
[15:32:05] [Client thread/TRACE] [FML]:   Registry: 12 minecraft:yellow_stained_hardened_clay net.minecraft.item.crafting.ShapedRecipes@3400d6fa
[15:32:05] [Client thread/TRACE] [FML]:   Registry: 13 minecraft:yellow_stained_glass_pane net.minecraft.item.crafting.ShapedRecipes@2168def
[15:32:05] [Client thread/TRACE] [FML]:   Registry: 14 minecraft:yellow_stained_glass net.minecraft.item.crafting.ShapedRecipes@54a6ef6
[15:32:05] [Client thread/TRACE] [FML]:   Registry: 15 minecraft:yellow_dye_from_sunflower net.minecraft.item.crafting.ShapelessRecipes@405603b6
[15:32:05] [Client thread/TRACE] [FML]:   Registry: 16 minecraft:yellow_dye_from_dandelion net.minecraft.item.crafting.ShapelessRecipes@5f5a33ed
[15:32:05] [Client thread/TRACE] [FML]:   Registry: 17 minecraft:yellow_concrete_powder net.minecraft.item.crafting.ShapelessRecipes@3cf06a01
[15:32:05] [Client thread/TRACE] [FML]:   Registry: 18 minecraft:yellow_carpet net.minecraft.item.crafting.ShapedRecipes@86377d5
[15:32:05] [Client thread/TRACE] [FML]:   Registry: 19 minecraft:yellow_bed_from_white_bed net.minecraft.item.crafting.ShapelessRecipes@2f8f40cc
[15:32:05] [Client thread/TRACE] [FML]:   Registry: 20 minecraft:yellow_bed net.minecraft.item.crafting.ShapedRecipes@76e9eed8
[15:32:05] [Client thread/TRACE] [FML]:   Registry: 21 minecraft:yellow_banner net.minecraft.item.crafting.ShapedRecipes@702cfbde
[15:32:05] [Client thread/TRACE] [FML]:   Registry: 22 minecraft:writable_book net.minecraft.item.crafting.ShapelessRecipes@29bd2796
[15:32:05] [Client thread/TRACE] [FML]:   Registry: 23 minecraft:wooden_sword net.minecraft.item.crafting.ShapedRecipes@7ebc5be6
[15:32:05] [Client thread/TRACE] [FML]:   Registry: 24 minecraft:wooden_shovel net.minecraft.item.crafting.ShapedRecipes@6ab50d1c
[15:32:05] [Client thread/TRACE] [FML]:   Registry: 25 minecraft:wooden_pressure_plate net.minecraft.item.crafting.ShapedRecipes@484302ee
[15:32:05] [Client thread/TRACE] [FML]:   Registry: 26 minecraft:wooden_pickaxe net.minecraft.item.crafting.ShapedRecipes@21d8da75
[15:32:05] [Client thread/TRACE] [FML]:   Registry: 27 minecraft:wooden_hoe net.minecraft.item.crafting.ShapedRecipes@7538cfe6
[15:32:05] [Client thread/TRACE] [FML]:   Registry: 28 minecraft:wooden_door net.minecraft.item.crafting.ShapedRecipes@28b2e4d8
[15:32:05] [Client thread/TRACE] [FML]:   Registry: 29 minecraft:wooden_button net.minecraft.item.crafting.ShapedRecipes@fa11fda
[15:32:05] [Client thread/TRACE] [FML]:   Registry: 30 minecraft:wooden_axe net.minecraft.item.crafting.ShapedRecipes@34695b23
[15:32:05] [Client thread/TRACE] [FML]:   Registry: 31 minecraft:white_stained_hardened_clay net.minecraft.item.crafting.ShapedRecipes@6c9151c1
[15:32:05] [Client thread/TRACE] [FML]:   Registry: 32 minecraft:white_stained_glass_pane net.minecraft.item.crafting.ShapedRecipes@4331be30
[15:32:05] [Client thread/TRACE] [FML]:   Registry: 33 minecraft:white_stained_glass net.minecraft.item.crafting.ShapedRecipes@75add13c
[15:32:05] [Client thread/TRACE] [FML]:   Registry: 34 minecraft:white_concrete_powder net.minecraft.item.crafting.ShapelessRecipes@448892f1
[15:32:05] [Client thread/TRACE] [FML]:   Registry: 35 minecraft:white_carpet net.minecraft.item.crafting.ShapedRecipes@7ef60c02
[15:32:05] [Client thread/TRACE] [FML]:   Registry: 36 minecraft:white_bed net.minecraft.item.crafting.ShapedRecipes@24e2355c
[15:32:05] [Client thread/TRACE] [FML]:   Registry: 37 minecraft:white_banner net.minecraft.item.crafting.ShapedRecipes@23e9dd78
[15:32:05] [Client thread/TRACE] [FML]:   Registry: 38 minecraft:wheat net.minecraft.item.crafting.ShapedRecipes@73b8ab2c
[15:32:05] [Client thread/TRACE] [FML]:   Registry: 39 minecraft:tripwire_hook net.minecraft.item.crafting.ShapedRecipes@2e44cb34
[15:32:05] [Client thread/TRACE] [FML]:   Registry: 40 minecraft:trapped_chest net.minecraft.item.crafting.ShapelessRecipes@2890e479
[15:32:05] [Client thread/TRACE] [FML]:   Registry: 41 minecraft:trapdoor net.minecraft.item.crafting.ShapedRecipes@628bd77e
[15:32:05] [Client thread/TRACE] [FML]:   Registry: 42 minecraft:torch net.minecraft.item.crafting.ShapedRecipes@1dbc607d
[15:32:05] [Client thread/TRACE] [FML]:   Registry: 43 minecraft:tnt_minecart net.minecraft.item.crafting.ShapedRecipes@362cf66
[15:32:05] [Client thread/TRACE] [FML]:   Registry: 44 minecraft:tnt net.minecraft.item.crafting.ShapedRecipes@2fafa7b5
[15:32:05] [Client thread/TRACE] [FML]:   Registry: 45 minecraft:sugar net.minecraft.item.crafting.ShapedRecipes@3815a7d1
[15:32:05] [Client thread/TRACE] [FML]:   Registry: 46 minecraft:string_to_wool net.minecraft.item.crafting.ShapedRecipes@4bbc02ef
[15:32:05] [Client thread/TRACE] [FML]:   Registry: 47 minecraft:stonebrick net.minecraft.item.crafting.ShapedRecipes@1d9ff1e2
[15:32:05] [Client thread/TRACE] [FML]:   Registry: 48 minecraft:stone_sword net.minecraft.item.crafting.ShapedRecipes@624d778e
[15:32:05] [Client thread/TRACE] [FML]:   Registry: 49 minecraft:stone_stairs net.minecraft.item.crafting.ShapedRecipes@45f241df
[15:32:05] [Client thread/TRACE] [FML]:   Registry: 50 minecraft:stone_slab net.minecraft.item.crafting.ShapedRecipes@3c2dda7c
[15:32:05] [Client thread/TRACE] [FML]:   Registry: 51 minecraft:stone_shovel net.minecraft.item.crafting.ShapedRecipes@2bc59ab7
[15:32:05] [Client thread/TRACE] [FML]:   Registry: 52 minecraft:stone_pressure_plate net.minecraft.item.crafting.ShapedRecipes@7210f559
[15:32:05] [Client thread/TRACE] [FML]:   Registry: 53 minecraft:stone_pickaxe net.minecraft.item.crafting.ShapedRecipes@41404aa2
[15:32:05] [Client thread/TRACE] [FML]:   Registry: 54 minecraft:stone_hoe net.minecraft.item.crafting.ShapedRecipes@799971ac
[15:32:05] [Client thread/TRACE] [FML]:   Registry: 55 minecraft:stone_button net.minecraft.item.crafting.ShapedRecipes@1a3c4b3e
[15:32:05] [Client thread/TRACE] [FML]:   Registry: 56 minecraft:stone_brick_stairs net.minecraft.item.crafting.ShapedRecipes@39c5a105
[15:32:05] [Client thread/TRACE] [FML]:   Registry: 57 minecraft:stone_brick_slab net.minecraft.item.crafting.ShapedRecipes@470135da
[15:32:05] [Client thread/TRACE] [FML]:   Registry: 58 minecraft:stone_axe net.minecraft.item.crafting.ShapedRecipes@6cb194f5
[15:32:05] [Client thread/TRACE] [FML]:   Registry: 59 minecraft:sticky_piston net.minecraft.item.crafting.ShapedRecipes@1e482ecd
[15:32:05] [Client thread/TRACE] [FML]:   Registry: 60 minecraft:stick net.minecraft.item.crafting.ShapedRecipes@5615f82d
[15:32:05] [Client thread/TRACE] [FML]:   Registry: 61 minecraft:spruce_wooden_slab net.minecraft.item.crafting.ShapedRecipes@5724c7da
[15:32:05] [Client thread/TRACE] [FML]:   Registry: 62 minecraft:spruce_stairs net.minecraft.item.crafting.ShapedRecipes@4ba13fed
[15:32:05] [Client thread/TRACE] [FML]:   Registry: 63 minecraft:spruce_planks net.minecraft.item.crafting.ShapedRecipes@31443680
[15:32:05] [Client thread/TRACE] [FML]:   Registry: 64 minecraft:spruce_fence_gate net.minecraft.item.crafting.ShapedRecipes@67a38
[15:32:05] [Client thread/TRACE] [FML]:   Registry: 65 minecraft:spruce_fence net.minecraft.item.crafting.ShapedRecipes@93fb44
[15:32:05] [Client thread/TRACE] [FML]:   Registry: 66 minecraft:spruce_door net.minecraft.item.crafting.ShapedRecipes@c87787d
[15:32:05] [Client thread/TRACE] [FML]:   Registry: 67 minecraft:spruce_boat net.minecraft.item.crafting.ShapedRecipes@1ab9c735
[15:32:05] [Client thread/TRACE] [FML]:   Registry: 68 minecraft:spectral_arrow net.minecraft.item.crafting.ShapedRecipes@72ceafeb
[15:32:05] [Client thread/TRACE] [FML]:   Registry: 69 minecraft:speckled_melon net.minecraft.item.crafting.ShapedRecipes@63d3c9dc
[15:32:05] [Client thread/TRACE] [FML]:   Registry: 70 minecraft:snow_layer net.minecraft.item.crafting.ShapedRecipes@4be460e5
[15:32:05] [Client thread/TRACE] [FML]:   Registry: 71 minecraft:snow net.minecraft.item.crafting.ShapedRecipes@c2e33
[15:32:05] [Client thread/TRACE] [FML]:   Registry: 72 minecraft:smooth_sandstone net.minecraft.item.crafting.ShapedRecipes@56f84c9b
[15:32:05] [Client thread/TRACE] [FML]:   Registry: 73 minecraft:smooth_red_sandstone net.minecraft.item.crafting.ShapedRecipes@5bad555b
[15:32:05] [Client thread/TRACE] [FML]:   Registry: 74 minecraft:slime_ball net.minecraft.item.crafting.ShapedRecipes@24f90aff
[15:32:05] [Client thread/TRACE] [FML]:   Registry: 75 minecraft:slime net.minecraft.item.crafting.ShapedRecipes@201a8ea7
[15:32:05] [Client thread/TRACE] [FML]:   Registry: 76 minecraft:sign net.minecraft.item.crafting.ShapedRecipes@735988cf
[15:32:05] [Client thread/TRACE] [FML]:   Registry: 77 minecraft:shield net.minecraft.item.crafting.ShapedRecipes@6294e4a6
[15:32:05] [Client thread/TRACE] [FML]:   Registry: 78 minecraft:shears net.minecraft.item.crafting.ShapedRecipes@6ef4297d
[15:32:05] [Client thread/TRACE] [FML]:   Registry: 79 minecraft:sea_lantern net.minecraft.item.crafting.ShapedRecipes@460e5ffe
[15:32:05] [Client thread/TRACE] [FML]:   Registry: 80 minecraft:sandstone_stairs net.minecraft.item.crafting.ShapedRecipes@620572db
[15:32:05] [Client thread/TRACE] [FML]:   Registry: 81 minecraft:sandstone_slab net.minecraft.item.crafting.ShapedRecipes@1a02ebe0
[15:32:05] [Client thread/TRACE] [FML]:   Registry: 82 minecraft:sandstone net.minecraft.item.crafting.ShapedRecipes@752494dd
[15:32:05] [Client thread/TRACE] [FML]:   Registry: 83 minecraft:repeater net.minecraft.item.crafting.ShapedRecipes@57bd9c2b
[15:32:05] [Client thread/TRACE] [FML]:   Registry: 84 minecraft:redstone_torch net.minecraft.item.crafting.ShapedRecipes@a7ae340
[15:32:05] [Client thread/TRACE] [FML]:   Registry: 85 minecraft:redstone_lamp net.minecraft.item.crafting.ShapedRecipes@4b00d59
[15:32:05] [Client thread/TRACE] [FML]:   Registry: 86 minecraft:redstone_block net.minecraft.item.crafting.ShapedRecipes@49925d21
[15:32:05] [Client thread/TRACE] [FML]:   Registry: 87 minecraft:redstone net.minecraft.item.crafting.ShapedRecipes@3275a47f
[15:32:05] [Client thread/TRACE] [FML]:   Registry: 88 minecraft:red_wool net.minecraft.item.crafting.ShapelessRecipes@38c55a8a
[15:32:05] [Client thread/TRACE] [FML]:   Registry: 89 minecraft:red_stained_hardened_clay net.minecraft.item.crafting.ShapedRecipes@3e8afc2d
[15:32:05] [Client thread/TRACE] [FML]:   Registry: 90 minecraft:red_stained_glass_pane net.minecraft.item.crafting.ShapedRecipes@614cd187
[15:32:05] [Client thread/TRACE] [FML]:   Registry: 91 minecraft:red_stained_glass net.minecraft.item.crafting.ShapedRecipes@e7d0db2
[15:32:05] [Client thread/TRACE] [FML]:   Registry: 92 minecraft:red_sandstone_stairs net.minecraft.item.crafting.ShapedRecipes@12723c5d
[15:32:05] [Client thread/TRACE] [FML]:   Registry: 93 minecraft:red_sandstone_slab net.minecraft.item.crafting.ShapedRecipes@2567c091
[15:32:05] [Client thread/TRACE] [FML]:   Registry: 94 minecraft:red_sandstone net.minecraft.item.crafting.ShapedRecipes@6fc7e828
[15:32:05] [Client thread/TRACE] [FML]:   Registry: 95 minecraft:red_nether_brick net.minecraft.item.crafting.ShapedRecipes@1e9d7366
[15:32:05] [Client thread/TRACE] [FML]:   Registry: 96 minecraft:red_dye_from_tulip net.minecraft.item.crafting.ShapelessRecipes@34070bd2
[15:32:05] [Client thread/TRACE] [FML]:   Registry: 97 minecraft:red_dye_from_rose_bush net.minecraft.item.crafting.ShapelessRecipes@72237be8
[15:32:05] [Client thread/TRACE] [FML]:   Registry: 98 minecraft:red_dye_from_poppy net.minecraft.item.crafting.ShapelessRecipes@1e3566e
[15:32:05] [Client thread/TRACE] [FML]:   Registry: 99 minecraft:red_dye_from_beetroot net.minecraft.item.crafting.ShapelessRecipes@f01fc6d
[15:32:05] [Client thread/TRACE] [FML]:   Registry: 100 minecraft:red_concrete_powder net.minecraft.item.crafting.ShapelessRecipes@3af39e7b
[15:32:05] [Client thread/TRACE] [FML]:   Registry: 101 minecraft:red_carpet net.minecraft.item.crafting.ShapedRecipes@433ae0b0
[15:32:05] [Client thread/TRACE] [FML]:   Registry: 102 minecraft:red_bed_from_white_bed net.minecraft.item.crafting.ShapelessRecipes@3e998033
[15:32:05] [Client thread/TRACE] [FML]:   Registry: 103 minecraft:red_bed net.minecraft.item.crafting.ShapedRecipes@6cfd08e9
[15:32:05] [Client thread/TRACE] [FML]:   Registry: 104 minecraft:red_banner net.minecraft.item.crafting.ShapedRecipes@7612116b
[15:32:05] [Client thread/TRACE] [FML]:   Registry: 105 minecraft:rail net.minecraft.item.crafting.ShapedRecipes@3dea1ecc
[15:32:05] [Client thread/TRACE] [FML]:   Registry: 106 minecraft:rabbit_stew_from_red_mushroom net.minecraft.item.crafting.ShapedRecipes@2773504f
[15:32:05] [Client thread/TRACE] [FML]:   Registry: 107 minecraft:rabbit_stew_from_brown_mushroom net.minecraft.item.crafting.ShapedRecipes@40dee07b
[15:32:05] [Client thread/TRACE] [FML]:   Registry: 108 minecraft:quartz_stairs net.minecraft.item.crafting.ShapedRecipes@256a5df0
[15:32:05] [Client thread/TRACE] [FML]:   Registry: 109 minecraft:quartz_slab net.minecraft.item.crafting.ShapedRecipes@73a5d86c
[15:32:05] [Client thread/TRACE] [FML]:   Registry: 110 minecraft:quartz_block net.minecraft.item.crafting.ShapedRecipes@612ac38b
[15:32:05] [Client thread/TRACE] [FML]:   Registry: 111 minecraft:purpur_stairs net.minecraft.item.crafting.ShapedRecipes@4e26987b
[15:32:05] [Client thread/TRACE] [FML]:   Registry: 112 minecraft:purpur_slab net.minecraft.item.crafting.ShapedRecipes@31e3c34
[15:32:05] [Client thread/TRACE] [FML]:   Registry: 113 minecraft:purpur_pillar net.minecraft.item.crafting.ShapedRecipes@14993306
[15:32:05] [Client thread/TRACE] [FML]:   Registry: 114 minecraft:purpur_block net.minecraft.item.crafting.ShapedRecipes@7109b603
[15:32:05] [Client thread/TRACE] [FML]:   Registry: 115 minecraft:purple_wool net.minecraft.item.crafting.ShapelessRecipes@508f4bb5
[15:32:05] [Client thread/TRACE] [FML]:   Registry: 116 minecraft:purple_stained_hardened_clay net.minecraft.item.crafting.ShapedRecipes@299786b1
[15:32:05] [Client thread/TRACE] [FML]:   Registry: 117 minecraft:purple_stained_glass_pane net.minecraft.item.crafting.ShapedRecipes@b144175
[15:32:05] [Client thread/TRACE] [FML]:   Registry: 118 minecraft:purple_stained_glass net.minecraft.item.crafting.ShapedRecipes@14ad42
[15:32:05] [Client thread/TRACE] [FML]:   Registry: 119 minecraft:purple_shulker_box net.minecraft.item.crafting.ShapedRecipes@67784537
[15:32:05] [Client thread/TRACE] [FML]:   Registry: 120 minecraft:purple_dye net.minecraft.item.crafting.ShapelessRecipes@3cb173db
[15:32:05] [Client thread/TRACE] [FML]:   Registry: 121 minecraft:purple_concrete_powder net.minecraft.item.crafting.ShapelessRecipes@7f1ad846
[15:32:05] [Client thread/TRACE] [FML]:   Registry: 122 minecraft:purple_carpet net.minecraft.item.crafting.ShapedRecipes@be1c08a
[15:32:05] [Client thread/TRACE] [FML]:   Registry: 123 minecraft:purple_bed_from_white_bed net.minecraft.item.crafting.ShapelessRecipes@3c6fb501
[15:32:05] [Client thread/TRACE] [FML]:   Registry: 124 minecraft:purple_bed net.minecraft.item.crafting.ShapedRecipes@1c610f
[15:32:05] [Client thread/TRACE] [FML]:   Registry: 125 minecraft:purple_banner net.minecraft.item.crafting.ShapedRecipes@7296fe0b
[15:32:05] [Client thread/TRACE] [FML]:   Registry: 126 minecraft:pumpkin_seeds net.minecraft.item.crafting.ShapedRecipes@54b2d002
[15:32:05] [Client thread/TRACE] [FML]:   Registry: 127 minecraft:pumpkin_pie net.minecraft.item.crafting.ShapelessRecipes@b849fa6
[15:32:05] [Client thread/TRACE] [FML]:   Registry: 128 minecraft:prismarine_bricks net.minecraft.item.crafting.ShapedRecipes@56ba8e8c
[15:32:05] [Client thread/TRACE] [FML]:   Registry: 129 minecraft:prismarine net.minecraft.item.crafting.ShapedRecipes@55f6f965
[15:32:05] [Client thread/TRACE] [FML]:   Registry: 130 minecraft:polished_granite net.minecraft.item.crafting.ShapedRecipes@6ff8e744
[15:32:05] [Client thread/TRACE] [FML]:   Registry: 131 minecraft:polished_diorite net.minecraft.item.crafting.ShapedRecipes@4ec27c4c
[15:32:05] [Client thread/TRACE] [FML]:   Registry: 132 minecraft:polished_andesite net.minecraft.item.crafting.ShapedRecipes@78861d9e
[15:32:05] [Client thread/TRACE] [FML]:   Registry: 133 minecraft:piston net.minecraft.item.crafting.ShapedRecipes@670c171c
[15:32:05] [Client thread/TRACE] [FML]:   Registry: 134 minecraft:pink_wool net.minecraft.item.crafting.ShapelessRecipes@6fcc0a1
[15:32:05] [Client thread/TRACE] [FML]:   Registry: 135 minecraft:pink_stained_hardened_clay net.minecraft.item.crafting.ShapedRecipes@2633d09c
[15:32:05] [Client thread/TRACE] [FML]:   Registry: 136 minecraft:pink_stained_glass_pane net.minecraft.item.crafting.ShapedRecipes@451af781
[15:32:05] [Client thread/TRACE] [FML]:   Registry: 137 minecraft:pink_stained_glass net.minecraft.item.crafting.ShapedRecipes@51df2a41
[15:32:05] [Client thread/TRACE] [FML]:   Registry: 138 minecraft:pink_dye_from_red_bonemeal net.minecraft.item.crafting.ShapelessRecipes@46e6458d
[15:32:05] [Client thread/TRACE] [FML]:   Registry: 139 minecraft:pink_dye_from_pink_tulip net.minecraft.item.crafting.ShapelessRecipes@13137835
[15:32:05] [Client thread/TRACE] [FML]:   Registry: 140 minecraft:pink_dye_from_peony net.minecraft.item.crafting.ShapelessRecipes@21e702b8
[15:32:05] [Client thread/TRACE] [FML]:   Registry: 141 minecraft:pink_concrete_powder net.minecraft.item.crafting.ShapelessRecipes@11c999da
[15:32:05] [Client thread/TRACE] [FML]:   Registry: 142 minecraft:pink_carpet net.minecraft.item.crafting.ShapedRecipes@2ac9e53c
[15:32:05] [Client thread/TRACE] [FML]:   Registry: 143 minecraft:pink_bed_from_white_bed net.minecraft.item.crafting.ShapelessRecipes@3a63d248
[15:32:05] [Client thread/TRACE] [FML]:   Registry: 144 minecraft:pink_bed net.minecraft.item.crafting.ShapedRecipes@4b56b517
[15:32:05] [Client thread/TRACE] [FML]:   Registry: 145 minecraft:pink_banner net.minecraft.item.crafting.ShapedRecipes@57515944
[15:32:05] [Client thread/TRACE] [FML]:   Registry: 146 minecraft:pillar_quartz_block net.minecraft.item.crafting.ShapedRecipes@5e9ea380
[15:32:05] [Client thread/TRACE] [FML]:   Registry: 147 minecraft:paper net.minecraft.item.crafting.ShapedRecipes@785d6a98
[15:32:05] [Client thread/TRACE] [FML]:   Registry: 148 minecraft:painting net.minecraft.item.crafting.ShapedRecipes@4ad3969
[15:32:05] [Client thread/TRACE] [FML]:   Registry: 149 minecraft:orange_wool net.minecraft.item.crafting.ShapelessRecipes@54e94de9
[15:32:05] [Client thread/TRACE] [FML]:   Registry: 150 minecraft:orange_stained_hardened_clay net.minecraft.item.crafting.ShapedRecipes@534fc1f7
[15:32:05] [Client thread/TRACE] [FML]:   Registry: 151 minecraft:orange_stained_glass_pane net.minecraft.item.crafting.ShapedRecipes@af3295f
[15:32:05] [Client thread/TRACE] [FML]:   Registry: 152 minecraft:orange_stained_glass net.minecraft.item.crafting.ShapedRecipes@3245efdb
[15:32:05] [Client thread/TRACE] [FML]:   Registry: 153 minecraft:orange_dye_from_red_yellow net.minecraft.item.crafting.ShapelessRecipes@2e4b5da1
[15:32:05] [Client thread/TRACE] [FML]:   Registry: 154 minecraft:orange_dye_from_orange_tulip net.minecraft.item.crafting.ShapelessRecipes@6879e983
[15:32:05] [Client thread/TRACE] [FML]:   Registry: 155 minecraft:orange_concrete_powder net.minecraft.item.crafting.ShapelessRecipes@2d3c501b
[15:32:05] [Client thread/TRACE] [FML]:   Registry: 156 minecraft:orange_carpet net.minecraft.item.crafting.ShapedRecipes@39ead1b7
[15:32:05] [Client thread/TRACE] [FML]:   Registry: 157 minecraft:orange_bed_from_white_bed net.minecraft.item.crafting.ShapelessRecipes@27053257
[15:32:05] [Client thread/TRACE] [FML]:   Registry: 158 minecraft:orange_bed net.minecraft.item.crafting.ShapedRecipes@55e5415d
[15:32:05] [Client thread/TRACE] [FML]:   Registry: 159 minecraft:orange_banner net.minecraft.item.crafting.ShapedRecipes@33f2eb04
[15:32:05] [Client thread/TRACE] [FML]:   Registry: 160 minecraft:observer net.minecraft.item.crafting.ShapedRecipes@424a152f
[15:32:05] [Client thread/TRACE] [FML]:   Registry: 161 minecraft:oak_wooden_slab net.minecraft.item.crafting.ShapedRecipes@4bb9f7d4
[15:32:05] [Client thread/TRACE] [FML]:   Registry: 162 minecraft:oak_stairs net.minecraft.item.crafting.ShapedRecipes@6fa7ce4
[15:32:05] [Client thread/TRACE] [FML]:   Registry: 163 minecraft:oak_planks net.minecraft.item.crafting.ShapedRecipes@44106e25
[15:32:05] [Client thread/TRACE] [FML]:   Registry: 164 minecraft:noteblock net.minecraft.item.crafting.ShapedRecipes@4552f905
[15:32:05] [Client thread/TRACE] [FML]:   Registry: 165 minecraft:nether_wart_block net.minecraft.item.crafting.ShapedRecipes@401b67a9
[15:32:05] [Client thread/TRACE] [FML]:   Registry: 166 minecraft:nether_brick_stairs net.minecraft.item.crafting.ShapedRecipes@148fca83
[15:32:05] [Client thread/TRACE] [FML]:   Registry: 167 minecraft:nether_brick_slab net.minecraft.item.crafting.ShapedRecipes@1d5bb5c
[15:32:05] [Client thread/TRACE] [FML]:   Registry: 168 minecraft:nether_brick_fence net.minecraft.item.crafting.ShapedRecipes@2aa811f9
[15:32:05] [Client thread/TRACE] [FML]:   Registry: 169 minecraft:nether_brick net.minecraft.item.crafting.ShapedRecipes@4b7e4d14
[15:32:05] [Client thread/TRACE] [FML]:   Registry: 170 minecraft:mushroom_stew net.minecraft.item.crafting.ShapelessRecipes@51fb5fe6
[15:32:05] [Client thread/TRACE] [FML]:   Registry: 171 minecraft:mossy_stonebrick net.minecraft.item.crafting.ShapelessRecipes@24ac6fef
[15:32:05] [Client thread/TRACE] [FML]:   Registry: 172 minecraft:mossy_cobblestone_wall net.minecraft.item.crafting.ShapedRecipes@b56d8a7
[15:32:05] [Client thread/TRACE] [FML]:   Registry: 173 minecraft:mossy_cobblestone net.minecraft.item.crafting.ShapelessRecipes@4ebd8d2
[15:32:05] [Client thread/TRACE] [FML]:   Registry: 174 minecraft:minecart net.minecraft.item.crafting.ShapedRecipes@5018b56b
[15:32:05] [Client thread/TRACE] [FML]:   Registry: 175 minecraft:melon_seeds net.minecraft.item.crafting.ShapedRecipes@124ff64d
[15:32:05] [Client thread/TRACE] [FML]:   Registry: 176 minecraft:melon_block net.minecraft.item.crafting.ShapedRecipes@5e05a706
[15:32:05] [Client thread/TRACE] [FML]:   Registry: 177 minecraft:map net.minecraft.item.crafting.ShapedRecipes@2270f58d
[15:32:05] [Client thread/TRACE] [FML]:   Registry: 178 minecraft:magma_cream net.minecraft.item.crafting.ShapelessRecipes@2c02a007
[15:32:05] [Client thread/TRACE] [FML]:   Registry: 179 minecraft:magma net.minecraft.item.crafting.ShapedRecipes@35d4035f
[15:32:05] [Client thread/TRACE] [FML]:   Registry: 180 minecraft:magenta_wool net.minecraft.item.crafting.ShapelessRecipes@12a0d249
[15:32:05] [Client thread/TRACE] [FML]:   Registry: 181 minecraft:magenta_stained_hardened_clay net.minecraft.item.crafting.ShapedRecipes@4d525897
[15:32:05] [Client thread/TRACE] [FML]:   Registry: 182 minecraft:magenta_stained_glass_pane net.minecraft.item.crafting.ShapedRecipes@5b895e76
[15:32:05] [Client thread/TRACE] [FML]:   Registry: 183 minecraft:magenta_stained_glass net.minecraft.item.crafting.ShapedRecipes@3278d065
[15:32:05] [Client thread/TRACE] [FML]:   Registry: 184 minecraft:magenta_dye_from_purple_and_pink net.minecraft.item.crafting.ShapelessRecipes@166ddfb7
[15:32:05] [Client thread/TRACE] [FML]:   Registry: 185 minecraft:magenta_dye_from_lilac net.minecraft.item.crafting.ShapelessRecipes@291cbe70
[15:32:05] [Client thread/TRACE] [FML]:   Registry: 186 minecraft:magenta_dye_from_lapis_red_pink net.minecraft.item.crafting.ShapelessRecipes@1b36d248
[15:32:05] [Client thread/TRACE] [FML]:   Registry: 187 minecraft:magenta_dye_from_lapis_ink_bonemeal net.minecraft.item.crafting.ShapelessRecipes@8315e4a
[15:32:05] [Client thread/TRACE] [FML]:   Registry: 188 minecraft:magenta_dye_from_allium net.minecraft.item.crafting.ShapelessRecipes@23d978b
[15:32:05] [Client thread/TRACE] [FML]:   Registry: 189 minecraft:magenta_concrete_powder net.minecraft.item.crafting.ShapelessRecipes@50e8ed74
[15:32:05] [Client thread/TRACE] [FML]:   Registry: 190 minecraft:magenta_carpet net.minecraft.item.crafting.ShapedRecipes@2d2f09a4
[15:32:05] [Client thread/TRACE] [FML]:   Registry: 191 minecraft:magenta_bed_from_white_bed net.minecraft.item.crafting.ShapelessRecipes@270f7b4d
[15:32:05] [Client thread/TRACE] [FML]:   Registry: 192 minecraft:magenta_bed net.minecraft.item.crafting.ShapedRecipes@b81938d
[15:32:05] [Client thread/TRACE] [FML]:   Registry: 193 minecraft:magenta_banner net.minecraft.item.crafting.ShapedRecipes@70421a08
[15:32:05] [Client thread/TRACE] [FML]:   Registry: 194 minecraft:lit_pumpkin net.minecraft.item.crafting.ShapedRecipes@614cbec4
[15:32:05] [Client thread/TRACE] [FML]:   Registry: 195 minecraft:lime_wool net.minecraft.item.crafting.ShapelessRecipes@5c7c75fb
[15:32:05] [Client thread/TRACE] [FML]:   Registry: 196 minecraft:lime_stained_hardened_clay net.minecraft.item.crafting.ShapedRecipes@2125535d
[15:32:05] [Client thread/TRACE] [FML]:   Registry: 197 minecraft:lime_stained_glass_pane net.minecraft.item.crafting.ShapedRecipes@5ae87de0
[15:32:05] [Client thread/TRACE] [FML]:   Registry: 198 minecraft:lime_stained_glass net.minecraft.item.crafting.ShapedRecipes@4910afdf
[15:32:05] [Client thread/TRACE] [FML]:   Registry: 199 minecraft:lime_dye net.minecraft.item.crafting.ShapelessRecipes@4bf10fe1
[15:32:05] [Client thread/TRACE] [FML]:   Registry: 200 minecraft:lime_concrete_powder net.minecraft.item.crafting.ShapelessRecipes@69ab2d6a
[15:32:05] [Client thread/TRACE] [FML]:   Registry: 201 minecraft:lime_carpet net.minecraft.item.crafting.ShapedRecipes@28f8ce2e
[15:32:05] [Client thread/TRACE] [FML]:   Registry: 202 minecraft:lime_bed_from_white_bed net.minecraft.item.crafting.ShapelessRecipes@4cacccbf
[15:32:05] [Client thread/TRACE] [FML]:   Registry: 203 minecraft:lime_bed net.minecraft.item.crafting.ShapedRecipes@114b2414
[15:32:05] [Client thread/TRACE] [FML]:   Registry: 204 minecraft:lime_banner net.minecraft.item.crafting.ShapedRecipes@6dd2e453
[15:32:05] [Client thread/TRACE] [FML]:   Registry: 205 minecraft:light_weighted_pressure_plate net.minecraft.item.crafting.ShapedRecipes@6edb1e9c
[15:32:05] [Client thread/TRACE] [FML]:   Registry: 206 minecraft:light_gray_wool net.minecraft.item.crafting.ShapelessRecipes@2ca132ad
[15:32:05] [Client thread/TRACE] [FML]:   Registry: 207 minecraft:light_gray_stained_hardened_clay net.minecraft.item.crafting.ShapedRecipes@6badb08c
[15:32:05] [Client thread/TRACE] [FML]:   Registry: 208 minecraft:light_gray_stained_glass_pane net.minecraft.item.crafting.ShapedRecipes@71418a4a
[15:32:05] [Client thread/TRACE] [FML]:   Registry: 209 minecraft:light_gray_stained_glass net.minecraft.item.crafting.ShapedRecipes@106802ea
[15:32:05] [Client thread/TRACE] [FML]:   Registry: 210 minecraft:light_gray_dye_from_white_tulip net.minecraft.item.crafting.ShapelessRecipes@23358740
[15:32:05] [Client thread/TRACE] [FML]:   Registry: 211 minecraft:light_gray_dye_from_oxeye_daisy net.minecraft.item.crafting.ShapelessRecipes@66682e8f
[15:32:05] [Client thread/TRACE] [FML]:   Registry: 212 minecraft:light_gray_dye_from_ink_bonemeal net.minecraft.item.crafting.ShapelessRecipes@5d8fd077
[15:32:05] [Client thread/TRACE] [FML]:   Registry: 213 minecraft:light_gray_dye_from_gray_bonemeal net.minecraft.item.crafting.ShapelessRecipes@3580134d
[15:32:05] [Client thread/TRACE] [FML]:   Registry: 214 minecraft:light_gray_dye_from_azure_bluet net.minecraft.item.crafting.ShapelessRecipes@6fefc5ea
[15:32:05] [Client thread/TRACE] [FML]:   Registry: 215 minecraft:light_gray_concrete_powder net.minecraft.item.crafting.ShapelessRecipes@217b0952
[15:32:05] [Client thread/TRACE] [FML]:   Registry: 216 minecraft:light_gray_carpet net.minecraft.item.crafting.ShapedRecipes@41f23499
[15:32:05] [Client thread/TRACE] [FML]:   Registry: 217 minecraft:light_gray_bed_from_white_bed net.minecraft.item.crafting.ShapelessRecipes@4d0b7fd5
[15:32:05] [Client thread/TRACE] [FML]:   Registry: 218 minecraft:light_gray_bed net.minecraft.item.crafting.ShapedRecipes@6338afe2
[15:32:05] [Client thread/TRACE] [FML]:   Registry: 219 minecraft:light_gray_banner net.minecraft.item.crafting.ShapedRecipes@19c1f6f4
[15:32:05] [Client thread/TRACE] [FML]:   Registry: 220 minecraft:light_blue_wool net.minecraft.item.crafting.ShapelessRecipes@6ec98ccc
[15:32:05] [Client thread/TRACE] [FML]:   Registry: 221 minecraft:light_blue_stained_hardened_clay net.minecraft.item.crafting.ShapedRecipes@603c2dee
[15:32:05] [Client thread/TRACE] [FML]:   Registry: 222 minecraft:light_blue_stained_glass_pane net.minecraft.item.crafting.ShapedRecipes@190bf8e4
[15:32:05] [Client thread/TRACE] [FML]:   Registry: 223 minecraft:light_blue_stained_glass net.minecraft.item.crafting.ShapedRecipes@3dd66ff5
[15:32:05] [Client thread/TRACE] [FML]:   Registry: 224 minecraft:light_blue_dye_from_lapis_bonemeal net.minecraft.item.crafting.ShapelessRecipes@3412a3fd
[15:32:05] [Client thread/TRACE] [FML]:   Registry: 225 minecraft:light_blue_dye_from_blue_orchid net.minecraft.item.crafting.ShapelessRecipes@2211e731
[15:32:05] [Client thread/TRACE] [FML]:   Registry: 226 minecraft:light_blue_concrete_powder net.minecraft.item.crafting.ShapelessRecipes@7dd7ec56
[15:32:05] [Client thread/TRACE] [FML]:   Registry: 227 minecraft:light_blue_carpet net.minecraft.item.crafting.ShapedRecipes@28cf179c
[15:32:05] [Client thread/TRACE] [FML]:   Registry: 228 minecraft:light_blue_bed_from_white_bed net.minecraft.item.crafting.ShapelessRecipes@2a9f8d47
[15:32:05] [Client thread/TRACE] [FML]:   Registry: 229 minecraft:light_blue_bed net.minecraft.item.crafting.ShapedRecipes@51c008fd
[15:32:05] [Client thread/TRACE] [FML]:   Registry: 230 minecraft:light_blue_banner net.minecraft.item.crafting.ShapedRecipes@713e49c3
[15:32:05] [Client thread/TRACE] [FML]:   Registry: 231 minecraft:lever net.minecraft.item.crafting.ShapedRecipes@4af84a76
[15:32:05] [Client thread/TRACE] [FML]:   Registry: 232 minecraft:leather_leggings net.minecraft.item.crafting.ShapedRecipes@19e8fe55
[15:32:05] [Client thread/TRACE] [FML]:   Registry: 233 minecraft:leather_helmet net.minecraft.item.crafting.ShapedRecipes@674e4c82
[15:32:05] [Client thread/TRACE] [FML]:   Registry: 234 minecraft:leather_chestplate net.minecraft.item.crafting.ShapedRecipes@4e4bfd9c
[15:32:05] [Client thread/TRACE] [FML]:   Registry: 235 minecraft:leather_boots net.minecraft.item.crafting.ShapedRecipes@4a29fe2e
[15:32:05] [Client thread/TRACE] [FML]:   Registry: 236 minecraft:leather net.minecraft.item.crafting.ShapedRecipes@53e166ad
[15:32:05] [Client thread/TRACE] [FML]:   Registry: 237 minecraft:lead net.minecraft.item.crafting.ShapedRecipes@7ef9c8a5
[15:32:05] [Client thread/TRACE] [FML]:   Registry: 238 minecraft:lapis_lazuli net.minecraft.item.crafting.ShapedRecipes@29ea5e0
[15:32:05] [Client thread/TRACE] [FML]:   Registry: 239 minecraft:lapis_block net.minecraft.item.crafting.ShapedRecipes@3d7314b3
[15:32:05] [Client thread/TRACE] [FML]:   Registry: 240 minecraft:ladder net.minecraft.item.crafting.ShapedRecipes@48860139
[15:32:05] [Client thread/TRACE] [FML]:   Registry: 241 minecraft:jungle_wooden_slab net.minecraft.item.crafting.ShapedRecipes@33568e26
[15:32:05] [Client thread/TRACE] [FML]:   Registry: 242 minecraft:jungle_stairs net.minecraft.item.crafting.ShapedRecipes@771cbd13
[15:32:05] [Client thread/TRACE] [FML]:   Registry: 243 minecraft:jungle_planks net.minecraft.item.crafting.ShapedRecipes@3e489ac1
[15:32:05] [Client thread/TRACE] [FML]:   Registry: 244 minecraft:jungle_fence_gate net.minecraft.item.crafting.ShapedRecipes@626df173
[15:32:05] [Client thread/TRACE] [FML]:   Registry: 245 minecraft:jungle_fence net.minecraft.item.crafting.ShapedRecipes@4fe4503a
[15:32:05] [Client thread/TRACE] [FML]:   Registry: 246 minecraft:jungle_door net.minecraft.item.crafting.ShapedRecipes@5a4b8e25
[15:32:05] [Client thread/TRACE] [FML]:   Registry: 247 minecraft:jungle_boat net.minecraft.item.crafting.ShapedRecipes@7028b5cc
[15:32:05] [Client thread/TRACE] [FML]:   Registry: 248 minecraft:jukebox net.minecraft.item.crafting.ShapedRecipes@4535bdc6
[15:32:05] [Client thread/TRACE] [FML]:   Registry: 249 minecraft:item_frame net.minecraft.item.crafting.ShapedRecipes@4e79c25
[15:32:05] [Client thread/TRACE] [FML]:   Registry: 250 minecraft:iron_trapdoor net.minecraft.item.crafting.ShapedRecipes@608f310a
[15:32:05] [Client thread/TRACE] [FML]:   Registry: 251 minecraft:iron_sword net.minecraft.item.crafting.ShapedRecipes@4a47bc9c
[15:32:05] [Client thread/TRACE] [FML]:   Registry: 252 minecraft:iron_shovel net.minecraft.item.crafting.ShapedRecipes@1bcb8599
[15:32:05] [Client thread/TRACE] [FML]:   Registry: 253 minecraft:iron_pickaxe net.minecraft.item.crafting.ShapedRecipes@2f3cd727
[15:32:05] [Client thread/TRACE] [FML]:   Registry: 254 minecraft:iron_nugget net.minecraft.item.crafting.ShapedRecipes@11dbcb3b
[15:32:05] [Client thread/TRACE] [FML]:   Registry: 255 minecraft:iron_leggings net.minecraft.item.crafting.ShapedRecipes@75de7009
[15:32:05] [Client thread/TRACE] [FML]:   Registry: 256 minecraft:iron_ingot_from_nuggets net.minecraft.item.crafting.ShapedRecipes@5f5923ef
[15:32:05] [Client thread/TRACE] [FML]:   Registry: 257 minecraft:iron_ingot_from_block net.minecraft.item.crafting.ShapedRecipes@6ad3fbe4
[15:32:05] [Client thread/TRACE] [FML]:   Registry: 258 minecraft:iron_hoe net.minecraft.item.crafting.ShapedRecipes@4caf875c
[15:32:05] [Client thread/TRACE] [FML]:   Registry: 259 minecraft:iron_helmet net.minecraft.item.crafting.ShapedRecipes@5621a671
[15:32:05] [Client thread/TRACE] [FML]:   Registry: 260 minecraft:iron_door net.minecraft.item.crafting.ShapedRecipes@3e2578ea
[15:32:05] [Client thread/TRACE] [FML]:   Registry: 261 minecraft:iron_chestplate net.minecraft.item.crafting.ShapedRecipes@5ea9373e
[15:32:05] [Client thread/TRACE] [FML]:   Registry: 262 minecraft:iron_boots net.minecraft.item.crafting.ShapedRecipes@774304ca
[15:32:05] [Client thread/TRACE] [FML]:   Registry: 263 minecraft:iron_block net.minecraft.item.crafting.ShapedRecipes@65a80fdb
[15:32:05] [Client thread/TRACE] [FML]:   Registry: 264 minecraft:iron_bars net.minecraft.item.crafting.ShapedRecipes@43e7f104
[15:32:05] [Client thread/TRACE] [FML]:   Registry: 265 minecraft:iron_axe net.minecraft.item.crafting.ShapedRecipes@4db568e1
[15:32:05] [Client thread/TRACE] [FML]:   Registry: 266 minecraft:hopper_minecart net.minecraft.item.crafting.ShapedRecipes@40b70f31
[15:32:05] [Client thread/TRACE] [FML]:   Registry: 267 minecraft:hopper net.minecraft.item.crafting.ShapedRecipes@559c4e06
[15:32:05] [Client thread/TRACE] [FML]:   Registry: 268 minecraft:heavy_weighted_pressure_plate net.minecraft.item.crafting.ShapedRecipes@6c8e5ac4
[15:32:05] [Client thread/TRACE] [FML]:   Registry: 269 minecraft:hay_block net.minecraft.item.crafting.ShapedRecipes@50734cea
[15:32:05] [Client thread/TRACE] [FML]:   Registry: 270 minecraft:green_wool net.minecraft.item.crafting.ShapelessRecipes@5ac646b3
[15:32:05] [Client thread/TRACE] [FML]:   Registry: 271 minecraft:green_stained_hardened_clay net.minecraft.item.crafting.ShapedRecipes@4ebed2b3
[15:32:05] [Client thread/TRACE] [FML]:   Registry: 272 minecraft:green_stained_glass_pane net.minecraft.item.crafting.ShapedRecipes@18ca9277
[15:32:05] [Client thread/TRACE] [FML]:   Registry: 273 minecraft:green_stained_glass net.minecraft.item.crafting.ShapedRecipes@577cf459
[15:32:05] [Client thread/TRACE] [FML]:   Registry: 274 minecraft:green_concrete_powder net.minecraft.item.crafting.ShapelessRecipes@771d4db
[15:32:05] [Client thread/TRACE] [FML]:   Registry: 275 minecraft:green_carpet net.minecraft.item.crafting.ShapedRecipes@3dbbed3e
[15:32:05] [Client thread/TRACE] [FML]:   Registry: 276 minecraft:green_bed_from_white_bed net.minecraft.item.crafting.ShapelessRecipes@54a5496f
[15:32:05] [Client thread/TRACE] [FML]:   Registry: 277 minecraft:green_bed net.minecraft.item.crafting.ShapedRecipes@1123d461
[15:32:05] [Client thread/TRACE] [FML]:   Registry: 278 minecraft:green_banner net.minecraft.item.crafting.ShapedRecipes@579dde54
[15:32:05] [Client thread/TRACE] [FML]:   Registry: 279 minecraft:gray_wool net.minecraft.item.crafting.ShapelessRecipes@73a116d
[15:32:05] [Client thread/TRACE] [FML]:   Registry: 280 minecraft:gray_stained_hardened_clay net.minecraft.item.crafting.ShapedRecipes@24b8a393
[15:32:05] [Client thread/TRACE] [FML]:   Registry: 281 minecraft:gray_stained_glass_pane net.minecraft.item.crafting.ShapedRecipes@20be793a
[15:32:05] [Client thread/TRACE] [FML]:   Registry: 282 minecraft:gray_stained_glass net.minecraft.item.crafting.ShapedRecipes@b842275
[15:32:05] [Client thread/TRACE] [FML]:   Registry: 283 minecraft:gray_dye net.minecraft.item.crafting.ShapelessRecipes@13f2d42c
[15:32:05] [Client thread/TRACE] [FML]:   Registry: 284 minecraft:gray_concrete_powder net.minecraft.item.crafting.ShapelessRecipes@400008bf
[15:32:05] [Client thread/TRACE] [FML]:   Registry: 285 minecraft:gray_carpet net.minecraft.item.crafting.ShapedRecipes@7d80e1b3
[15:32:05] [Client thread/TRACE] [FML]:   Registry: 286 minecraft:gray_bed_from_white_bed net.minecraft.item.crafting.ShapelessRecipes@61be6051
[15:32:05] [Client thread/TRACE] [FML]:   Registry: 287 minecraft:gray_bed net.minecraft.item.crafting.ShapedRecipes@5bdb9c69
[15:32:05] [Client thread/TRACE] [FML]:   Registry: 288 minecraft:gray_banner net.minecraft.item.crafting.ShapedRecipes@81a8898
[15:32:05] [Client thread/TRACE] [FML]:   Registry: 289 minecraft:granite net.minecraft.item.crafting.ShapelessRecipes@639948a2
[15:32:05] [Client thread/TRACE] [FML]:   Registry: 290 minecraft:golden_sword net.minecraft.item.crafting.ShapedRecipes@9d2af36
[15:32:05] [Client thread/TRACE] [FML]:   Registry: 291 minecraft:golden_shovel net.minecraft.item.crafting.ShapedRecipes@4f563f96
[15:32:05] [Client thread/TRACE] [FML]:   Registry: 292 minecraft:golden_rail net.minecraft.item.crafting.ShapedRecipes@19f1be04
[15:32:05] [Client thread/TRACE] [FML]:   Registry: 293 minecraft:golden_pickaxe net.minecraft.item.crafting.ShapedRecipes@2ba9f743
[15:32:05] [Client thread/TRACE] [FML]:   Registry: 294 minecraft:golden_leggings net.minecraft.item.crafting.ShapedRecipes@5b4d9bda
[15:32:05] [Client thread/TRACE] [FML]:   Registry: 295 minecraft:golden_hoe net.minecraft.item.crafting.ShapedRecipes@4d16975b
[15:32:05] [Client thread/TRACE] [FML]:   Registry: 296 minecraft:golden_helmet net.minecraft.item.crafting.ShapedRecipes@2a16d393
[15:32:05] [Client thread/TRACE] [FML]:   Registry: 297 minecraft:golden_chestplate net.minecraft.item.crafting.ShapedRecipes@1786150f
[15:32:05] [Client thread/TRACE] [FML]:   Registry: 298 minecraft:golden_carrot net.minecraft.item.crafting.ShapedRecipes@be083e1
[15:32:05] [Client thread/TRACE] [FML]:   Registry: 299 minecraft:golden_boots net.minecraft.item.crafting.ShapedRecipes@53d808ea
[15:32:05] [Client thread/TRACE] [FML]:   Registry: 300 minecraft:golden_axe net.minecraft.item.crafting.ShapedRecipes@2586e878
[15:32:05] [Client thread/TRACE] [FML]:   Registry: 301 minecraft:golden_apple net.minecraft.item.crafting.ShapedRecipes@ec3944
[15:32:05] [Client thread/TRACE] [FML]:   Registry: 302 minecraft:gold_nugget net.minecraft.item.crafting.ShapedRecipes@621a387f
[15:32:05] [Client thread/TRACE] [FML]:   Registry: 303 minecraft:gold_ingot_from_nuggets net.minecraft.item.crafting.ShapedRecipes@f08f8a9
[15:32:05] [Client thread/TRACE] [FML]:   Registry: 304 minecraft:gold_ingot_from_block net.minecraft.item.crafting.ShapedRecipes@1c2b65cc
[15:32:05] [Client thread/TRACE] [FML]:   Registry: 305 minecraft:gold_block net.minecraft.item.crafting.ShapedRecipes@3a0baec0
[15:32:05] [Client thread/TRACE] [FML]:   Registry: 306 minecraft:glowstone net.minecraft.item.crafting.ShapedRecipes@520ee6b3
[15:32:05] [Client thread/TRACE] [FML]:   Registry: 307 minecraft:glass_pane net.minecraft.item.crafting.ShapedRecipes@27210a3b
[15:32:05] [Client thread/TRACE] [FML]:   Registry: 308 minecraft:glass_bottle net.minecraft.item.crafting.ShapedRecipes@5fafa76d
[15:32:05] [Client thread/TRACE] [FML]:   Registry: 309 minecraft:furnace_minecart net.minecraft.item.crafting.ShapedRecipes@71df5f30
[15:32:05] [Client thread/TRACE] [FML]:   Registry: 310 minecraft:furnace net.minecraft.item.crafting.ShapedRecipes@539dd2d0
[15:32:05] [Client thread/TRACE] [FML]:   Registry: 311 minecraft:flower_pot net.minecraft.item.crafting.ShapedRecipes@3664c596
[15:32:05] [Client thread/TRACE] [FML]:   Registry: 312 minecraft:flint_and_steel net.minecraft.item.crafting.ShapelessRecipes@5d2e65bd
[15:32:05] [Client thread/TRACE] [FML]:   Registry: 313 minecraft:fishing_rod net.minecraft.item.crafting.ShapedRecipes@570299e3
[15:32:05] [Client thread/TRACE] [FML]:   Registry: 314 minecraft:fire_charge net.minecraft.item.crafting.ShapelessRecipes@142918a0
[15:32:05] [Client thread/TRACE] [FML]:   Registry: 315 minecraft:fermented_spider_eye net.minecraft.item.crafting.ShapelessRecipes@67396475
[15:32:05] [Client thread/TRACE] [FML]:   Registry: 316 minecraft:fence_gate net.minecraft.item.crafting.ShapedRecipes@28db2afb
[15:32:05] [Client thread/TRACE] [FML]:   Registry: 317 minecraft:fence net.minecraft.item.crafting.ShapedRecipes@6a116354
[15:32:05] [Client thread/TRACE] [FML]:   Registry: 318 minecraft:ender_eye net.minecraft.item.crafting.ShapelessRecipes@701c482e
[15:32:05] [Client thread/TRACE] [FML]:   Registry: 319 minecraft:ender_chest net.minecraft.item.crafting.ShapedRecipes@65b5b5ed
[15:32:05] [Client thread/TRACE] [FML]:   Registry: 320 minecraft:end_rod net.minecraft.item.crafting.ShapedRecipes@e18d2a2
[15:32:05] [Client thread/TRACE] [FML]:   Registry: 321 minecraft:end_crystal net.minecraft.item.crafting.ShapedRecipes@306c9b2c
[15:32:05] [Client thread/TRACE] [FML]:   Registry: 322 minecraft:end_bricks net.minecraft.item.crafting.ShapedRecipes@30b1c5d5
[15:32:05] [Client thread/TRACE] [FML]:   Registry: 323 minecraft:enchanting_table net.minecraft.item.crafting.ShapedRecipes@287317df
[15:32:05] [Client thread/TRACE] [FML]:   Registry: 324 minecraft:emerald_block net.minecraft.item.crafting.ShapedRecipes@41bbb219
[15:32:05] [Client thread/TRACE] [FML]:   Registry: 325 minecraft:emerald net.minecraft.item.crafting.ShapedRecipes@43cf5bff
[15:32:05] [Client thread/TRACE] [FML]:   Registry: 326 minecraft:dropper net.minecraft.item.crafting.ShapedRecipes@571db8b4
[15:32:05] [Client thread/TRACE] [FML]:   Registry: 327 minecraft:dispenser net.minecraft.item.crafting.ShapedRecipes@649009d6
[15:32:05] [Client thread/TRACE] [FML]:   Registry: 328 minecraft:diorite net.minecraft.item.crafting.ShapedRecipes@1f293cb7
[15:32:05] [Client thread/TRACE] [FML]:   Registry: 329 minecraft:diamond_sword net.minecraft.item.crafting.ShapedRecipes@58068b40
[15:32:05] [Client thread/TRACE] [FML]:   Registry: 330 minecraft:diamond_shovel net.minecraft.item.crafting.ShapedRecipes@26f204a4
[15:32:05] [Client thread/TRACE] [FML]:   Registry: 331 minecraft:diamond_pickaxe net.minecraft.item.crafting.ShapedRecipes@16c0be3b
[15:32:05] [Client thread/TRACE] [FML]:   Registry: 332 minecraft:diamond_leggings net.minecraft.item.crafting.ShapedRecipes@b3a8455
[15:32:05] [Client thread/TRACE] [FML]:   Registry: 333 minecraft:diamond_hoe net.minecraft.item.crafting.ShapedRecipes@60ee7a51
[15:32:05] [Client thread/TRACE] [FML]:   Registry: 334 minecraft:diamond_helmet net.minecraft.item.crafting.ShapedRecipes@5b715ea
[15:32:05] [Client thread/TRACE] [FML]:   Registry: 335 minecraft:diamond_chestplate net.minecraft.item.crafting.ShapedRecipes@25110bb9
[15:32:05] [Client thread/TRACE] [FML]:   Registry: 336 minecraft:diamond_boots net.minecraft.item.crafting.ShapedRecipes@568ef502
[15:32:05] [Client thread/TRACE] [FML]:   Registry: 337 minecraft:diamond_block net.minecraft.item.crafting.ShapedRecipes@1f521c69
[15:32:05] [Client thread/TRACE] [FML]:   Registry: 338 minecraft:diamond_axe net.minecraft.item.crafting.ShapedRecipes@62a41279
[15:32:05] [Client thread/TRACE] [FML]:   Registry: 339 minecraft:diamond net.minecraft.item.crafting.ShapedRecipes@2e66f1bd
[15:32:05] [Client thread/TRACE] [FML]:   Registry: 340 minecraft:detector_rail net.minecraft.item.crafting.ShapedRecipes@74e2cfc5
[15:32:05] [Client thread/TRACE] [FML]:   Registry: 341 minecraft:daylight_detector net.minecraft.item.crafting.ShapedRecipes@2a5d2041
[15:32:05] [Client thread/TRACE] [FML]:   Registry: 342 minecraft:dark_prismarine net.minecraft.item.crafting.ShapedRecipes@15bb8ed5
[15:32:05] [Client thread/TRACE] [FML]:   Registry: 343 minecraft:dark_oak_wooden_slab net.minecraft.item.crafting.ShapedRecipes@7178d811
[15:32:05] [Client thread/TRACE] [FML]:   Registry: 344 minecraft:dark_oak_stairs net.minecraft.item.crafting.ShapedRecipes@430106cf
[15:32:05] [Client thread/TRACE] [FML]:   Registry: 345 minecraft:dark_oak_planks net.minecraft.item.crafting.ShapedRecipes@625db0e0
[15:32:05] [Client thread/TRACE] [FML]:   Registry: 346 minecraft:dark_oak_fence_gate net.minecraft.item.crafting.ShapedRecipes@aa633e6
[15:32:05] [Client thread/TRACE] [FML]:   Registry: 347 minecraft:dark_oak_fence net.minecraft.item.crafting.ShapedRecipes@25e796fe
[15:32:05] [Client thread/TRACE] [FML]:   Registry: 348 minecraft:dark_oak_door net.minecraft.item.crafting.ShapedRecipes@516b84d1
[15:32:05] [Client thread/TRACE] [FML]:   Registry: 349 minecraft:dark_oak_boat net.minecraft.item.crafting.ShapedRecipes@30eb55c9
[15:32:05] [Client thread/TRACE] [FML]:   Registry: 350 minecraft:cyan_wool net.minecraft.item.crafting.ShapelessRecipes@3c46e6f6
[15:32:05] [Client thread/TRACE] [FML]:   Registry: 351 minecraft:cyan_stained_hardened_clay net.minecraft.item.crafting.ShapedRecipes@1be52113
[15:32:05] [Client thread/TRACE] [FML]:   Registry: 352 minecraft:cyan_stained_glass_pane net.minecraft.item.crafting.ShapedRecipes@338270ea
[15:32:05] [Client thread/TRACE] [FML]:   Registry: 353 minecraft:cyan_stained_glass net.minecraft.item.crafting.ShapedRecipes@61d7bb61
[15:32:05] [Client thread/TRACE] [FML]:   Registry: 354 minecraft:cyan_dye net.minecraft.item.crafting.ShapelessRecipes@15c1b543
[15:32:05] [Client thread/TRACE] [FML]:   Registry: 355 minecraft:cyan_concrete_powder net.minecraft.item.crafting.ShapelessRecipes@d5e3f55
[15:32:05] [Client thread/TRACE] [FML]:   Registry: 356 minecraft:cyan_carpet net.minecraft.item.crafting.ShapedRecipes@31531d0d
[15:32:05] [Client thread/TRACE] [FML]:   Registry: 357 minecraft:cyan_bed_from_white_bed net.minecraft.item.crafting.ShapelessRecipes@204c5ddf
[15:32:05] [Client thread/TRACE] [FML]:   Registry: 358 minecraft:cyan_bed net.minecraft.item.crafting.ShapedRecipes@4bfe83d
[15:32:05] [Client thread/TRACE] [FML]:   Registry: 359 minecraft:cyan_banner net.minecraft.item.crafting.ShapedRecipes@eb695e8
[15:32:05] [Client thread/TRACE] [FML]:   Registry: 360 minecraft:crafting_table net.minecraft.item.crafting.ShapedRecipes@10f397d0
[15:32:05] [Client thread/TRACE] [FML]:   Registry: 361 minecraft:cookie net.minecraft.item.crafting.ShapedRecipes@47ffa248
[15:32:05] [Client thread/TRACE] [FML]:   Registry: 362 minecraft:compass net.minecraft.item.crafting.ShapedRecipes@5d77be8e
[15:32:05] [Client thread/TRACE] [FML]:   Registry: 363 minecraft:comparator net.minecraft.item.crafting.ShapedRecipes@74c04377
[15:32:05] [Client thread/TRACE] [FML]:   Registry: 364 minecraft:cobblestone_wall net.minecraft.item.crafting.ShapedRecipes@78d61f17
[15:32:05] [Client thread/TRACE] [FML]:   Registry: 365 minecraft:cobblestone_slab net.minecraft.item.crafting.ShapedRecipes@7f3e9acc
[15:32:05] [Client thread/TRACE] [FML]:   Registry: 366 minecraft:coarse_dirt net.minecraft.item.crafting.ShapedRecipes@b3042ed
[15:32:05] [Client thread/TRACE] [FML]:   Registry: 367 minecraft:coal_block net.minecraft.item.crafting.ShapedRecipes@53d9af1
[15:32:05] [Client thread/TRACE] [FML]:   Registry: 368 minecraft:coal net.minecraft.item.crafting.ShapedRecipes@34eb5d01
[15:32:05] [Client thread/TRACE] [FML]:   Registry: 369 minecraft:clock net.minecraft.item.crafting.ShapedRecipes@5f0ca069
[15:32:05] [Client thread/TRACE] [FML]:   Registry: 370 minecraft:clay net.minecraft.item.crafting.ShapedRecipes@54d35ed5
[15:32:05] [Client thread/TRACE] [FML]:   Registry: 371 minecraft:chiseled_stonebrick net.minecraft.item.crafting.ShapedRecipes@5059d398
[15:32:05] [Client thread/TRACE] [FML]:   Registry: 372 minecraft:chiseled_sandstone net.minecraft.item.crafting.ShapedRecipes@53b2e1eb
[15:32:05] [Client thread/TRACE] [FML]:   Registry: 373 minecraft:chiseled_red_sandstone net.minecraft.item.crafting.ShapedRecipes@5de243bb
[15:32:05] [Client thread/TRACE] [FML]:   Registry: 374 minecraft:chiseled_quartz_block net.minecraft.item.crafting.ShapedRecipes@39685204
[15:32:05] [Client thread/TRACE] [FML]:   Registry: 375 minecraft:chest_minecart net.minecraft.item.crafting.ShapedRecipes@490d9c41
[15:32:05] [Client thread/TRACE] [FML]:   Registry: 376 minecraft:chest net.minecraft.item.crafting.ShapedRecipes@565a6af
[15:32:05] [Client thread/TRACE] [FML]:   Registry: 377 minecraft:cauldron net.minecraft.item.crafting.ShapedRecipes@3a9c92b5
[15:32:05] [Client thread/TRACE] [FML]:   Registry: 378 minecraft:carrot_on_a_stick net.minecraft.item.crafting.ShapedRecipes@43df1377
[15:32:05] [Client thread/TRACE] [FML]:   Registry: 379 minecraft:cake net.minecraft.item.crafting.ShapedRecipes@42b500aa
[15:32:05] [Client thread/TRACE] [FML]:   Registry: 380 minecraft:bucket net.minecraft.item.crafting.ShapedRecipes@5151accb
[15:32:05] [Client thread/TRACE] [FML]:   Registry: 381 minecraft:brown_wool net.minecraft.item.crafting.ShapelessRecipes@395197cb
[15:32:05] [Client thread/TRACE] [FML]:   Registry: 382 minecraft:brown_stained_hardened_clay net.minecraft.item.crafting.ShapedRecipes@191774d6
[15:32:05] [Client thread/TRACE] [FML]:   Registry: 383 minecraft:brown_stained_glass_pane net.minecraft.item.crafting.ShapedRecipes@6723e6b3
[15:32:05] [Client thread/TRACE] [FML]:   Registry: 384 minecraft:brown_stained_glass net.minecraft.item.crafting.ShapedRecipes@7d70ba18
[15:32:05] [Client thread/TRACE] [FML]:   Registry: 385 minecraft:brown_concrete_powder net.minecraft.item.crafting.ShapelessRecipes@2a0c244e
[15:32:05] [Client thread/TRACE] [FML]:   Registry: 386 minecraft:brown_carpet net.minecraft.item.crafting.ShapedRecipes@5a537a16
[15:32:05] [Client thread/TRACE] [FML]:   Registry: 387 minecraft:brown_bed_from_white_bed net.minecraft.item.crafting.ShapelessRecipes@185a0811
[15:32:05] [Client thread/TRACE] [FML]:   Registry: 388 minecraft:brown_bed net.minecraft.item.crafting.ShapedRecipes@434d001d
[15:32:05] [Client thread/TRACE] [FML]:   Registry: 389 minecraft:brown_banner net.minecraft.item.crafting.ShapedRecipes@5e3cb58e
[15:32:05] [Client thread/TRACE] [FML]:   Registry: 390 minecraft:brick_stairs net.minecraft.item.crafting.ShapedRecipes@3dee3a6c
[15:32:05] [Client thread/TRACE] [FML]:   Registry: 391 minecraft:brick_slab net.minecraft.item.crafting.ShapedRecipes@6f976c
[15:32:05] [Client thread/TRACE] [FML]:   Registry: 392 minecraft:brick_block net.minecraft.item.crafting.ShapedRecipes@7b0525a8
[15:32:05] [Client thread/TRACE] [FML]:   Registry: 393 minecraft:brewing_stand net.minecraft.item.crafting.ShapedRecipes@5a6af2c4
[15:32:05] [Client thread/TRACE] [FML]:   Registry: 394 minecraft:bread net.minecraft.item.crafting.ShapedRecipes@1f72fbd1
[15:32:05] [Client thread/TRACE] [FML]:   Registry: 395 minecraft:bowl net.minecraft.item.crafting.ShapedRecipes@5454be
[15:32:05] [Client thread/TRACE] [FML]:   Registry: 396 minecraft:bow net.minecraft.item.crafting.ShapedRecipes@30a791a6
[15:32:05] [Client thread/TRACE] [FML]:   Registry: 397 minecraft:bookshelf net.minecraft.item.crafting.ShapedRecipes@6942ee48
[15:32:05] [Client thread/TRACE] [FML]:   Registry: 398 minecraft:book net.minecraft.item.crafting.ShapelessRecipes@3855b27e
[15:32:05] [Client thread/TRACE] [FML]:   Registry: 399 minecraft:bone_meal_from_bone net.minecraft.item.crafting.ShapelessRecipes@6843fdc4
[15:32:05] [Client thread/TRACE] [FML]:   Registry: 400 minecraft:bone_meal_from_block net.minecraft.item.crafting.ShapelessRecipes@66456506
[15:32:05] [Client thread/TRACE] [FML]:   Registry: 401 minecraft:bone_block net.minecraft.item.crafting.ShapedRecipes@3abadb65
[15:32:05] [Client thread/TRACE] [FML]:   Registry: 402 minecraft:boat net.minecraft.item.crafting.ShapedRecipes@af04f09
[15:32:05] [Client thread/TRACE] [FML]:   Registry: 403 minecraft:blue_wool net.minecraft.item.crafting.ShapelessRecipes@67d180e4
[15:32:05] [Client thread/TRACE] [FML]:   Registry: 404 minecraft:blue_stained_hardened_clay net.minecraft.item.crafting.ShapedRecipes@6b33892a
[15:32:05] [Client thread/TRACE] [FML]:   Registry: 405 minecraft:blue_stained_glass_pane net.minecraft.item.crafting.ShapedRecipes@11b14ae3
[15:32:05] [Client thread/TRACE] [FML]:   Registry: 406 minecraft:blue_stained_glass net.minecraft.item.crafting.ShapedRecipes@4f356b98
[15:32:05] [Client thread/TRACE] [FML]:   Registry: 407 minecraft:blue_concrete_powder net.minecraft.item.crafting.ShapelessRecipes@b340615
[15:32:05] [Client thread/TRACE] [FML]:   Registry: 408 minecraft:blue_carpet net.minecraft.item.crafting.ShapedRecipes@5bdb6ea8
[15:32:05] [Client thread/TRACE] [FML]:   Registry: 409 minecraft:blue_bed_from_white_bed net.minecraft.item.crafting.ShapelessRecipes@3cc2e3e
[15:32:05] [Client thread/TRACE] [FML]:   Registry: 410 minecraft:blue_bed net.minecraft.item.crafting.ShapedRecipes@305289b3
[15:32:05] [Client thread/TRACE] [FML]:   Registry: 411 minecraft:blue_banner net.minecraft.item.crafting.ShapedRecipes@9499643
[15:32:05] [Client thread/TRACE] [FML]:   Registry: 412 minecraft:blaze_powder net.minecraft.item.crafting.ShapelessRecipes@4ec616d6
[15:32:05] [Client thread/TRACE] [FML]:   Registry: 413 minecraft:black_wool net.minecraft.item.crafting.ShapelessRecipes@4c418496
[15:32:05] [Client thread/TRACE] [FML]:   Registry: 414 minecraft:black_stained_hardened_clay net.minecraft.item.crafting.ShapedRecipes@52035328
[15:32:05] [Client thread/TRACE] [FML]:   Registry: 415 minecraft:black_stained_glass_pane net.minecraft.item.crafting.ShapedRecipes@749ee0e3
[15:32:05] [Client thread/TRACE] [FML]:   Registry: 416 minecraft:black_stained_glass net.minecraft.item.crafting.ShapedRecipes@78a165db
[15:32:05] [Client thread/TRACE] [FML]:   Registry: 417 minecraft:black_concrete_powder net.minecraft.item.crafting.ShapelessRecipes@ba87c11
[15:32:05] [Client thread/TRACE] [FML]:   Registry: 418 minecraft:black_carpet net.minecraft.item.crafting.ShapedRecipes@2ccecae2
[15:32:05] [Client thread/TRACE] [FML]:   Registry: 419 minecraft:black_bed_from_white_bed net.minecraft.item.crafting.ShapelessRecipes@4258106
[15:32:05] [Client thread/TRACE] [FML]:   Registry: 420 minecraft:black_bed net.minecraft.item.crafting.ShapedRecipes@113c4ad6
[15:32:05] [Client thread/TRACE] [FML]:   Registry: 421 minecraft:black_banner net.minecraft.item.crafting.ShapedRecipes@352e4b6d
[15:32:05] [Client thread/TRACE] [FML]:   Registry: 422 minecraft:birch_wooden_slab net.minecraft.item.crafting.ShapedRecipes@684a802a
[15:32:05] [Client thread/TRACE] [FML]:   Registry: 423 minecraft:birch_stairs net.minecraft.item.crafting.ShapedRecipes@3ca3eba2
[15:32:05] [Client thread/TRACE] [FML]:   Registry: 424 minecraft:birch_planks net.minecraft.item.crafting.ShapedRecipes@20723ee
[15:32:05] [Client thread/TRACE] [FML]:   Registry: 425 minecraft:birch_fence_gate net.minecraft.item.crafting.ShapedRecipes@1fd0ae78
[15:32:05] [Client thread/TRACE] [FML]:   Registry: 426 minecraft:birch_fence net.minecraft.item.crafting.ShapedRecipes@3a917017
[15:32:05] [Client thread/TRACE] [FML]:   Registry: 427 minecraft:birch_door net.minecraft.item.crafting.ShapedRecipes@7b8d6c66
[15:32:05] [Client thread/TRACE] [FML]:   Registry: 428 minecraft:birch_boat net.minecraft.item.crafting.ShapedRecipes@77e6053
[15:32:05] [Client thread/TRACE] [FML]:   Registry: 429 minecraft:beetroot_soup net.minecraft.item.crafting.ShapedRecipes@1acc768
[15:32:05] [Client thread/TRACE] [FML]:   Registry: 430 minecraft:beacon net.minecraft.item.crafting.ShapedRecipes@85c3522
[15:32:05] [Client thread/TRACE] [FML]:   Registry: 431 minecraft:arrow net.minecraft.item.crafting.ShapedRecipes@361fa478
[15:32:05] [Client thread/TRACE] [FML]:   Registry: 432 minecraft:armor_stand net.minecraft.item.crafting.ShapedRecipes@6247c08c
[15:32:05] [Client thread/TRACE] [FML]:   Registry: 433 minecraft:anvil net.minecraft.item.crafting.ShapedRecipes@79e16dd9
[15:32:05] [Client thread/TRACE] [FML]:   Registry: 434 minecraft:andesite net.minecraft.item.crafting.ShapelessRecipes@18b30951
[15:32:05] [Client thread/TRACE] [FML]:   Registry: 435 minecraft:activator_rail net.minecraft.item.crafting.ShapedRecipes@22ee7fdc
[15:32:05] [Client thread/TRACE] [FML]:   Registry: 436 minecraft:acacia_wooden_slab net.minecraft.item.crafting.ShapedRecipes@5ea0a7a9
[15:32:05] [Client thread/TRACE] [FML]:   Registry: 437 minecraft:acacia_stairs net.minecraft.item.crafting.ShapedRecipes@780a91d0
[15:32:05] [Client thread/TRACE] [FML]:   Registry: 438 minecraft:acacia_planks net.minecraft.item.crafting.ShapedRecipes@6b278b17
[15:32:05] [Client thread/TRACE] [FML]:   Registry: 439 minecraft:acacia_fence_gate net.minecraft.item.crafting.ShapedRecipes@5a58db42
[15:32:05] [Client thread/TRACE] [FML]:   Registry: 440 minecraft:acacia_fence net.minecraft.item.crafting.ShapedRecipes@36eb8e07
[15:32:05] [Client thread/TRACE] [FML]:   Registry: 441 minecraft:acacia_door net.minecraft.item.crafting.ShapedRecipes@39ac8c0c
[15:32:05] [Client thread/TRACE] [FML]:   Registry: 442 minecraft:acacia_boat net.minecraft.item.crafting.ShapedRecipes@323b0632
[15:32:05] [Client thread/TRACE] [FML]: Registry Name : minecraft:villagerprofessions
[15:32:05] [Client thread/TRACE] [FML]:   Registry: 0 minecraft:farmer net.minecraftforge.fml.common.registry.VillagerRegistry$VillagerProfession@7be3abaa
[15:32:05] [Client thread/TRACE] [FML]:   Registry: 1 minecraft:librarian net.minecraftforge.fml.common.registry.VillagerRegistry$VillagerProfession@6aaa678d
[15:32:05] [Client thread/TRACE] [FML]:   Registry: 2 minecraft:priest net.minecraftforge.fml.common.registry.VillagerRegistry$VillagerProfession@25dcf1b6
[15:32:05] [Client thread/TRACE] [FML]:   Registry: 3 minecraft:smith net.minecraftforge.fml.common.registry.VillagerRegistry$VillagerProfession@113d0f75
[15:32:05] [Client thread/TRACE] [FML]:   Registry: 4 minecraft:butcher net.minecraftforge.fml.common.registry.VillagerRegistry$VillagerProfession@4e10a320
[15:32:05] [Client thread/TRACE] [FML]:   Registry: 5 minecraft:nitwit net.minecraftforge.fml.common.registry.VillagerRegistry$VillagerProfession@773f3360
[15:32:05] [Client thread/TRACE] [FML]: Registry Name : minecraft:dataserializers
[15:32:05] [Client thread/TRACE] [FML]: Registry Name : minecraft:entities
[15:32:05] [Client thread/TRACE] [FML]:   Registry: 1 minecraft:item net.minecraftforge.fml.common.registry.EntityEntry@1884e671
[15:32:05] [Client thread/TRACE] [FML]:   Registry: 2 minecraft:xp_orb net.minecraftforge.fml.common.registry.EntityEntry@7079f8f0
[15:32:05] [Client thread/TRACE] [FML]:   Registry: 3 minecraft:area_effect_cloud net.minecraftforge.fml.common.registry.EntityEntry@1f60824e
[15:32:05] [Client thread/TRACE] [FML]:   Registry: 4 minecraft:elder_guardian net.minecraftforge.fml.common.registry.EntityEntry@44ddb518
[15:32:05] [Client thread/TRACE] [FML]:   Registry: 5 minecraft:wither_skeleton net.minecraftforge.fml.common.registry.EntityEntry@3c7d8a4
[15:32:05] [Client thread/TRACE] [FML]:   Registry: 6 minecraft:stray net.minecraftforge.fml.common.registry.EntityEntry@d4ecdb0
[15:32:05] [Client thread/TRACE] [FML]:   Registry: 7 minecraft:egg net.minecraftforge.fml.common.registry.EntityEntry@1b1ea1d9
[15:32:05] [Client thread/TRACE] [FML]:   Registry: 8 minecraft:leash_knot net.minecraftforge.fml.common.registry.EntityEntry@55d99dc3
[15:32:05] [Client thread/TRACE] [FML]:   Registry: 9 minecraft:painting net.minecraftforge.fml.common.registry.EntityEntry@3c64339f
[15:32:05] [Client thread/TRACE] [FML]:   Registry: 10 minecraft:arrow net.minecraftforge.fml.common.registry.EntityEntry@4eb1943b
[15:32:05] [Client thread/TRACE] [FML]:   Registry: 11 minecraft:snowball net.minecraftforge.fml.common.registry.EntityEntry@534d0e20
[15:32:05] [Client thread/TRACE] [FML]:   Registry: 12 minecraft:fireball net.minecraftforge.fml.common.registry.EntityEntry@59f76e56
[15:32:05] [Client thread/TRACE] [FML]:   Registry: 13 minecraft:small_fireball net.minecraftforge.fml.common.registry.EntityEntry@351d93bd
[15:32:05] [Client thread/TRACE] [FML]:   Registry: 14 minecraft:ender_pearl net.minecraftforge.fml.common.registry.EntityEntry@7bdb4f17
[15:32:05] [Client thread/TRACE] [FML]:   Registry: 15 minecraft:eye_of_ender_signal net.minecraftforge.fml.common.registry.EntityEntry@1fbd5e0
[15:32:05] [Client thread/TRACE] [FML]:   Registry: 16 minecraft:potion net.minecraftforge.fml.common.registry.EntityEntry@135064ea
[15:32:05] [Client thread/TRACE] [FML]:   Registry: 17 minecraft:xp_bottle net.minecraftforge.fml.common.registry.EntityEntry@106459d9
[15:32:05] [Client thread/TRACE] [FML]:   Registry: 18 minecraft:item_frame net.minecraftforge.fml.common.registry.EntityEntry@23c05889
[15:32:05] [Client thread/TRACE] [FML]:   Registry: 19 minecraft:wither_skull net.minecraftforge.fml.common.registry.EntityEntry@2b4829aa
[15:32:05] [Client thread/TRACE] [FML]:   Registry: 20 minecraft:tnt net.minecraftforge.fml.common.registry.EntityEntry@a55e82a
[15:32:05] [Client thread/TRACE] [FML]:   Registry: 21 minecraft:falling_block net.minecraftforge.fml.common.registry.EntityEntry@1a01ffff
[15:32:05] [Client thread/TRACE] [FML]:   Registry: 22 minecraft:fireworks_rocket net.minecraftforge.fml.common.registry.EntityEntry@2fa879ed
[15:32:05] [Client thread/TRACE] [FML]:   Registry: 23 minecraft:husk net.minecraftforge.fml.common.registry.EntityEntry@48d5ca17
[15:32:05] [Client thread/TRACE] [FML]:   Registry: 24 minecraft:spectral_arrow net.minecraftforge.fml.common.registry.EntityEntry@7c31e410
[15:32:05] [Client thread/TRACE] [FML]:   Registry: 25 minecraft:shulker_bullet net.minecraftforge.fml.common.registry.EntityEntry@79b8ecb
[15:32:05] [Client thread/TRACE] [FML]:   Registry: 26 minecraft:dragon_fireball net.minecraftforge.fml.common.registry.EntityEntry@2c1ea7be
[15:32:05] [Client thread/TRACE] [FML]:   Registry: 27 minecraft:zombie_villager net.minecraftforge.fml.common.registry.EntityEntry@42d174ad
[15:32:05] [Client thread/TRACE] [FML]:   Registry: 28 minecraft:skeleton_horse net.minecraftforge.fml.common.registry.EntityEntry@3bcc8f13
[15:32:05] [Client thread/TRACE] [FML]:   Registry: 29 minecraft:zombie_horse net.minecraftforge.fml.common.registry.EntityEntry@342723a3
[15:32:05] [Client thread/TRACE] [FML]:   Registry: 30 minecraft:armor_stand net.minecraftforge.fml.common.registry.EntityEntry@6b751cb1
[15:32:05] [Client thread/TRACE] [FML]:   Registry: 31 minecraft:donkey net.minecraftforge.fml.common.registry.EntityEntry@1f6c4ae
[15:32:05] [Client thread/TRACE] [FML]:   Registry: 32 minecraft:mule net.minecraftforge.fml.common.registry.EntityEntry@b808af5
[15:32:05] [Client thread/TRACE] [FML]:   Registry: 33 minecraft:evocation_fangs net.minecraftforge.fml.common.registry.EntityEntry@246df37b
[15:32:05] [Client thread/TRACE] [FML]:   Registry: 34 minecraft:evocation_illager net.minecraftforge.fml.common.registry.EntityEntry@460eb276
[15:32:05] [Client thread/TRACE] [FML]:   Registry: 35 minecraft:vex net.minecraftforge.fml.common.registry.EntityEntry@2e426dd2
[15:32:05] [Client thread/TRACE] [FML]:   Registry: 36 minecraft:vindication_illager net.minecraftforge.fml.common.registry.EntityEntry@2b9d4b0
[15:32:05] [Client thread/TRACE] [FML]:   Registry: 37 minecraft:illusion_illager net.minecraftforge.fml.common.registry.EntityEntry@7827d7b
[15:32:05] [Client thread/TRACE] [FML]:   Registry: 40 minecraft:commandblock_minecart net.minecraftforge.fml.common.registry.EntityEntry@8debe42
[15:32:05] [Client thread/TRACE] [FML]:   Registry: 41 minecraft:boat net.minecraftforge.fml.common.registry.EntityEntry@40863800
[15:32:05] [Client thread/TRACE] [FML]:   Registry: 42 minecraft:minecart net.minecraftforge.fml.common.registry.EntityEntry@24018c8b
[15:32:05] [Client thread/TRACE] [FML]:   Registry: 43 minecraft:chest_minecart net.minecraftforge.fml.common.registry.EntityEntry@430d3021
[15:32:05] [Client thread/TRACE] [FML]:   Registry: 44 minecraft:furnace_minecart net.minecraftforge.fml.common.registry.EntityEntry@3220c28
[15:32:05] [Client thread/TRACE] [FML]:   Registry: 45 minecraft:tnt_minecart net.minecraftforge.fml.common.registry.EntityEntry@40c28b0d
[15:32:05] [Client thread/TRACE] [FML]:   Registry: 46 minecraft:hopper_minecart net.minecraftforge.fml.common.registry.EntityEntry@4045fd1f
[15:32:05] [Client thread/TRACE] [FML]:   Registry: 47 minecraft:spawner_minecart net.minecraftforge.fml.common.registry.EntityEntry@2976ef56
[15:32:05] [Client thread/TRACE] [FML]:   Registry: 50 minecraft:creeper net.minecraftforge.fml.common.registry.EntityEntry@3a709cc7
[15:32:05] [Client thread/TRACE] [FML]:   Registry: 51 minecraft:skeleton net.minecraftforge.fml.common.registry.EntityEntry@25e6c22a
[15:32:05] [Client thread/TRACE] [FML]:   Registry: 52 minecraft:spider net.minecraftforge.fml.common.registry.EntityEntry@43ab0659
[15:32:05] [Client thread/TRACE] [FML]:   Registry: 53 minecraft:giant net.minecraftforge.fml.common.registry.EntityEntry@4491eaeb
[15:32:05] [Client thread/TRACE] [FML]:   Registry: 54 minecraft:zombie net.minecraftforge.fml.common.registry.EntityEntry@5f3ddc86
[15:32:05] [Client thread/TRACE] [FML]:   Registry: 55 minecraft:slime net.minecraftforge.fml.common.registry.EntityEntry@37c87fcc
[15:32:05] [Client thread/TRACE] [FML]:   Registry: 56 minecraft:ghast net.minecraftforge.fml.common.registry.EntityEntry@32328dc4
[15:32:05] [Client thread/TRACE] [FML]:   Registry: 57 minecraft:zombie_pigman net.minecraftforge.fml.common.registry.EntityEntry@3d764641
[15:32:05] [Client thread/TRACE] [FML]:   Registry: 58 minecraft:enderman net.minecraftforge.fml.common.registry.EntityEntry@839755f
[15:32:05] [Client thread/TRACE] [FML]:   Registry: 59 minecraft:cave_spider net.minecraftforge.fml.common.registry.EntityEntry@3cad24ae
[15:32:05] [Client thread/TRACE] [FML]:   Registry: 60 minecraft:silverfish net.minecraftforge.fml.common.registry.EntityEntry@7bda01da
[15:32:05] [Client thread/TRACE] [FML]:   Registry: 61 minecraft:blaze net.minecraftforge.fml.common.registry.EntityEntry@380fdcf2
[15:32:05] [Client thread/TRACE] [FML]:   Registry: 62 minecraft:magma_cube net.minecraftforge.fml.common.registry.EntityEntry@31f5b923
[15:32:05] [Client thread/TRACE] [FML]:   Registry: 63 minecraft:ender_dragon net.minecraftforge.fml.common.registry.EntityEntry@351ede23
[15:32:05] [Client thread/TRACE] [FML]:   Registry: 64 minecraft:wither net.minecraftforge.fml.common.registry.EntityEntry@39b85a73
[15:32:05] [Client thread/TRACE] [FML]:   Registry: 65 minecraft:bat net.minecraftforge.fml.common.registry.EntityEntry@6dc9a56e
[15:32:05] [Client thread/TRACE] [FML]:   Registry: 66 minecraft:witch net.minecraftforge.fml.common.registry.EntityEntry@2f0cab82
[15:32:05] [Client thread/TRACE] [FML]:   Registry: 67 minecraft:endermite net.minecraftforge.fml.common.registry.EntityEntry@6d35ff7b
[15:32:05] [Client thread/TRACE] [FML]:   Registry: 68 minecraft:guardian net.minecraftforge.fml.common.registry.EntityEntry@4e9e0c6
[15:32:05] [Client thread/TRACE] [FML]:   Registry: 69 minecraft:shulker net.minecraftforge.fml.common.registry.EntityEntry@149b53fa
[15:32:05] [Client thread/TRACE] [FML]:   Registry: 90 minecraft:pig net.minecraftforge.fml.common.registry.EntityEntry@77f03916
[15:32:05] [Client thread/TRACE] [FML]:   Registry: 91 minecraft:sheep net.minecraftforge.fml.common.registry.EntityEntry@533e2f4
[15:32:05] [Client thread/TRACE] [FML]:   Registry: 92 minecraft:cow net.minecraftforge.fml.common.registry.EntityEntry@75bf9e67
[15:32:05] [Client thread/TRACE] [FML]:   Registry: 93 minecraft:chicken net.minecraftforge.fml.common.registry.EntityEntry@772f3a3f
[15:32:05] [Client thread/TRACE] [FML]:   Registry: 94 minecraft:squid net.minecraftforge.fml.common.registry.EntityEntry@762da62b
[15:32:05] [Client thread/TRACE] [FML]:   Registry: 95 minecraft:wolf net.minecraftforge.fml.common.registry.EntityEntry@528f5b7f
[15:32:05] [Client thread/TRACE] [FML]:   Registry: 96 minecraft:mooshroom net.minecraftforge.fml.common.registry.EntityEntry@1ef93e01
[15:32:05] [Client thread/TRACE] [FML]:   Registry: 97 minecraft:snowman net.minecraftforge.fml.common.registry.EntityEntry@6cd66f6a
[15:32:05] [Client thread/TRACE] [FML]:   Registry: 98 minecraft:ocelot net.minecraftforge.fml.common.registry.EntityEntry@39afe59f
[15:32:05] [Client thread/TRACE] [FML]:   Registry: 99 minecraft:villager_golem net.minecraftforge.fml.common.registry.EntityEntry@20f63ddc
[15:32:05] [Client thread/TRACE] [FML]:   Registry: 100 minecraft:horse net.minecraftforge.fml.common.registry.EntityEntry@69bc4024
[15:32:05] [Client thread/TRACE] [FML]:   Registry: 101 minecraft:rabbit net.minecraftforge.fml.common.registry.EntityEntry@57fce8b
[15:32:05] [Client thread/TRACE] [FML]:   Registry: 102 minecraft:polar_bear net.minecraftforge.fml.common.registry.EntityEntry@457692cb
[15:32:05] [Client thread/TRACE] [FML]:   Registry: 103 minecraft:llama net.minecraftforge.fml.common.registry.EntityEntry@7be7c052
[15:32:05] [Client thread/TRACE] [FML]:   Registry: 104 minecraft:llama_spit net.minecraftforge.fml.common.registry.EntityEntry@5599dc60
[15:32:05] [Client thread/TRACE] [FML]:   Registry: 105 minecraft:parrot net.minecraftforge.fml.common.registry.EntityEntry@120d6cbf
[15:32:05] [Client thread/TRACE] [FML]:   Registry: 120 minecraft:villager net.minecraftforge.fml.common.registry.EntityEntry@a1cb94
[15:32:05] [Client thread/TRACE] [FML]:   Registry: 200 minecraft:ender_crystal net.minecraftforge.fml.common.registry.EntityEntry@37f41a81
[15:32:05] [Client thread/TRACE] [FML]: Registry Name : minecraft:blocks
[15:32:05] [Client thread/TRACE] [FML]:   Registry: 0 minecraft:air Block{minecraft:air}
[15:32:05] [Client thread/TRACE] [FML]:   Registry: 1 minecraft:stone Block{minecraft:stone}
[15:32:05] [Client thread/TRACE] [FML]:   Registry: 2 minecraft:grass Block{minecraft:grass}
[15:32:05] [Client thread/TRACE] [FML]:   Registry: 3 minecraft:dirt Block{minecraft:dirt}
[15:32:05] [Client thread/TRACE] [FML]:   Registry: 4 minecraft:cobblestone Block{minecraft:cobblestone}
[15:32:05] [Client thread/TRACE] [FML]:   Registry: 5 minecraft:planks Block{minecraft:planks}
[15:32:05] [Client thread/TRACE] [FML]:   Registry: 6 minecraft:sapling Block{minecraft:sapling}
[15:32:05] [Client thread/TRACE] [FML]:   Registry: 7 minecraft:bedrock Block{minecraft:bedrock}
[15:32:05] [Client thread/TRACE] [FML]:   Registry: 8 minecraft:flowing_water Block{minecraft:flowing_water}
[15:32:05] [Client thread/TRACE] [FML]:   Registry: 9 minecraft:water Block{minecraft:water}
[15:32:05] [Client thread/TRACE] [FML]:   Registry: 10 minecraft:flowing_lava Block{minecraft:flowing_lava}
[15:32:05] [Client thread/TRACE] [FML]:   Registry: 11 minecraft:lava Block{minecraft:lava}
[15:32:05] [Client thread/TRACE] [FML]:   Registry: 12 minecraft:sand Block{minecraft:sand}
[15:32:05] [Client thread/TRACE] [FML]:   Registry: 13 minecraft:gravel Block{minecraft:gravel}
[15:32:05] [Client thread/TRACE] [FML]:   Registry: 14 minecraft:gold_ore Block{minecraft:gold_ore}
[15:32:05] [Client thread/TRACE] [FML]:   Registry: 15 minecraft:iron_ore Block{minecraft:iron_ore}
[15:32:05] [Client thread/TRACE] [FML]:   Registry: 16 minecraft:coal_ore Block{minecraft:coal_ore}
[15:32:05] [Client thread/TRACE] [FML]:   Registry: 17 minecraft:log Block{minecraft:log}
[15:32:05] [Client thread/TRACE] [FML]:   Registry: 18 minecraft:leaves Block{minecraft:leaves}
[15:32:05] [Client thread/TRACE] [FML]:   Registry: 19 minecraft:sponge Block{minecraft:sponge}
[15:32:05] [Client thread/TRACE] [FML]:   Registry: 20 minecraft:glass Block{minecraft:glass}
[15:32:05] [Client thread/TRACE] [FML]:   Registry: 21 minecraft:lapis_ore Block{minecraft:lapis_ore}
[15:32:05] [Client thread/TRACE] [FML]:   Registry: 22 minecraft:lapis_block Block{minecraft:lapis_block}
[15:32:05] [Client thread/TRACE] [FML]:   Registry: 23 minecraft:dispenser Block{minecraft:dispenser}
[15:32:05] [Client thread/TRACE] [FML]:   Registry: 24 minecraft:sandstone Block{minecraft:sandstone}
[15:32:05] [Client thread/TRACE] [FML]:   Registry: 25 minecraft:noteblock Block{minecraft:noteblock}
[15:32:05] [Client thread/TRACE] [FML]:   Registry: 26 minecraft:bed Block{minecraft:bed}
[15:32:05] [Client thread/TRACE] [FML]:   Registry: 27 minecraft:golden_rail Block{minecraft:golden_rail}
[15:32:05] [Client thread/TRACE] [FML]:   Registry: 28 minecraft:detector_rail Block{minecraft:detector_rail}
[15:32:05] [Client thread/TRACE] [FML]:   Registry: 29 minecraft:sticky_piston Block{minecraft:sticky_piston}
[15:32:05] [Client thread/TRACE] [FML]:   Registry: 30 minecraft:web Block{minecraft:web}
[15:32:05] [Client thread/TRACE] [FML]:   Registry: 31 minecraft:tallgrass Block{minecraft:tallgrass}
[15:32:05] [Client thread/TRACE] [FML]:   Registry: 32 minecraft:deadbush Block{minecraft:deadbush}
[15:32:05] [Client thread/TRACE] [FML]:   Registry: 33 minecraft:piston Block{minecraft:piston}
[15:32:05] [Client thread/TRACE] [FML]:   Registry: 34 minecraft:piston_head Block{minecraft:piston_head}
[15:32:05] [Client thread/TRACE] [FML]:   Registry: 35 minecraft:wool Block{minecraft:wool}
[15:32:05] [Client thread/TRACE] [FML]:   Registry: 36 minecraft:piston_extension Block{minecraft:piston_extension}
[15:32:05] [Client thread/TRACE] [FML]:   Registry: 37 minecraft:yellow_flower Block{minecraft:yellow_flower}
[15:32:05] [Client thread/TRACE] [FML]:   Registry: 38 minecraft:red_flower Block{minecraft:red_flower}
[15:32:05] [Client thread/TRACE] [FML]:   Registry: 39 minecraft:brown_mushroom Block{minecraft:brown_mushroom}
[15:32:05] [Client thread/TRACE] [FML]:   Registry: 40 minecraft:red_mushroom Block{minecraft:red_mushroom}
[15:32:05] [Client thread/TRACE] [FML]:   Registry: 41 minecraft:gold_block Block{minecraft:gold_block}
[15:32:05] [Client thread/TRACE] [FML]:   Registry: 42 minecraft:iron_block Block{minecraft:iron_block}
[15:32:05] [Client thread/TRACE] [FML]:   Registry: 43 minecraft:double_stone_slab Block{minecraft:double_stone_slab}
[15:32:05] [Client thread/TRACE] [FML]:   Registry: 44 minecraft:stone_slab Block{minecraft:stone_slab}
[15:32:05] [Client thread/TRACE] [FML]:   Registry: 45 minecraft:brick_block Block{minecraft:brick_block}
[15:32:05] [Client thread/TRACE] [FML]:   Registry: 46 minecraft:tnt Block{minecraft:tnt}
[15:32:05] [Client thread/TRACE] [FML]:   Registry: 47 minecraft:bookshelf Block{minecraft:bookshelf}
[15:32:05] [Client thread/TRACE] [FML]:   Registry: 48 minecraft:mossy_cobblestone Block{minecraft:mossy_cobblestone}
[15:32:05] [Client thread/TRACE] [FML]:   Registry: 49 minecraft:obsidian Block{minecraft:obsidian}
[15:32:05] [Client thread/TRACE] [FML]:   Registry: 50 minecraft:torch Block{minecraft:torch}
[15:32:05] [Client thread/TRACE] [FML]:   Registry: 51 minecraft:fire Block{minecraft:fire}
[15:32:05] [Client thread/TRACE] [FML]:   Registry: 52 minecraft:mob_spawner Block{minecraft:mob_spawner}
[15:32:05] [Client thread/TRACE] [FML]:   Registry: 53 minecraft:oak_stairs Block{minecraft:oak_stairs}
[15:32:05] [Client thread/TRACE] [FML]:   Registry: 54 minecraft:chest Block{minecraft:chest}
[15:32:05] [Client thread/TRACE] [FML]:   Registry: 55 minecraft:redstone_wire Block{minecraft:redstone_wire}
[15:32:05] [Client thread/TRACE] [FML]:   Registry: 56 minecraft:diamond_ore Block{minecraft:diamond_ore}
[15:32:05] [Client thread/TRACE] [FML]:   Registry: 57 minecraft:diamond_block Block{minecraft:diamond_block}
[15:32:05] [Client thread/TRACE] [FML]:   Registry: 58 minecraft:crafting_table Block{minecraft:crafting_table}
[15:32:05] [Client thread/TRACE] [FML]:   Registry: 59 minecraft:wheat Block{minecraft:wheat}
[15:32:05] [Client thread/TRACE] [FML]:   Registry: 60 minecraft:farmland Block{minecraft:farmland}
[15:32:05] [Client thread/TRACE] [FML]:   Registry: 61 minecraft:furnace Block{minecraft:furnace}
[15:32:05] [Client thread/TRACE] [FML]:   Registry: 62 minecraft:lit_furnace Block{minecraft:lit_furnace}
[15:32:05] [Client thread/TRACE] [FML]:   Registry: 63 minecraft:standing_sign Block{minecraft:standing_sign}
[15:32:05] [Client thread/TRACE] [FML]:   Registry: 64 minecraft:wooden_door Block{minecraft:wooden_door}
[15:32:05] [Client thread/TRACE] [FML]:   Registry: 65 minecraft:ladder Block{minecraft:ladder}
[15:32:05] [Client thread/TRACE] [FML]:   Registry: 66 minecraft:rail Block{minecraft:rail}
[15:32:05] [Client thread/TRACE] [FML]:   Registry: 67 minecraft:stone_stairs Block{minecraft:stone_stairs}
[15:32:05] [Client thread/TRACE] [FML]:   Registry: 68 minecraft:wall_sign Block{minecraft:wall_sign}
[15:32:05] [Client thread/TRACE] [FML]:   Registry: 69 minecraft:lever Block{minecraft:lever}
[15:32:05] [Client thread/TRACE] [FML]:   Registry: 70 minecraft:stone_pressure_plate Block{minecraft:stone_pressure_plate}
[15:32:05] [Client thread/TRACE] [FML]:   Registry: 71 minecraft:iron_door Block{minecraft:iron_door}
[15:32:05] [Client thread/TRACE] [FML]:   Registry: 72 minecraft:wooden_pressure_plate Block{minecraft:wooden_pressure_plate}
[15:32:05] [Client thread/TRACE] [FML]:   Registry: 73 minecraft:redstone_ore Block{minecraft:redstone_ore}
[15:32:05] [Client thread/TRACE] [FML]:   Registry: 74 minecraft:lit_redstone_ore Block{minecraft:lit_redstone_ore}
[15:32:05] [Client thread/TRACE] [FML]:   Registry: 75 minecraft:unlit_redstone_torch Block{minecraft:unlit_redstone_torch}
[15:32:05] [Client thread/TRACE] [FML]:   Registry: 76 minecraft:redstone_torch Block{minecraft:redstone_torch}
[15:32:05] [Client thread/TRACE] [FML]:   Registry: 77 minecraft:stone_button Block{minecraft:stone_button}
[15:32:05] [Client thread/TRACE] [FML]:   Registry: 78 minecraft:snow_layer Block{minecraft:snow_layer}
[15:32:05] [Client thread/TRACE] [FML]:   Registry: 79 minecraft:ice Block{minecraft:ice}
[15:32:05] [Client thread/TRACE] [FML]:   Registry: 80 minecraft:snow Block{minecraft:snow}
[15:32:05] [Client thread/TRACE] [FML]:   Registry: 81 minecraft:cactus Block{minecraft:cactus}
[15:32:05] [Client thread/TRACE] [FML]:   Registry: 82 minecraft:clay Block{minecraft:clay}
[15:32:05] [Client thread/TRACE] [FML]:   Registry: 83 minecraft:reeds Block{minecraft:reeds}
[15:32:05] [Client thread/TRACE] [FML]:   Registry: 84 minecraft:jukebox Block{minecraft:jukebox}
[15:32:05] [Client thread/TRACE] [FML]:   Registry: 85 minecraft:fence Block{minecraft:fence}
[15:32:05] [Client thread/TRACE] [FML]:   Registry: 86 minecraft:pumpkin Block{minecraft:pumpkin}
[15:32:05] [Client thread/TRACE] [FML]:   Registry: 87 minecraft:netherrack Block{minecraft:netherrack}
[15:32:05] [Client thread/TRACE] [FML]:   Registry: 88 minecraft:soul_sand Block{minecraft:soul_sand}
[15:32:05] [Client thread/TRACE] [FML]:   Registry: 89 minecraft:glowstone Block{minecraft:glowstone}
[15:32:05] [Client thread/TRACE] [FML]:   Registry: 90 minecraft:portal Block{minecraft:portal}
[15:32:05] [Client thread/TRACE] [FML]:   Registry: 91 minecraft:lit_pumpkin Block{minecraft:lit_pumpkin}
[15:32:05] [Client thread/TRACE] [FML]:   Registry: 92 minecraft:cake Block{minecraft:cake}
[15:32:05] [Client thread/TRACE] [FML]:   Registry: 93 minecraft:unpowered_repeater Block{minecraft:unpowered_repeater}
[15:32:05] [Client thread/TRACE] [FML]:   Registry: 94 minecraft:powered_repeater Block{minecraft:powered_repeater}
[15:32:05] [Client thread/TRACE] [FML]:   Registry: 95 minecraft:stained_glass Block{minecraft:stained_glass}
[15:32:05] [Client thread/TRACE] [FML]:   Registry: 96 minecraft:trapdoor Block{minecraft:trapdoor}
[15:32:05] [Client thread/TRACE] [FML]:   Registry: 97 minecraft:monster_egg Block{minecraft:monster_egg}
[15:32:05] [Client thread/TRACE] [FML]:   Registry: 98 minecraft:stonebrick Block{minecraft:stonebrick}
[15:32:05] [Client thread/TRACE] [FML]:   Registry: 99 minecraft:brown_mushroom_block Block{minecraft:brown_mushroom_block}
[15:32:05] [Client thread/TRACE] [FML]:   Registry: 100 minecraft:red_mushroom_block Block{minecraft:red_mushroom_block}
[15:32:05] [Client thread/TRACE] [FML]:   Registry: 101 minecraft:iron_bars Block{minecraft:iron_bars}
[15:32:05] [Client thread/TRACE] [FML]:   Registry: 102 minecraft:glass_pane Block{minecraft:glass_pane}
[15:32:05] [Client thread/TRACE] [FML]:   Registry: 103 minecraft:melon_block Block{minecraft:melon_block}
[15:32:05] [Client thread/TRACE] [FML]:   Registry: 104 minecraft:pumpkin_stem Block{minecraft:pumpkin_stem}
[15:32:05] [Client thread/TRACE] [FML]:   Registry: 105 minecraft:melon_stem Block{minecraft:melon_stem}
[15:32:05] [Client thread/TRACE] [FML]:   Registry: 106 minecraft:vine Block{minecraft:vine}
[15:32:05] [Client thread/TRACE] [FML]:   Registry: 107 minecraft:fence_gate Block{minecraft:fence_gate}
[15:32:05] [Client thread/TRACE] [FML]:   Registry: 108 minecraft:brick_stairs Block{minecraft:brick_stairs}
[15:32:05] [Client thread/TRACE] [FML]:   Registry: 109 minecraft:stone_brick_stairs Block{minecraft:stone_brick_stairs}
[15:32:05] [Client thread/TRACE] [FML]:   Registry: 110 minecraft:mycelium Block{minecraft:mycelium}
[15:32:05] [Client thread/TRACE] [FML]:   Registry: 111 minecraft:waterlily Block{minecraft:waterlily}
[15:32:05] [Client thread/TRACE] [FML]:   Registry: 112 minecraft:nether_brick Block{minecraft:nether_brick}
[15:32:05] [Client thread/TRACE] [FML]:   Registry: 113 minecraft:nether_brick_fence Block{minecraft:nether_brick_fence}
[15:32:05] [Client thread/TRACE] [FML]:   Registry: 114 minecraft:nether_brick_stairs Block{minecraft:nether_brick_stairs}
[15:32:05] [Client thread/TRACE] [FML]:   Registry: 115 minecraft:nether_wart Block{minecraft:nether_wart}
[15:32:05] [Client thread/TRACE] [FML]:   Registry: 116 minecraft:enchanting_table Block{minecraft:enchanting_table}
[15:32:05] [Client thread/TRACE] [FML]:   Registry: 117 minecraft:brewing_stand Block{minecraft:brewing_stand}
[15:32:05] [Client thread/TRACE] [FML]:   Registry: 118 minecraft:cauldron Block{minecraft:cauldron}
[15:32:05] [Client thread/TRACE] [FML]:   Registry: 119 minecraft:end_portal Block{minecraft:end_portal}
[15:32:05] [Client thread/TRACE] [FML]:   Registry: 120 minecraft:end_portal_frame Block{minecraft:end_portal_frame}
[15:32:05] [Client thread/TRACE] [FML]:   Registry: 121 minecraft:end_stone Block{minecraft:end_stone}
[15:32:05] [Client thread/TRACE] [FML]:   Registry: 122 minecraft:dragon_egg Block{minecraft:dragon_egg}
[15:32:05] [Client thread/TRACE] [FML]:   Registry: 123 minecraft:redstone_lamp Block{minecraft:redstone_lamp}
[15:32:05] [Client thread/TRACE] [FML]:   Registry: 124 minecraft:lit_redstone_lamp Block{minecraft:lit_redstone_lamp}
[15:32:05] [Client thread/TRACE] [FML]:   Registry: 125 minecraft:double_wooden_slab Block{minecraft:double_wooden_slab}
[15:32:05] [Client thread/TRACE] [FML]:   Registry: 126 minecraft:wooden_slab Block{minecraft:wooden_slab}
[15:32:05] [Client thread/TRACE] [FML]:   Registry: 127 minecraft:cocoa Block{minecraft:cocoa}
[15:32:05] [Client thread/TRACE] [FML]:   Registry: 128 minecraft:sandstone_stairs Block{minecraft:sandstone_stairs}
[15:32:05] [Client thread/TRACE] [FML]:   Registry: 129 minecraft:emerald_ore Block{minecraft:emerald_ore}
[15:32:05] [Client thread/TRACE] [FML]:   Registry: 130 minecraft:ender_chest Block{minecraft:ender_chest}
[15:32:05] [Client thread/TRACE] [FML]:   Registry: 131 minecraft:tripwire_hook Block{minecraft:tripwire_hook}
[15:32:05] [Client thread/TRACE] [FML]:   Registry: 132 minecraft:tripwire Block{minecraft:tripwire}
[15:32:05] [Client thread/TRACE] [FML]:   Registry: 133 minecraft:emerald_block Block{minecraft:emerald_block}
[15:32:05] [Client thread/TRACE] [FML]:   Registry: 134 minecraft:spruce_stairs Block{minecraft:spruce_stairs}
[15:32:05] [Client thread/TRACE] [FML]:   Registry: 135 minecraft:birch_stairs Block{minecraft:birch_stairs}
[15:32:05] [Client thread/TRACE] [FML]:   Registry: 136 minecraft:jungle_stairs Block{minecraft:jungle_stairs}
[15:32:05] [Client thread/TRACE] [FML]:   Registry: 137 minecraft:command_block Block{minecraft:command_block}
[15:32:05] [Client thread/TRACE] [FML]:   Registry: 138 minecraft:beacon Block{minecraft:beacon}
[15:32:05] [Client thread/TRACE] [FML]:   Registry: 139 minecraft:cobblestone_wall Block{minecraft:cobblestone_wall}
[15:32:05] [Client thread/TRACE] [FML]:   Registry: 140 minecraft:flower_pot Block{minecraft:flower_pot}
[15:32:05] [Client thread/TRACE] [FML]:   Registry: 141 minecraft:carrots Block{minecraft:carrots}
[15:32:05] [Client thread/TRACE] [FML]:   Registry: 142 minecraft:potatoes Block{minecraft:potatoes}
[15:32:05] [Client thread/TRACE] [FML]:   Registry: 143 minecraft:wooden_button Block{minecraft:wooden_button}
[15:32:05] [Client thread/TRACE] [FML]:   Registry: 144 minecraft:skull Block{minecraft:skull}
[15:32:05] [Client thread/TRACE] [FML]:   Registry: 145 minecraft:anvil Block{minecraft:anvil}
[15:32:05] [Client thread/TRACE] [FML]:   Registry: 146 minecraft:trapped_chest Block{minecraft:trapped_chest}
[15:32:05] [Client thread/TRACE] [FML]:   Registry: 147 minecraft:light_weighted_pressure_plate Block{minecraft:light_weighted_pressure_plate}
[15:32:05] [Client thread/TRACE] [FML]:   Registry: 148 minecraft:heavy_weighted_pressure_plate Block{minecraft:heavy_weighted_pressure_plate}
[15:32:05] [Client thread/TRACE] [FML]:   Registry: 149 minecraft:unpowered_comparator Block{minecraft:unpowered_comparator}
[15:32:05] [Client thread/TRACE] [FML]:   Registry: 150 minecraft:powered_comparator Block{minecraft:powered_comparator}
[15:32:05] [Client thread/TRACE] [FML]:   Registry: 151 minecraft:daylight_detector Block{minecraft:daylight_detector}
[15:32:05] [Client thread/TRACE] [FML]:   Registry: 152 minecraft:redstone_block Block{minecraft:redstone_block}
[15:32:05] [Client thread/TRACE] [FML]:   Registry: 153 minecraft:quartz_ore Block{minecraft:quartz_ore}
[15:32:05] [Client thread/TRACE] [FML]:   Registry: 154 minecraft:hopper Block{minecraft:hopper}
[15:32:05] [Client thread/TRACE] [FML]:   Registry: 155 minecraft:quartz_block Block{minecraft:quartz_block}
[15:32:05] [Client thread/TRACE] [FML]:   Registry: 156 minecraft:quartz_stairs Block{minecraft:quartz_stairs}
[15:32:05] [Client thread/TRACE] [FML]:   Registry: 157 minecraft:activator_rail Block{minecraft:activator_rail}
[15:32:05] [Client thread/TRACE] [FML]:   Registry: 158 minecraft:dropper Block{minecraft:dropper}
[15:32:05] [Client thread/TRACE] [FML]:   Registry: 159 minecraft:stained_hardened_clay Block{minecraft:stained_hardened_clay}
[15:32:05] [Client thread/TRACE] [FML]:   Registry: 160 minecraft:stained_glass_pane Block{minecraft:stained_glass_pane}
[15:32:05] [Client thread/TRACE] [FML]:   Registry: 161 minecraft:leaves2 Block{minecraft:leaves2}
[15:32:05] [Client thread/TRACE] [FML]:   Registry: 162 minecraft:log2 Block{minecraft:log2}
[15:32:05] [Client thread/TRACE] [FML]:   Registry: 163 minecraft:acacia_stairs Block{minecraft:acacia_stairs}
[15:32:05] [Client thread/TRACE] [FML]:   Registry: 164 minecraft:dark_oak_stairs Block{minecraft:dark_oak_stairs}
[15:32:05] [Client thread/TRACE] [FML]:   Registry: 165 minecraft:slime Block{minecraft:slime}
[15:32:05] [Client thread/TRACE] [FML]:   Registry: 166 minecraft:barrier Block{minecraft:barrier}
[15:32:05] [Client thread/TRACE] [FML]:   Registry: 167 minecraft:iron_trapdoor Block{minecraft:iron_trapdoor}
[15:32:05] [Client thread/TRACE] [FML]:   Registry: 168 minecraft:prismarine Block{minecraft:prismarine}
[15:32:05] [Client thread/TRACE] [FML]:   Registry: 169 minecraft:sea_lantern Block{minecraft:sea_lantern}
[15:32:05] [Client thread/TRACE] [FML]:   Registry: 170 minecraft:hay_block Block{minecraft:hay_block}
[15:32:05] [Client thread/TRACE] [FML]:   Registry: 171 minecraft:carpet Block{minecraft:carpet}
[15:32:05] [Client thread/TRACE] [FML]:   Registry: 172 minecraft:hardened_clay Block{minecraft:hardened_clay}
[15:32:05] [Client thread/TRACE] [FML]:   Registry: 173 minecraft:coal_block Block{minecraft:coal_block}
[15:32:05] [Client thread/TRACE] [FML]:   Registry: 174 minecraft:packed_ice Block{minecraft:packed_ice}
[15:32:05] [Client thread/TRACE] [FML]:   Registry: 175 minecraft:double_plant Block{minecraft:double_plant}
[15:32:05] [Client thread/TRACE] [FML]:   Registry: 176 minecraft:standing_banner Block{minecraft:standing_banner}
[15:32:05] [Client thread/TRACE] [FML]:   Registry: 177 minecraft:wall_banner Block{minecraft:wall_banner}
[15:32:05] [Client thread/TRACE] [FML]:   Registry: 178 minecraft:daylight_detector_inverted Block{minecraft:daylight_detector_inverted}
[15:32:05] [Client thread/TRACE] [FML]:   Registry: 179 minecraft:red_sandstone Block{minecraft:red_sandstone}
[15:32:05] [Client thread/TRACE] [FML]:   Registry: 180 minecraft:red_sandstone_stairs Block{minecraft:red_sandstone_stairs}
[15:32:05] [Client thread/TRACE] [FML]:   Registry: 181 minecraft:double_stone_slab2 Block{minecraft:double_stone_slab2}
[15:32:05] [Client thread/TRACE] [FML]:   Registry: 182 minecraft:stone_slab2 Block{minecraft:stone_slab2}
[15:32:05] [Client thread/TRACE] [FML]:   Registry: 183 minecraft:spruce_fence_gate Block{minecraft:spruce_fence_gate}
[15:32:05] [Client thread/TRACE] [FML]:   Registry: 184 minecraft:birch_fence_gate Block{minecraft:birch_fence_gate}
[15:32:05] [Client thread/TRACE] [FML]:   Registry: 185 minecraft:jungle_fence_gate Block{minecraft:jungle_fence_gate}
[15:32:05] [Client thread/TRACE] [FML]:   Registry: 186 minecraft:dark_oak_fence_gate Block{minecraft:dark_oak_fence_gate}
[15:32:05] [Client thread/TRACE] [FML]:   Registry: 187 minecraft:acacia_fence_gate Block{minecraft:acacia_fence_gate}
[15:32:05] [Client thread/TRACE] [FML]:   Registry: 188 minecraft:spruce_fence Block{minecraft:spruce_fence}
[15:32:05] [Client thread/TRACE] [FML]:   Registry: 189 minecraft:birch_fence Block{minecraft:birch_fence}
[15:32:05] [Client thread/TRACE] [FML]:   Registry: 190 minecraft:jungle_fence Block{minecraft:jungle_fence}
[15:32:05] [Client thread/TRACE] [FML]:   Registry: 191 minecraft:dark_oak_fence Block{minecraft:dark_oak_fence}
[15:32:05] [Client thread/TRACE] [FML]:   Registry: 192 minecraft:acacia_fence Block{minecraft:acacia_fence}
[15:32:05] [Client thread/TRACE] [FML]:   Registry: 193 minecraft:spruce_door Block{minecraft:spruce_door}
[15:32:05] [Client thread/TRACE] [FML]:   Registry: 194 minecraft:birch_door Block{minecraft:birch_door}
[15:32:05] [Client thread/TRACE] [FML]:   Registry: 195 minecraft:jungle_door Block{minecraft:jungle_door}
[15:32:05] [Client thread/TRACE] [FML]:   Registry: 196 minecraft:acacia_door Block{minecraft:acacia_door}
[15:32:05] [Client thread/TRACE] [FML]:   Registry: 197 minecraft:dark_oak_door Block{minecraft:dark_oak_door}
[15:32:05] [Client thread/TRACE] [FML]:   Registry: 198 minecraft:end_rod Block{minecraft:end_rod}
[15:32:05] [Client thread/TRACE] [FML]:   Registry: 199 minecraft:chorus_plant Block{minecraft:chorus_plant}
[15:32:05] [Client thread/TRACE] [FML]:   Registry: 200 minecraft:chorus_flower Block{minecraft:chorus_flower}
[15:32:05] [Client thread/TRACE] [FML]:   Registry: 201 minecraft:purpur_block Block{minecraft:purpur_block}
[15:32:05] [Client thread/TRACE] [FML]:   Registry: 202 minecraft:purpur_pillar Block{minecraft:purpur_pillar}
[15:32:05] [Client thread/TRACE] [FML]:   Registry: 203 minecraft:purpur_stairs Block{minecraft:purpur_stairs}
[15:32:05] [Client thread/TRACE] [FML]:   Registry: 204 minecraft:purpur_double_slab Block{minecraft:purpur_double_slab}
[15:32:05] [Client thread/TRACE] [FML]:   Registry: 205 minecraft:purpur_slab Block{minecraft:purpur_slab}
[15:32:05] [Client thread/TRACE] [FML]:   Registry: 206 minecraft:end_bricks Block{minecraft:end_bricks}
[15:32:05] [Client thread/TRACE] [FML]:   Registry: 207 minecraft:beetroots Block{minecraft:beetroots}
[15:32:05] [Client thread/TRACE] [FML]:   Registry: 208 minecraft:grass_path Block{minecraft:grass_path}
[15:32:05] [Client thread/TRACE] [FML]:   Registry: 209 minecraft:end_gateway Block{minecraft:end_gateway}
[15:32:05] [Client thread/TRACE] [FML]:   Registry: 210 minecraft:repeating_command_block Block{minecraft:repeating_command_block}
[15:32:05] [Client thread/TRACE] [FML]:   Registry: 211 minecraft:chain_command_block Block{minecraft:chain_command_block}
[15:32:05] [Client thread/TRACE] [FML]:   Registry: 212 minecraft:frosted_ice Block{minecraft:frosted_ice}
[15:32:05] [Client thread/TRACE] [FML]:   Registry: 213 minecraft:magma Block{minecraft:magma}
[15:32:05] [Client thread/TRACE] [FML]:   Registry: 214 minecraft:nether_wart_block Block{minecraft:nether_wart_block}
[15:32:05] [Client thread/TRACE] [FML]:   Registry: 215 minecraft:red_nether_brick Block{minecraft:red_nether_brick}
[15:32:05] [Client thread/TRACE] [FML]:   Registry: 216 minecraft:bone_block Block{minecraft:bone_block}
[15:32:05] [Client thread/TRACE] [FML]:   Registry: 217 minecraft:structure_void Block{minecraft:structure_void}
[15:32:05] [Client thread/TRACE] [FML]:   Registry: 218 minecraft:observer Block{minecraft:observer}
[15:32:05] [Client thread/TRACE] [FML]:   Registry: 219 minecraft:white_shulker_box Block{minecraft:white_shulker_box}
[15:32:05] [Client thread/TRACE] [FML]:   Registry: 220 minecraft:orange_shulker_box Block{minecraft:orange_shulker_box}
[15:32:05] [Client thread/TRACE] [FML]:   Registry: 221 minecraft:magenta_shulker_box Block{minecraft:magenta_shulker_box}
[15:32:05] [Client thread/TRACE] [FML]:   Registry: 222 minecraft:light_blue_shulker_box Block{minecraft:light_blue_shulker_box}
[15:32:05] [Client thread/TRACE] [FML]:   Registry: 223 minecraft:yellow_shulker_box Block{minecraft:yellow_shulker_box}
[15:32:05] [Client thread/TRACE] [FML]:   Registry: 224 minecraft:lime_shulker_box Block{minecraft:lime_shulker_box}
[15:32:05] [Client thread/TRACE] [FML]:   Registry: 225 minecraft:pink_shulker_box Block{minecraft:pink_shulker_box}
[15:32:05] [Client thread/TRACE] [FML]:   Registry: 226 minecraft:gray_shulker_box Block{minecraft:gray_shulker_box}
[15:32:05] [Client thread/TRACE] [FML]:   Registry: 227 minecraft:silver_shulker_box Block{minecraft:silver_shulker_box}
[15:32:05] [Client thread/TRACE] [FML]:   Registry: 228 minecraft:cyan_shulker_box Block{minecraft:cyan_shulker_box}
[15:32:05] [Client thread/TRACE] [FML]:   Registry: 229 minecraft:purple_shulker_box Block{minecraft:purple_shulker_box}
[15:32:05] [Client thread/TRACE] [FML]:   Registry: 230 minecraft:blue_shulker_box Block{minecraft:blue_shulker_box}
[15:32:05] [Client thread/TRACE] [FML]:   Registry: 231 minecraft:brown_shulker_box Block{minecraft:brown_shulker_box}
[15:32:05] [Client thread/TRACE] [FML]:   Registry: 232 minecraft:green_shulker_box Block{minecraft:green_shulker_box}
[15:32:05] [Client thread/TRACE] [FML]:   Registry: 233 minecraft:red_shulker_box Block{minecraft:red_shulker_box}
[15:32:05] [Client thread/TRACE] [FML]:   Registry: 234 minecraft:black_shulker_box Block{minecraft:black_shulker_box}
[15:32:05] [Client thread/TRACE] [FML]:   Registry: 235 minecraft:white_glazed_terracotta Block{minecraft:white_glazed_terracotta}
[15:32:05] [Client thread/TRACE] [FML]:   Registry: 236 minecraft:orange_glazed_terracotta Block{minecraft:orange_glazed_terracotta}
[15:32:05] [Client thread/TRACE] [FML]:   Registry: 237 minecraft:magenta_glazed_terracotta Block{minecraft:magenta_glazed_terracotta}
[15:32:05] [Client thread/TRACE] [FML]:   Registry: 238 minecraft:light_blue_glazed_terracotta Block{minecraft:light_blue_glazed_terracotta}
[15:32:05] [Client thread/TRACE] [FML]:   Registry: 239 minecraft:yellow_glazed_terracotta Block{minecraft:yellow_glazed_terracotta}
[15:32:05] [Client thread/TRACE] [FML]:   Registry: 240 minecraft:lime_glazed_terracotta Block{minecraft:lime_glazed_terracotta}
[15:32:05] [Client thread/TRACE] [FML]:   Registry: 241 minecraft:pink_glazed_terracotta Block{minecraft:pink_glazed_terracotta}
[15:32:05] [Client thread/TRACE] [FML]:   Registry: 242 minecraft:gray_glazed_terracotta Block{minecraft:gray_glazed_terracotta}
[15:32:05] [Client thread/TRACE] [FML]:   Registry: 243 minecraft:silver_glazed_terracotta Block{minecraft:silver_glazed_terracotta}
[15:32:05] [Client thread/TRACE] [FML]:   Registry: 244 minecraft:cyan_glazed_terracotta Block{minecraft:cyan_glazed_terracotta}
[15:32:05] [Client thread/TRACE] [FML]:   Registry: 245 minecraft:purple_glazed_terracotta Block{minecraft:purple_glazed_terracotta}
[15:32:05] [Client thread/TRACE] [FML]:   Registry: 246 minecraft:blue_glazed_terracotta Block{minecraft:blue_glazed_terracotta}
[15:32:05] [Client thread/TRACE] [FML]:   Registry: 247 minecraft:brown_glazed_terracotta Block{minecraft:brown_glazed_terracotta}
[15:32:05] [Client thread/TRACE] [FML]:   Registry: 248 minecraft:green_glazed_terracotta Block{minecraft:green_glazed_terracotta}
[15:32:05] [Client thread/TRACE] [FML]:   Registry: 249 minecraft:red_glazed_terracotta Block{minecraft:red_glazed_terracotta}
[15:32:05] [Client thread/TRACE] [FML]:   Registry: 250 minecraft:black_glazed_terracotta Block{minecraft:black_glazed_terracotta}
[15:32:05] [Client thread/TRACE] [FML]:   Registry: 251 minecraft:concrete Block{minecraft:concrete}
[15:32:05] [Client thread/TRACE] [FML]:   Registry: 252 minecraft:concrete_powder Block{minecraft:concrete_powder}
[15:32:05] [Client thread/TRACE] [FML]:   Registry: 255 minecraft:structure_block Block{minecraft:structure_block}
[15:32:05] [Client thread/TRACE] [FML]: Registry Name : minecraft:items
[15:32:05] [Client thread/TRACE] [FML]:   Registry: 0 minecraft:air net.minecraft.item.ItemAir@7ec13984
[15:32:05] [Client thread/TRACE] [FML]:   Registry: 1 minecraft:stone net.minecraft.item.ItemMultiTexture@ae3c140
[15:32:05] [Client thread/TRACE] [FML]:   Registry: 2 minecraft:grass net.minecraft.item.ItemColored@71b0289b
[15:32:05] [Client thread/TRACE] [FML]:   Registry: 3 minecraft:dirt net.minecraft.item.ItemMultiTexture@20027c44
[15:32:05] [Client thread/TRACE] [FML]:   Registry: 4 minecraft:cobblestone net.minecraft.item.ItemBlock@7eae55
[15:32:05] [Client thread/TRACE] [FML]:   Registry: 5 minecraft:planks net.minecraft.item.ItemMultiTexture@785a4557
[15:32:05] [Client thread/TRACE] [FML]:   Registry: 6 minecraft:sapling net.minecraft.item.ItemMultiTexture@6c6379c
[15:32:05] [Client thread/TRACE] [FML]:   Registry: 7 minecraft:bedrock net.minecraft.item.ItemBlock@7df4709e
[15:32:05] [Client thread/TRACE] [FML]:   Registry: 12 minecraft:sand net.minecraft.item.ItemMultiTexture@bb12f41
[15:32:05] [Client thread/TRACE] [FML]:   Registry: 13 minecraft:gravel net.minecraft.item.ItemBlock@708dfe10
[15:32:05] [Client thread/TRACE] [FML]:   Registry: 14 minecraft:gold_ore net.minecraft.item.ItemBlock@18989e0
[15:32:05] [Client thread/TRACE] [FML]:   Registry: 15 minecraft:iron_ore net.minecraft.item.ItemBlock@2a120c88
[15:32:05] [Client thread/TRACE] [FML]:   Registry: 16 minecraft:coal_ore net.minecraft.item.ItemBlock@285bf5ac
[15:32:05] [Client thread/TRACE] [FML]:   Registry: 17 minecraft:log net.minecraft.item.ItemMultiTexture@37ffe4f3
[15:32:05] [Client thread/TRACE] [FML]:   Registry: 18 minecraft:leaves net.minecraft.item.ItemLeaves@13908f9c
[15:32:05] [Client thread/TRACE] [FML]:   Registry: 19 minecraft:sponge net.minecraft.item.ItemMultiTexture@1f26b992
[15:32:05] [Client thread/TRACE] [FML]:   Registry: 20 minecraft:glass net.minecraft.item.ItemBlock@2f60cbf2
[15:32:05] [Client thread/TRACE] [FML]:   Registry: 21 minecraft:lapis_ore net.minecraft.item.ItemBlock@631bc9f4
[15:32:05] [Client thread/TRACE] [FML]:   Registry: 22 minecraft:lapis_block net.minecraft.item.ItemBlock@642c72cf
[15:32:05] [Client thread/TRACE] [FML]:   Registry: 23 minecraft:dispenser net.minecraft.item.ItemBlock@4e6cbdf1
[15:32:05] [Client thread/TRACE] [FML]:   Registry: 24 minecraft:sandstone net.minecraft.item.ItemMultiTexture@7686f701
[15:32:05] [Client thread/TRACE] [FML]:   Registry: 25 minecraft:noteblock net.minecraft.item.ItemBlock@47c96f2c
[15:32:05] [Client thread/TRACE] [FML]:   Registry: 27 minecraft:golden_rail net.minecraft.item.ItemBlock@210a26b
[15:32:05] [Client thread/TRACE] [FML]:   Registry: 28 minecraft:detector_rail net.minecraft.item.ItemBlock@2dc21583
[15:32:05] [Client thread/TRACE] [FML]:   Registry: 29 minecraft:sticky_piston net.minecraft.item.ItemPiston@60816371
[15:32:05] [Client thread/TRACE] [FML]:   Registry: 30 minecraft:web net.minecraft.item.ItemBlock@678586f0
[15:32:05] [Client thread/TRACE] [FML]:   Registry: 31 minecraft:tallgrass net.minecraft.item.ItemColored@5ad6f98e
[15:32:05] [Client thread/TRACE] [FML]:   Registry: 32 minecraft:deadbush net.minecraft.item.ItemBlock@586728e8
[15:32:05] [Client thread/TRACE] [FML]:   Registry: 33 minecraft:piston net.minecraft.item.ItemPiston@3316527e
[15:32:05] [Client thread/TRACE] [FML]:   Registry: 35 minecraft:wool net.minecraft.item.ItemCloth@72324965
[15:32:05] [Client thread/TRACE] [FML]:   Registry: 37 minecraft:yellow_flower net.minecraft.item.ItemMultiTexture@64ec1459
[15:32:05] [Client thread/TRACE] [FML]:   Registry: 38 minecraft:red_flower net.minecraft.item.ItemMultiTexture@63cf578f
[15:32:05] [Client thread/TRACE] [FML]:   Registry: 39 minecraft:brown_mushroom net.minecraft.item.ItemBlock@194b9783
[15:32:05] [Client thread/TRACE] [FML]:   Registry: 40 minecraft:red_mushroom net.minecraft.item.ItemBlock@45297e7
[15:32:05] [Client thread/TRACE] [FML]:   Registry: 41 minecraft:gold_block net.minecraft.item.ItemBlock@4dd1548e
[15:32:05] [Client thread/TRACE] [FML]:   Registry: 42 minecraft:iron_block net.minecraft.item.ItemBlock@54bb1194
[15:32:05] [Client thread/TRACE] [FML]:   Registry: 44 minecraft:stone_slab net.minecraft.item.ItemSlab@10b67f54
[15:32:05] [Client thread/TRACE] [FML]:   Registry: 45 minecraft:brick_block net.minecraft.item.ItemBlock@30798137
[15:32:05] [Client thread/TRACE] [FML]:   Registry: 46 minecraft:tnt net.minecraft.item.ItemBlock@455da438
[15:32:05] [Client thread/TRACE] [FML]:   Registry: 47 minecraft:bookshelf net.minecraft.item.ItemBlock@60652518
[15:32:05] [Client thread/TRACE] [FML]:   Registry: 48 minecraft:mossy_cobblestone net.minecraft.item.ItemBlock@438aaa9f
[15:32:05] [Client thread/TRACE] [FML]:   Registry: 49 minecraft:obsidian net.minecraft.item.ItemBlock@3f06ebe0
[15:32:05] [Client thread/TRACE] [FML]:   Registry: 50 minecraft:torch net.minecraft.item.ItemBlock@1752e45c
[15:32:05] [Client thread/TRACE] [FML]:   Registry: 52 minecraft:mob_spawner net.minecraft.item.ItemBlock@118cbded
[15:32:05] [Client thread/TRACE] [FML]:   Registry: 53 minecraft:oak_stairs net.minecraft.item.ItemBlock@4cc26df
[15:32:05] [Client thread/TRACE] [FML]:   Registry: 54 minecraft:chest net.minecraft.item.ItemBlock@7848321e
[15:32:05] [Client thread/TRACE] [FML]:   Registry: 56 minecraft:diamond_ore net.minecraft.item.ItemBlock@f4f843f
[15:32:05] [Client thread/TRACE] [FML]:   Registry: 57 minecraft:diamond_block net.minecraft.item.ItemBlock@7b5833ee
[15:32:05] [Client thread/TRACE] [FML]:   Registry: 58 minecraft:crafting_table net.minecraft.item.ItemBlock@1e471884
[15:32:05] [Client thread/TRACE] [FML]:   Registry: 60 minecraft:farmland net.minecraft.item.ItemBlock@27261190
[15:32:05] [Client thread/TRACE] [FML]:   Registry: 61 minecraft:furnace net.minecraft.item.ItemBlock@543b0737
[15:32:05] [Client thread/TRACE] [FML]:   Registry: 65 minecraft:ladder net.minecraft.item.ItemBlock@6e46891d
[15:32:05] [Client thread/TRACE] [FML]:   Registry: 66 minecraft:rail net.minecraft.item.ItemBlock@48632f69
[15:32:05] [Client thread/TRACE] [FML]:   Registry: 67 minecraft:stone_stairs net.minecraft.item.ItemBlock@5fde1d64
[15:32:05] [Client thread/TRACE] [FML]:   Registry: 69 minecraft:lever net.minecraft.item.ItemBlock@5350ab17
[15:32:05] [Client thread/TRACE] [FML]:   Registry: 70 minecraft:stone_pressure_plate net.minecraft.item.ItemBlock@984de01
[15:32:05] [Client thread/TRACE] [FML]:   Registry: 72 minecraft:wooden_pressure_plate net.minecraft.item.ItemBlock@58cda03f
[15:32:05] [Client thread/TRACE] [FML]:   Registry: 73 minecraft:redstone_ore net.minecraft.item.ItemBlock@7757a37f
[15:32:05] [Client thread/TRACE] [FML]:   Registry: 76 minecraft:redstone_torch net.minecraft.item.ItemBlock@2109a691
[15:32:05] [Client thread/TRACE] [FML]:   Registry: 77 minecraft:stone_button net.minecraft.item.ItemBlock@e521067
[15:32:05] [Client thread/TRACE] [FML]:   Registry: 78 minecraft:snow_layer net.minecraft.item.ItemSnow@71ad959b
[15:32:05] [Client thread/TRACE] [FML]:   Registry: 79 minecraft:ice net.minecraft.item.ItemBlock@1d7c9811
[15:32:05] [Client thread/TRACE] [FML]:   Registry: 80 minecraft:snow net.minecraft.item.ItemBlock@3b362f1
[15:32:05] [Client thread/TRACE] [FML]:   Registry: 81 minecraft:cactus net.minecraft.item.ItemBlock@6451a288
[15:32:05] [Client thread/TRACE] [FML]:   Registry: 82 minecraft:clay net.minecraft.item.ItemBlock@79cdf2d4
[15:32:05] [Client thread/TRACE] [FML]:   Registry: 84 minecraft:jukebox net.minecraft.item.ItemBlock@8851ec
[15:32:05] [Client thread/TRACE] [FML]:   Registry: 85 minecraft:fence net.minecraft.item.ItemBlock@18b40fe6
[15:32:05] [Client thread/TRACE] [FML]:   Registry: 86 minecraft:pumpkin net.minecraft.item.ItemBlock@636dbfe7
[15:32:05] [Client thread/TRACE] [FML]:   Registry: 87 minecraft:netherrack net.minecraft.item.ItemBlock@42ecc554
[15:32:05] [Client thread/TRACE] [FML]:   Registry: 88 minecraft:soul_sand net.minecraft.item.ItemBlock@443af394
[15:32:05] [Client thread/TRACE] [FML]:   Registry: 89 minecraft:glowstone net.minecraft.item.ItemBlock@734f8317
[15:32:05] [Client thread/TRACE] [FML]:   Registry: 91 minecraft:lit_pumpkin net.minecraft.item.ItemBlock@7dd3981e
[15:32:05] [Client thread/TRACE] [FML]:   Registry: 95 minecraft:stained_glass net.minecraft.item.ItemCloth@3dda8a2e
[15:32:05] [Client thread/TRACE] [FML]:   Registry: 96 minecraft:trapdoor net.minecraft.item.ItemBlock@59313495
[15:32:05] [Client thread/TRACE] [FML]:   Registry: 97 minecraft:monster_egg net.minecraft.item.ItemMultiTexture@74ebd159
[15:32:05] [Client thread/TRACE] [FML]:   Registry: 98 minecraft:stonebrick net.minecraft.item.ItemMultiTexture@4005e485
[15:32:05] [Client thread/TRACE] [FML]:   Registry: 99 minecraft:brown_mushroom_block net.minecraft.item.ItemBlock@5f5c187d
[15:32:05] [Client thread/TRACE] [FML]:   Registry: 100 minecraft:red_mushroom_block net.minecraft.item.ItemBlock@464400b3
[15:32:05] [Client thread/TRACE] [FML]:   Registry: 101 minecraft:iron_bars net.minecraft.item.ItemBlock@58182b96
[15:32:05] [Client thread/TRACE] [FML]:   Registry: 102 minecraft:glass_pane net.minecraft.item.ItemBlock@37d6dddc
[15:32:05] [Client thread/TRACE] [FML]:   Registry: 103 minecraft:melon_block net.minecraft.item.ItemBlock@8f6b4ab
[15:32:05] [Client thread/TRACE] [FML]:   Registry: 106 minecraft:vine net.minecraft.item.ItemColored@6e517c9e
[15:32:05] [Client thread/TRACE] [FML]:   Registry: 107 minecraft:fence_gate net.minecraft.item.ItemBlock@770cae59
[15:32:05] [Client thread/TRACE] [FML]:   Registry: 108 minecraft:brick_stairs net.minecraft.item.ItemBlock@74cd798f
[15:32:05] [Client thread/TRACE] [FML]:   Registry: 109 minecraft:stone_brick_stairs net.minecraft.item.ItemBlock@314f59b
[15:32:05] [Client thread/TRACE] [FML]:   Registry: 110 minecraft:mycelium net.minecraft.item.ItemBlock@63c99f7
[15:32:05] [Client thread/TRACE] [FML]:   Registry: 111 minecraft:waterlily net.minecraft.item.ItemLilyPad@601f264d
[15:32:05] [Client thread/TRACE] [FML]:   Registry: 112 minecraft:nether_brick net.minecraft.item.ItemBlock@4403bff8
[15:32:05] [Client thread/TRACE] [FML]:   Registry: 113 minecraft:nether_brick_fence net.minecraft.item.ItemBlock@261275ae
[15:32:05] [Client thread/TRACE] [FML]:   Registry: 114 minecraft:nether_brick_stairs net.minecraft.item.ItemBlock@502c087e
[15:32:05] [Client thread/TRACE] [FML]:   Registry: 116 minecraft:enchanting_table net.minecraft.item.ItemBlock@49986178
[15:32:05] [Client thread/TRACE] [FML]:   Registry: 120 minecraft:end_portal_frame net.minecraft.item.ItemBlock@10bdfbcc
[15:32:05] [Client thread/TRACE] [FML]:   Registry: 121 minecraft:end_stone net.minecraft.item.ItemBlock@25b74370
[15:32:05] [Client thread/TRACE] [FML]:   Registry: 122 minecraft:dragon_egg net.minecraft.item.ItemBlock@1f71e024
[15:32:05] [Client thread/TRACE] [FML]:   Registry: 123 minecraft:redstone_lamp net.minecraft.item.ItemBlock@60ed0b9d
[15:32:05] [Client thread/TRACE] [FML]:   Registry: 126 minecraft:wooden_slab net.minecraft.item.ItemSlab@7f5e6833
[15:32:05] [Client thread/TRACE] [FML]:   Registry: 128 minecraft:sandstone_stairs net.minecraft.item.ItemBlock@2c674d58
[15:32:05] [Client thread/TRACE] [FML]:   Registry: 129 minecraft:emerald_ore net.minecraft.item.ItemBlock@3c07e830
[15:32:05] [Client thread/TRACE] [FML]:   Registry: 130 minecraft:ender_chest net.minecraft.item.ItemBlock@34beadce
[15:32:05] [Client thread/TRACE] [FML]:   Registry: 131 minecraft:tripwire_hook net.minecraft.item.ItemBlock@382d549a
[15:32:05] [Client thread/TRACE] [FML]:   Registry: 133 minecraft:emerald_block net.minecraft.item.ItemBlock@2eb6d34a
[15:32:05] [Client thread/TRACE] [FML]:   Registry: 134 minecraft:spruce_stairs net.minecraft.item.ItemBlock@2d73e8c4
[15:32:05] [Client thread/TRACE] [FML]:   Registry: 135 minecraft:birch_stairs net.minecraft.item.ItemBlock@6ce2e079
[15:32:05] [Client thread/TRACE] [FML]:   Registry: 136 minecraft:jungle_stairs net.minecraft.item.ItemBlock@3e39e0fb
[15:32:05] [Client thread/TRACE] [FML]:   Registry: 137 minecraft:command_block net.minecraft.item.ItemBlock@260d48f5
[15:32:05] [Client thread/TRACE] [FML]:   Registry: 138 minecraft:beacon net.minecraft.item.ItemBlock@148ab138
[15:32:05] [Client thread/TRACE] [FML]:   Registry: 139 minecraft:cobblestone_wall net.minecraft.item.ItemMultiTexture@131ba005
[15:32:05] [Client thread/TRACE] [FML]:   Registry: 143 minecraft:wooden_button net.minecraft.item.ItemBlock@7f305f34
[15:32:05] [Client thread/TRACE] [FML]:   Registry: 145 minecraft:anvil net.minecraft.item.ItemAnvilBlock@5e158f33
[15:32:05] [Client thread/TRACE] [FML]:   Registry: 146 minecraft:trapped_chest net.minecraft.item.ItemBlock@20fcea37
[15:32:05] [Client thread/TRACE] [FML]:   Registry: 147 minecraft:light_weighted_pressure_plate net.minecraft.item.ItemBlock@399af6dc
[15:32:05] [Client thread/TRACE] [FML]:   Registry: 148 minecraft:heavy_weighted_pressure_plate net.minecraft.item.ItemBlock@48fc0211
[15:32:05] [Client thread/TRACE] [FML]:   Registry: 151 minecraft:daylight_detector net.minecraft.item.ItemBlock@3ae2702a
[15:32:05] [Client thread/TRACE] [FML]:   Registry: 152 minecraft:redstone_block net.minecraft.item.ItemBlock@7d088813
[15:32:05] [Client thread/TRACE] [FML]:   Registry: 153 minecraft:quartz_ore net.minecraft.item.ItemBlock@134abd78
[15:32:05] [Client thread/TRACE] [FML]:   Registry: 154 minecraft:hopper net.minecraft.item.ItemBlock@3b0ed98a
[15:32:05] [Client thread/TRACE] [FML]:   Registry: 155 minecraft:quartz_block net.minecraft.item.ItemMultiTexture@12448de1
[15:32:05] [Client thread/TRACE] [FML]:   Registry: 156 minecraft:quartz_stairs net.minecraft.item.ItemBlock@2b35c7aa
[15:32:05] [Client thread/TRACE] [FML]:   Registry: 157 minecraft:activator_rail net.minecraft.item.ItemBlock@6dd20ec9
[15:32:05] [Client thread/TRACE] [FML]:   Registry: 158 minecraft:dropper net.minecraft.item.ItemBlock@20dd5870
[15:32:05] [Client thread/TRACE] [FML]:   Registry: 159 minecraft:stained_hardened_clay net.minecraft.item.ItemCloth@1640f20f
[15:32:05] [Client thread/TRACE] [FML]:   Registry: 160 minecraft:stained_glass_pane net.minecraft.item.ItemCloth@7c0de229
[15:32:05] [Client thread/TRACE] [FML]:   Registry: 161 minecraft:leaves2 net.minecraft.item.ItemLeaves@329b331f
[15:32:05] [Client thread/TRACE] [FML]:   Registry: 162 minecraft:log2 net.minecraft.item.ItemMultiTexture@5c8b10b4
[15:32:05] [Client thread/TRACE] [FML]:   Registry: 163 minecraft:acacia_stairs net.minecraft.item.ItemBlock@1cc708a7
[15:32:05] [Client thread/TRACE] [FML]:   Registry: 164 minecraft:dark_oak_stairs net.minecraft.item.ItemBlock@995ad50
[15:32:05] [Client thread/TRACE] [FML]:   Registry: 165 minecraft:slime net.minecraft.item.ItemBlock@6249a08d
[15:32:05] [Client thread/TRACE] [FML]:   Registry: 166 minecraft:barrier net.minecraft.item.ItemBlock@134d7ffa
[15:32:05] [Client thread/TRACE] [FML]:   Registry: 167 minecraft:iron_trapdoor net.minecraft.item.ItemBlock@6e948f1c
[15:32:05] [Client thread/TRACE] [FML]:   Registry: 168 minecraft:prismarine net.minecraft.item.ItemMultiTexture@3dbb3fb7
[15:32:05] [Client thread/TRACE] [FML]:   Registry: 169 minecraft:sea_lantern net.minecraft.item.ItemBlock@68a426c3
[15:32:05] [Client thread/TRACE] [FML]:   Registry: 170 minecraft:hay_block net.minecraft.item.ItemBlock@24405466
[15:32:05] [Client thread/TRACE] [FML]:   Registry: 171 minecraft:carpet net.minecraft.item.ItemCloth@35010a6b
[15:32:05] [Client thread/TRACE] [FML]:   Registry: 172 minecraft:hardened_clay net.minecraft.item.ItemBlock@4d4b019e
[15:32:05] [Client thread/TRACE] [FML]:   Registry: 173 minecraft:coal_block net.minecraft.item.ItemBlock@7ed8b44
[15:32:05] [Client thread/TRACE] [FML]:   Registry: 174 minecraft:packed_ice net.minecraft.item.ItemBlock@21280cbb
[15:32:05] [Client thread/TRACE] [FML]:   Registry: 175 minecraft:double_plant net.minecraft.item.ItemMultiTexture@698f4aa
[15:32:05] [Client thread/TRACE] [FML]:   Registry: 179 minecraft:red_sandstone net.minecraft.item.ItemMultiTexture@3f0c6b3c
[15:32:05] [Client thread/TRACE] [FML]:   Registry: 180 minecraft:red_sandstone_stairs net.minecraft.item.ItemBlock@416a4275
[15:32:05] [Client thread/TRACE] [FML]:   Registry: 182 minecraft:stone_slab2 net.minecraft.item.ItemSlab@7bf65e0f
[15:32:05] [Client thread/TRACE] [FML]:   Registry: 183 minecraft:spruce_fence_gate net.minecraft.item.ItemBlock@76b5a559
[15:32:05] [Client thread/TRACE] [FML]:   Registry: 184 minecraft:birch_fence_gate net.minecraft.item.ItemBlock@4bdb04c8
[15:32:05] [Client thread/TRACE] [FML]:   Registry: 185 minecraft:jungle_fence_gate net.minecraft.item.ItemBlock@2e8b24a1
[15:32:05] [Client thread/TRACE] [FML]:   Registry: 186 minecraft:dark_oak_fence_gate net.minecraft.item.ItemBlock@3ce7394f
[15:32:05] [Client thread/TRACE] [FML]:   Registry: 187 minecraft:acacia_fence_gate net.minecraft.item.ItemBlock@6723cce7
[15:32:05] [Client thread/TRACE] [FML]:   Registry: 188 minecraft:spruce_fence net.minecraft.item.ItemBlock@7198ab9a
[15:32:05] [Client thread/TRACE] [FML]:   Registry: 189 minecraft:birch_fence net.minecraft.item.ItemBlock@67d5ac2f
[15:32:05] [Client thread/TRACE] [FML]:   Registry: 190 minecraft:jungle_fence net.minecraft.item.ItemBlock@25109608
[15:32:05] [Client thread/TRACE] [FML]:   Registry: 191 minecraft:dark_oak_fence net.minecraft.item.ItemBlock@1d637673
[15:32:05] [Client thread/TRACE] [FML]:   Registry: 192 minecraft:acacia_fence net.minecraft.item.ItemBlock@2913ca3e
[15:32:05] [Client thread/TRACE] [FML]:   Registry: 198 minecraft:end_rod net.minecraft.item.ItemBlock@5ed65e4b
[15:32:05] [Client thread/TRACE] [FML]:   Registry: 199 minecraft:chorus_plant net.minecraft.item.ItemBlock@481ed95c
[15:32:05] [Client thread/TRACE] [FML]:   Registry: 200 minecraft:chorus_flower net.minecraft.item.ItemBlock@40cf6254
[15:32:05] [Client thread/TRACE] [FML]:   Registry: 201 minecraft:purpur_block net.minecraft.item.ItemBlock@40bf0e15
[15:32:05] [Client thread/TRACE] [FML]:   Registry: 202 minecraft:purpur_pillar net.minecraft.item.ItemBlock@2c77344f
[15:32:05] [Client thread/TRACE] [FML]:   Registry: 203 minecraft:purpur_stairs net.minecraft.item.ItemBlock@121ddca4
[15:32:05] [Client thread/TRACE] [FML]:   Registry: 205 minecraft:purpur_slab net.minecraft.item.ItemSlab@297bd171
[15:32:05] [Client thread/TRACE] [FML]:   Registry: 206 minecraft:end_bricks net.minecraft.item.ItemBlock@15e8c040
[15:32:05] [Client thread/TRACE] [FML]:   Registry: 208 minecraft:grass_path net.minecraft.item.ItemBlock@36525ab
[15:32:05] [Client thread/TRACE] [FML]:   Registry: 210 minecraft:repeating_command_block net.minecraft.item.ItemBlock@33215ffb
[15:32:05] [Client thread/TRACE] [FML]:   Registry: 211 minecraft:chain_command_block net.minecraft.item.ItemBlock@6f289728
[15:32:05] [Client thread/TRACE] [FML]:   Registry: 213 minecraft:magma net.minecraft.item.ItemBlock@7c421952
[15:32:05] [Client thread/TRACE] [FML]:   Registry: 214 minecraft:nether_wart_block net.minecraft.item.ItemBlock@350d26f3
[15:32:05] [Client thread/TRACE] [FML]:   Registry: 215 minecraft:red_nether_brick net.minecraft.item.ItemBlock@c6a692e
[15:32:05] [Client thread/TRACE] [FML]:   Registry: 216 minecraft:bone_block net.minecraft.item.ItemBlock@27502e5c
[15:32:05] [Client thread/TRACE] [FML]:   Registry: 217 minecraft:structure_void net.minecraft.item.ItemBlock@4b343b6d
[15:32:05] [Client thread/TRACE] [FML]:   Registry: 218 minecraft:observer net.minecraft.item.ItemBlock@17d2b646
[15:32:05] [Client thread/TRACE] [FML]:   Registry: 219 minecraft:white_shulker_box net.minecraft.item.ItemShulkerBox@6eaa6b0c
[15:32:05] [Client thread/TRACE] [FML]:   Registry: 220 minecraft:orange_shulker_box net.minecraft.item.ItemShulkerBox@4afcae7
[15:32:05] [Client thread/TRACE] [FML]:   Registry: 221 minecraft:magenta_shulker_box net.minecraft.item.ItemShulkerBox@6cd2cb2
[15:32:05] [Client thread/TRACE] [FML]:   Registry: 222 minecraft:light_blue_shulker_box net.minecraft.item.ItemShulkerBox@3a2bb026
[15:32:05] [Client thread/TRACE] [FML]:   Registry: 223 minecraft:yellow_shulker_box net.minecraft.item.ItemShulkerBox@7645e64
[15:32:05] [Client thread/TRACE] [FML]:   Registry: 224 minecraft:lime_shulker_box net.minecraft.item.ItemShulkerBox@7de6549d
[15:32:05] [Client thread/TRACE] [FML]:   Registry: 225 minecraft:pink_shulker_box net.minecraft.item.ItemShulkerBox@12214f2f
[15:32:05] [Client thread/TRACE] [FML]:   Registry: 226 minecraft:gray_shulker_box net.minecraft.item.ItemShulkerBox@756c67cd
[15:32:05] [Client thread/TRACE] [FML]:   Registry: 227 minecraft:silver_shulker_box net.minecraft.item.ItemShulkerBox@50de907a
[15:32:05] [Client thread/TRACE] [FML]:   Registry: 228 minecraft:cyan_shulker_box net.minecraft.item.ItemShulkerBox@1fd37440
[15:32:05] [Client thread/TRACE] [FML]:   Registry: 229 minecraft:purple_shulker_box net.minecraft.item.ItemShulkerBox@79308a2
[15:32:05] [Client thread/TRACE] [FML]:   Registry: 230 minecraft:blue_shulker_box net.minecraft.item.ItemShulkerBox@11574592
[15:32:05] [Client thread/TRACE] [FML]:   Registry: 231 minecraft:brown_shulker_box net.minecraft.item.ItemShulkerBox@352e5a82
[15:32:05] [Client thread/TRACE] [FML]:   Registry: 232 minecraft:green_shulker_box net.minecraft.item.ItemShulkerBox@315b5913
[15:32:05] [Client thread/TRACE] [FML]:   Registry: 233 minecraft:red_shulker_box net.minecraft.item.ItemShulkerBox@2e929182
[15:32:05] [Client thread/TRACE] [FML]:   Registry: 234 minecraft:black_shulker_box net.minecraft.item.ItemShulkerBox@5423a17
[15:32:05] [Client thread/TRACE] [FML]:   Registry: 235 minecraft:white_glazed_terracotta net.minecraft.item.ItemBlock@42ff9a77
[15:32:05] [Client thread/TRACE] [FML]:   Registry: 236 minecraft:orange_glazed_terracotta net.minecraft.item.ItemBlock@2987d0fa
[15:32:05] [Client thread/TRACE] [FML]:   Registry: 237 minecraft:magenta_glazed_terracotta net.minecraft.item.ItemBlock@13234ac9
[15:32:05] [Client thread/TRACE] [FML]:   Registry: 238 minecraft:light_blue_glazed_terracotta net.minecraft.item.ItemBlock@7254838
[15:32:05] [Client thread/TRACE] [FML]:   Registry: 239 minecraft:yellow_glazed_terracotta net.minecraft.item.ItemBlock@39374689
[15:32:05] [Client thread/TRACE] [FML]:   Registry: 240 minecraft:lime_glazed_terracotta net.minecraft.item.ItemBlock@2e204155
[15:32:05] [Client thread/TRACE] [FML]:   Registry: 241 minecraft:pink_glazed_terracotta net.minecraft.item.ItemBlock@27dc335a
[15:32:05] [Client thread/TRACE] [FML]:   Registry: 242 minecraft:gray_glazed_terracotta net.minecraft.item.ItemBlock@a95cb11
[15:32:05] [Client thread/TRACE] [FML]:   Registry: 243 minecraft:silver_glazed_terracotta net.minecraft.item.ItemBlock@915d7c4
[15:32:05] [Client thread/TRACE] [FML]:   Registry: 244 minecraft:cyan_glazed_terracotta net.minecraft.item.ItemBlock@2513155a
[15:32:05] [Client thread/TRACE] [FML]:   Registry: 245 minecraft:purple_glazed_terracotta net.minecraft.item.ItemBlock@6313b441
[15:32:05] [Client thread/TRACE] [FML]:   Registry: 246 minecraft:blue_glazed_terracotta net.minecraft.item.ItemBlock@47fa3671
[15:32:05] [Client thread/TRACE] [FML]:   Registry: 247 minecraft:brown_glazed_terracotta net.minecraft.item.ItemBlock@60f662bd
[15:32:05] [Client thread/TRACE] [FML]:   Registry: 248 minecraft:green_glazed_terracotta net.minecraft.item.ItemBlock@5df2023c
[15:32:05] [Client thread/TRACE] [FML]:   Registry: 249 minecraft:red_glazed_terracotta net.minecraft.item.ItemBlock@23bd047f
[15:32:05] [Client thread/TRACE] [FML]:   Registry: 250 minecraft:black_glazed_terracotta net.minecraft.item.ItemBlock@3562e7c7
[15:32:05] [Client thread/TRACE] [FML]:   Registry: 251 minecraft:concrete net.minecraft.item.ItemCloth@66d2885c
[15:32:05] [Client thread/TRACE] [FML]:   Registry: 252 minecraft:concrete_powder net.minecraft.item.ItemCloth@2bfc8558
[15:32:05] [Client thread/TRACE] [FML]:   Registry: 255 minecraft:structure_block net.minecraft.item.ItemBlock@6029f2a4
[15:32:05] [Client thread/TRACE] [FML]:   Registry: 256 minecraft:iron_shovel net.minecraft.item.ItemSpade@3f322610
[15:32:05] [Client thread/TRACE] [FML]:   Registry: 257 minecraft:iron_pickaxe net.minecraft.item.ItemPickaxe@6cf047cf
[15:32:05] [Client thread/TRACE] [FML]:   Registry: 258 minecraft:iron_axe net.minecraft.item.ItemAxe@323e026d
[15:32:05] [Client thread/TRACE] [FML]:   Registry: 259 minecraft:flint_and_steel net.minecraft.item.ItemFlintAndSteel@135e49b2
[15:32:05] [Client thread/TRACE] [FML]:   Registry: 260 minecraft:apple net.minecraft.item.ItemFood@1282f784
[15:32:05] [Client thread/TRACE] [FML]:   Registry: 261 minecraft:bow net.minecraft.item.ItemBow@60c98f25
[15:32:05] [Client thread/TRACE] [FML]:   Registry: 262 minecraft:arrow net.minecraft.item.ItemArrow@53f495f0
[15:32:05] [Client thread/TRACE] [FML]:   Registry: 263 minecraft:coal net.minecraft.item.ItemCoal@44a93f8a
[15:32:05] [Client thread/TRACE] [FML]:   Registry: 264 minecraft:diamond net.minecraft.item.Item@26463a6
[15:32:05] [Client thread/TRACE] [FML]:   Registry: 265 minecraft:iron_ingot net.minecraft.item.Item@6c5ae8fd
[15:32:05] [Client thread/TRACE] [FML]:   Registry: 266 minecraft:gold_ingot net.minecraft.item.Item@17354708
[15:32:05] [Client thread/TRACE] [FML]:   Registry: 267 minecraft:iron_sword net.minecraft.item.ItemSword@4cc7e3ad
[15:32:05] [Client thread/TRACE] [FML]:   Registry: 268 minecraft:wooden_sword net.minecraft.item.ItemSword@5dd6a4c8
[15:32:05] [Client thread/TRACE] [FML]:   Registry: 269 minecraft:wooden_shovel net.minecraft.item.ItemSpade@47be41c6
[15:32:05] [Client thread/TRACE] [FML]:   Registry: 270 minecraft:wooden_pickaxe net.minecraft.item.ItemPickaxe@608b35fa
[15:32:05] [Client thread/TRACE] [FML]:   Registry: 271 minecraft:wooden_axe net.minecraft.item.ItemAxe@13a268cd
[15:32:05] [Client thread/TRACE] [FML]:   Registry: 272 minecraft:stone_sword net.minecraft.item.ItemSword@7b3a6e95
[15:32:05] [Client thread/TRACE] [FML]:   Registry: 273 minecraft:stone_shovel net.minecraft.item.ItemSpade@4ebfb045
[15:32:05] [Client thread/TRACE] [FML]:   Registry: 274 minecraft:stone_pickaxe net.minecraft.item.ItemPickaxe@77a2688d
[15:32:05] [Client thread/TRACE] [FML]:   Registry: 275 minecraft:stone_axe net.minecraft.item.ItemAxe@77c692b4
[15:32:05] [Client thread/TRACE] [FML]:   Registry: 276 minecraft:diamond_sword net.minecraft.item.ItemSword@5fa0141f
[15:32:05] [Client thread/TRACE] [FML]:   Registry: 277 minecraft:diamond_shovel net.minecraft.item.ItemSpade@6caeba36
[15:32:05] [Client thread/TRACE] [FML]:   Registry: 278 minecraft:diamond_pickaxe net.minecraft.item.ItemPickaxe@8ac512e
[15:32:05] [Client thread/TRACE] [FML]:   Registry: 279 minecraft:diamond_axe net.minecraft.item.ItemAxe@4bbc21bd
[15:32:05] [Client thread/TRACE] [FML]:   Registry: 280 minecraft:stick net.minecraft.item.Item@14e3d439
[15:32:05] [Client thread/TRACE] [FML]:   Registry: 281 minecraft:bowl net.minecraft.item.Item@d85b399
[15:32:05] [Client thread/TRACE] [FML]:   Registry: 282 minecraft:mushroom_stew net.minecraft.item.ItemSoup@55e91e61
[15:32:05] [Client thread/TRACE] [FML]:   Registry: 283 minecraft:golden_sword net.minecraft.item.ItemSword@166e5a6d
[15:32:05] [Client thread/TRACE] [FML]:   Registry: 284 minecraft:golden_shovel net.minecraft.item.ItemSpade@1d55dd21
[15:32:05] [Client thread/TRACE] [FML]:   Registry: 285 minecraft:golden_pickaxe net.minecraft.item.ItemPickaxe@7d6c4079
[15:32:05] [Client thread/TRACE] [FML]:   Registry: 286 minecraft:golden_axe net.minecraft.item.ItemAxe@606b53a3
[15:32:05] [Client thread/TRACE] [FML]:   Registry: 287 minecraft:string net.minecraft.item.ItemBlockSpecial@a69f9d
[15:32:05] [Client thread/TRACE] [FML]:   Registry: 288 minecraft:feather net.minecraft.item.Item@5a8dcfbb
[15:32:05] [Client thread/TRACE] [FML]:   Registry: 289 minecraft:gunpowder net.minecraft.item.Item@1846ad0f
[15:32:05] [Client thread/TRACE] [FML]:   Registry: 290 minecraft:wooden_hoe net.minecraft.item.ItemHoe@660296d5
[15:32:05] [Client thread/TRACE] [FML]:   Registry: 291 minecraft:stone_hoe net.minecraft.item.ItemHoe@6d3163a6
[15:32:05] [Client thread/TRACE] [FML]:   Registry: 292 minecraft:iron_hoe net.minecraft.item.ItemHoe@75d97e18
[15:32:05] [Client thread/TRACE] [FML]:   Registry: 293 minecraft:diamond_hoe net.minecraft.item.ItemHoe@5fdb7394
[15:32:05] [Client thread/TRACE] [FML]:   Registry: 294 minecraft:golden_hoe net.minecraft.item.ItemHoe@2d9de284
[15:32:05] [Client thread/TRACE] [FML]:   Registry: 295 minecraft:wheat_seeds net.minecraft.item.ItemSeeds@44aed6a4
[15:32:05] [Client thread/TRACE] [FML]:   Registry: 296 minecraft:wheat net.minecraft.item.Item@31ab4859
[15:32:05] [Client thread/TRACE] [FML]:   Registry: 297 minecraft:bread net.minecraft.item.ItemFood@5ca22e19
[15:32:05] [Client thread/TRACE] [FML]:   Registry: 298 minecraft:leather_helmet net.minecraft.item.ItemArmor@31d4b3e8
[15:32:05] [Client thread/TRACE] [FML]:   Registry: 299 minecraft:leather_chestplate net.minecraft.item.ItemArmor@278de2b2
[15:32:05] [Client thread/TRACE] [FML]:   Registry: 300 minecraft:leather_leggings net.minecraft.item.ItemArmor@1fc1c7e
[15:32:05] [Client thread/TRACE] [FML]:   Registry: 301 minecraft:leather_boots net.minecraft.item.ItemArmor@75cacb3e
[15:32:05] [Client thread/TRACE] [FML]:   Registry: 302 minecraft:chainmail_helmet net.minecraft.item.ItemArmor@61957d9c
[15:32:05] [Client thread/TRACE] [FML]:   Registry: 303 minecraft:chainmail_chestplate net.minecraft.item.ItemArmor@29c59b6e
[15:32:05] [Client thread/TRACE] [FML]:   Registry: 304 minecraft:chainmail_leggings net.minecraft.item.ItemArmor@483b7dc4
[15:32:05] [Client thread/TRACE] [FML]:   Registry: 305 minecraft:chainmail_boots net.minecraft.item.ItemArmor@6b8bdcc6
[15:32:05] [Client thread/TRACE] [FML]:   Registry: 306 minecraft:iron_helmet net.minecraft.item.ItemArmor@213835b6
[15:32:05] [Client thread/TRACE] [FML]:   Registry: 307 minecraft:iron_chestplate net.minecraft.item.ItemArmor@24a3d414
[15:32:05] [Client thread/TRACE] [FML]:   Registry: 308 minecraft:iron_leggings net.minecraft.item.ItemArmor@37e55819
[15:32:05] [Client thread/TRACE] [FML]:   Registry: 309 minecraft:iron_boots net.minecraft.item.ItemArmor@2bdcfcf
[15:32:05] [Client thread/TRACE] [FML]:   Registry: 310 minecraft:diamond_helmet net.minecraft.item.ItemArmor@6248cfab
[15:32:05] [Client thread/TRACE] [FML]:   Registry: 311 minecraft:diamond_chestplate net.minecraft.item.ItemArmor@5871a482
[15:32:05] [Client thread/TRACE] [FML]:   Registry: 312 minecraft:diamond_leggings net.minecraft.item.ItemArmor@45c90a05
[15:32:05] [Client thread/TRACE] [FML]:   Registry: 313 minecraft:diamond_boots net.minecraft.item.ItemArmor@296676c4
[15:32:05] [Client thread/TRACE] [FML]:   Registry: 314 minecraft:golden_helmet net.minecraft.item.ItemArmor@df7d1d4
[15:32:05] [Client thread/TRACE] [FML]:   Registry: 315 minecraft:golden_chestplate net.minecraft.item.ItemArmor@58f7215c
[15:32:05] [Client thread/TRACE] [FML]:   Registry: 316 minecraft:golden_leggings net.minecraft.item.ItemArmor@55638165
[15:32:05] [Client thread/TRACE] [FML]:   Registry: 317 minecraft:golden_boots net.minecraft.item.ItemArmor@4fa91d5b
[15:32:05] [Client thread/TRACE] [FML]:   Registry: 318 minecraft:flint net.minecraft.item.Item@7ce30c0b
[15:32:05] [Client thread/TRACE] [FML]:   Registry: 319 minecraft:porkchop net.minecraft.item.ItemFood@1d7f2f0a
[15:32:05] [Client thread/TRACE] [FML]:   Registry: 320 minecraft:cooked_porkchop net.minecraft.item.ItemFood@54defd69
[15:32:05] [Client thread/TRACE] [FML]:   Registry: 321 minecraft:painting net.minecraft.item.ItemHangingEntity@e97f115
[15:32:05] [Client thread/TRACE] [FML]:   Registry: 322 minecraft:golden_apple net.minecraft.item.ItemAppleGold@156324b
[15:32:05] [Client thread/TRACE] [FML]:   Registry: 323 minecraft:sign net.minecraft.item.ItemSign@6fced25c
[15:32:05] [Client thread/TRACE] [FML]:   Registry: 324 minecraft:wooden_door net.minecraft.item.ItemDoor@2a425cf5
[15:32:05] [Client thread/TRACE] [FML]:   Registry: 325 minecraft:bucket net.minecraft.item.ItemBucket@31693a86
[15:32:05] [Client thread/TRACE] [FML]:   Registry: 326 minecraft:water_bucket net.minecraft.item.ItemBucket@69d2e517
[15:32:05] [Client thread/TRACE] [FML]:   Registry: 327 minecraft:lava_bucket net.minecraft.item.ItemBucket@1f9a7684
[15:32:05] [Client thread/TRACE] [FML]:   Registry: 328 minecraft:minecart net.minecraft.item.ItemMinecart@2aac8ad7
[15:32:05] [Client thread/TRACE] [FML]:   Registry: 329 minecraft:saddle net.minecraft.item.ItemSaddle@7e31d53b
[15:32:05] [Client thread/TRACE] [FML]:   Registry: 330 minecraft:iron_door net.minecraft.item.ItemDoor@68d8eb4f
[15:32:05] [Client thread/TRACE] [FML]:   Registry: 331 minecraft:redstone net.minecraft.item.ItemRedstone@105dc04d
[15:32:05] [Client thread/TRACE] [FML]:   Registry: 332 minecraft:snowball net.minecraft.item.ItemSnowball@347123dc
[15:32:05] [Client thread/TRACE] [FML]:   Registry: 333 minecraft:boat net.minecraft.item.ItemBoat@10745a02
[15:32:05] [Client thread/TRACE] [FML]:   Registry: 334 minecraft:leather net.minecraft.item.Item@3e2d8623
[15:32:05] [Client thread/TRACE] [FML]:   Registry: 335 minecraft:milk_bucket net.minecraft.item.ItemBucketMilk@70d5d96b
[15:32:05] [Client thread/TRACE] [FML]:   Registry: 336 minecraft:brick net.minecraft.item.Item@23469199
[15:32:05] [Client thread/TRACE] [FML]:   Registry: 337 minecraft:clay_ball net.minecraft.item.Item@75dc1c1c
[15:32:05] [Client thread/TRACE] [FML]:   Registry: 338 minecraft:reeds net.minecraft.item.ItemBlockSpecial@5611bba
[15:32:05] [Client thread/TRACE] [FML]:   Registry: 339 minecraft:paper net.minecraft.item.Item@5ba184fc
[15:32:05] [Client thread/TRACE] [FML]:   Registry: 340 minecraft:book net.minecraft.item.ItemBook@2f07930a
[15:32:05] [Client thread/TRACE] [FML]:   Registry: 341 minecraft:slime_ball net.minecraft.item.Item@580c17a0
[15:32:05] [Client thread/TRACE] [FML]:   Registry: 342 minecraft:chest_minecart net.minecraft.item.ItemMinecart@29d2fa84
[15:32:05] [Client thread/TRACE] [FML]:   Registry: 343 minecraft:furnace_minecart net.minecraft.item.ItemMinecart@4540c7
[15:32:05] [Client thread/TRACE] [FML]:   Registry: 344 minecraft:egg net.minecraft.item.ItemEgg@29892a77
[15:32:05] [Client thread/TRACE] [FML]:   Registry: 345 minecraft:compass net.minecraft.item.ItemCompass@283baa39
[15:32:05] [Client thread/TRACE] [FML]:   Registry: 346 minecraft:fishing_rod net.minecraft.item.ItemFishingRod@2729bb71
[15:32:05] [Client thread/TRACE] [FML]:   Registry: 347 minecraft:clock net.minecraft.item.ItemClock@2f471037
[15:32:05] [Client thread/TRACE] [FML]:   Registry: 348 minecraft:glowstone_dust net.minecraft.item.Item@1d1cfe4
[15:32:05] [Client thread/TRACE] [FML]:   Registry: 349 minecraft:fish net.minecraft.item.ItemFishFood@6233c6c2
[15:32:05] [Client thread/TRACE] [FML]:   Registry: 350 minecraft:cooked_fish net.minecraft.item.ItemFishFood@312a738d
[15:32:05] [Client thread/TRACE] [FML]:   Registry: 351 minecraft:dye net.minecraft.item.ItemDye@14656be5
[15:32:05] [Client thread/TRACE] [FML]:   Registry: 352 minecraft:bone net.minecraft.item.Item@20be890d
[15:32:05] [Client thread/TRACE] [FML]:   Registry: 353 minecraft:sugar net.minecraft.item.Item@5db9f51f
[15:32:05] [Client thread/TRACE] [FML]:   Registry: 354 minecraft:cake net.minecraft.item.ItemBlockSpecial@534762ed
[15:32:05] [Client thread/TRACE] [FML]:   Registry: 355 minecraft:bed net.minecraft.item.ItemBed@3eec8583
[15:32:05] [Client thread/TRACE] [FML]:   Registry: 356 minecraft:repeater net.minecraft.item.ItemBlockSpecial@66e1b2a
[15:32:05] [Client thread/TRACE] [FML]:   Registry: 357 minecraft:cookie net.minecraft.item.ItemFood@343db2f6
[15:32:05] [Client thread/TRACE] [FML]:   Registry: 358 minecraft:filled_map net.minecraft.item.ItemMap@11bdab37
[15:32:05] [Client thread/TRACE] [FML]:   Registry: 359 minecraft:shears net.minecraft.item.ItemShears@553ce348
[15:32:05] [Client thread/TRACE] [FML]:   Registry: 360 minecraft:melon net.minecraft.item.ItemFood@7417ef4f
[15:32:05] [Client thread/TRACE] [FML]:   Registry: 361 minecraft:pumpkin_seeds net.minecraft.item.ItemSeeds@5c0e2ec
[15:32:05] [Client thread/TRACE] [FML]:   Registry: 362 minecraft:melon_seeds net.minecraft.item.ItemSeeds@4fa8bebb
[15:32:05] [Client thread/TRACE] [FML]:   Registry: 363 minecraft:beef net.minecraft.item.ItemFood@7d3c22a5
[15:32:05] [Client thread/TRACE] [FML]:   Registry: 364 minecraft:cooked_beef net.minecraft.item.ItemFood@369ad7da
[15:32:05] [Client thread/TRACE] [FML]:   Registry: 365 minecraft:chicken net.minecraft.item.ItemFood@3feebf9c
[15:32:05] [Client thread/TRACE] [FML]:   Registry: 366 minecraft:cooked_chicken net.minecraft.item.ItemFood@305e95a4
[15:32:05] [Client thread/TRACE] [FML]:   Registry: 367 minecraft:rotten_flesh net.minecraft.item.ItemFood@55e42684
[15:32:05] [Client thread/TRACE] [FML]:   Registry: 368 minecraft:ender_pearl net.minecraft.item.ItemEnderPearl@38ef1a0a
[15:32:05] [Client thread/TRACE] [FML]:   Registry: 369 minecraft:blaze_rod net.minecraft.item.Item@56f9de3b
[15:32:05] [Client thread/TRACE] [FML]:   Registry: 370 minecraft:ghast_tear net.minecraft.item.Item@6728370a
[15:32:05] [Client thread/TRACE] [FML]:   Registry: 371 minecraft:gold_nugget net.minecraft.item.Item@2b5f8e61
[15:32:05] [Client thread/TRACE] [FML]:   Registry: 372 minecraft:nether_wart net.minecraft.item.ItemSeeds@6ba0ee4a
[15:32:05] [Client thread/TRACE] [FML]:   Registry: 373 minecraft:potion net.minecraft.item.ItemPotion@55061418
[15:32:05] [Client thread/TRACE] [FML]:   Registry: 374 minecraft:glass_bottle net.minecraft.item.ItemGlassBottle@101c15ad
[15:32:05] [Client thread/TRACE] [FML]:   Registry: 375 minecraft:spider_eye net.minecraft.item.ItemFood@6068ebb2
[15:32:05] [Client thread/TRACE] [FML]:   Registry: 376 minecraft:fermented_spider_eye net.minecraft.item.Item@5a466dd
[15:32:05] [Client thread/TRACE] [FML]:   Registry: 377 minecraft:blaze_powder net.minecraft.item.Item@1ed9d173
[15:32:05] [Client thread/TRACE] [FML]:   Registry: 378 minecraft:magma_cream net.minecraft.item.Item@6e981e78
[15:32:05] [Client thread/TRACE] [FML]:   Registry: 379 minecraft:brewing_stand net.minecraft.item.ItemBlockSpecial@498a4d62
[15:32:05] [Client thread/TRACE] [FML]:   Registry: 380 minecraft:cauldron net.minecraft.item.ItemBlockSpecial@6fbe4800
[15:32:05] [Client thread/TRACE] [FML]:   Registry: 381 minecraft:ender_eye net.minecraft.item.ItemEnderEye@146f3d22
[15:32:05] [Client thread/TRACE] [FML]:   Registry: 382 minecraft:speckled_melon net.minecraft.item.Item@66b6873f
[15:32:05] [Client thread/TRACE] [FML]:   Registry: 383 minecraft:spawn_egg net.minecraft.item.ItemMonsterPlacer@60f9dc7e
[15:32:05] [Client thread/TRACE] [FML]:   Registry: 384 minecraft:experience_bottle net.minecraft.item.ItemExpBottle@14590fe2
[15:32:05] [Client thread/TRACE] [FML]:   Registry: 385 minecraft:fire_charge net.minecraft.item.ItemFireball@632d4cf2
[15:32:05] [Client thread/TRACE] [FML]:   Registry: 386 minecraft:writable_book net.minecraft.item.ItemWritableBook@2807cf3
[15:32:05] [Client thread/TRACE] [FML]:   Registry: 387 minecraft:written_book net.minecraft.item.ItemWrittenBook@645ba24a
[15:32:05] [Client thread/TRACE] [FML]:   Registry: 388 minecraft:emerald net.minecraft.item.Item@5f6a8efe
[15:32:05] [Client thread/TRACE] [FML]:   Registry: 389 minecraft:item_frame net.minecraft.item.ItemHangingEntity@3dd2b9c1
[15:32:05] [Client thread/TRACE] [FML]:   Registry: 390 minecraft:flower_pot net.minecraft.item.ItemBlockSpecial@6a1d1467
[15:32:05] [Client thread/TRACE] [FML]:   Registry: 391 minecraft:carrot net.minecraft.item.ItemSeedFood@4cb4c4cc
[15:32:05] [Client thread/TRACE] [FML]:   Registry: 392 minecraft:potato net.minecraft.item.ItemSeedFood@4a122e68
[15:32:05] [Client thread/TRACE] [FML]:   Registry: 393 minecraft:baked_potato net.minecraft.item.ItemFood@41be8db9
[15:32:05] [Client thread/TRACE] [FML]:   Registry: 394 minecraft:poisonous_potato net.minecraft.item.ItemFood@2c2a7d53
[15:32:05] [Client thread/TRACE] [FML]:   Registry: 395 minecraft:map net.minecraft.item.ItemEmptyMap@3c27f72
[15:32:05] [Client thread/TRACE] [FML]:   Registry: 396 minecraft:golden_carrot net.minecraft.item.ItemFood@5cbe95b1
[15:32:05] [Client thread/TRACE] [FML]:   Registry: 397 minecraft:skull net.minecraft.item.ItemSkull@1dca62c2
[15:32:05] [Client thread/TRACE] [FML]:   Registry: 398 minecraft:carrot_on_a_stick net.minecraft.item.ItemCarrotOnAStick@15f519f7
[15:32:05] [Client thread/TRACE] [FML]:   Registry: 399 minecraft:nether_star net.minecraft.item.ItemSimpleFoiled@7d537616
[15:32:05] [Client thread/TRACE] [FML]:   Registry: 400 minecraft:pumpkin_pie net.minecraft.item.ItemFood@604c7e9b
[15:32:05] [Client thread/TRACE] [FML]:   Registry: 401 minecraft:fireworks net.minecraft.item.ItemFirework@399f5daf
[15:32:05] [Client thread/TRACE] [FML]:   Registry: 402 minecraft:firework_charge net.minecraft.item.ItemFireworkCharge@118fbaf0
[15:32:05] [Client thread/TRACE] [FML]:   Registry: 403 minecraft:enchanted_book net.minecraft.item.ItemEnchantedBook@5e541ef9
[15:32:05] [Client thread/TRACE] [FML]:   Registry: 404 minecraft:comparator net.minecraft.item.ItemBlockSpecial@38054d01
[15:32:05] [Client thread/TRACE] [FML]:   Registry: 405 minecraft:netherbrick net.minecraft.item.Item@28ce75ec
[15:32:05] [Client thread/TRACE] [FML]:   Registry: 406 minecraft:quartz net.minecraft.item.Item@778113f2
[15:32:05] [Client thread/TRACE] [FML]:   Registry: 407 minecraft:tnt_minecart net.minecraft.item.ItemMinecart@9dc782d
[15:32:05] [Client thread/TRACE] [FML]:   Registry: 408 minecraft:hopper_minecart net.minecraft.item.ItemMinecart@1ba35152
[15:32:05] [Client thread/TRACE] [FML]:   Registry: 409 minecraft:prismarine_shard net.minecraft.item.Item@401926df
[15:32:05] [Client thread/TRACE] [FML]:   Registry: 410 minecraft:prismarine_crystals net.minecraft.item.Item@3ff8a3ad
[15:32:05] [Client thread/TRACE] [FML]:   Registry: 411 minecraft:rabbit net.minecraft.item.ItemFood@550fa96f
[15:32:05] [Client thread/TRACE] [FML]:   Registry: 412 minecraft:cooked_rabbit net.minecraft.item.ItemFood@54275b5d
[15:32:05] [Client thread/TRACE] [FML]:   Registry: 413 minecraft:rabbit_stew net.minecraft.item.ItemSoup@5d01b0d8
[15:32:05] [Client thread/TRACE] [FML]:   Registry: 414 minecraft:rabbit_foot net.minecraft.item.Item@271e851e
[15:32:05] [Client thread/TRACE] [FML]:   Registry: 415 minecraft:rabbit_hide net.minecraft.item.Item@ff21443
[15:32:05] [Client thread/TRACE] [FML]:   Registry: 416 minecraft:armor_stand net.minecraft.item.ItemArmorStand@7752c0e7
[15:32:05] [Client thread/TRACE] [FML]:   Registry: 417 minecraft:iron_horse_armor net.minecraft.item.Item@77ba583
[15:32:05] [Client thread/TRACE] [FML]:   Registry: 418 minecraft:golden_horse_armor net.minecraft.item.Item@5613247e
[15:32:05] [Client thread/TRACE] [FML]:   Registry: 419 minecraft:diamond_horse_armor net.minecraft.item.Item@6851b296
[15:32:05] [Client thread/TRACE] [FML]:   Registry: 420 minecraft:lead net.minecraft.item.ItemLead@2fb48970
[15:32:05] [Client thread/TRACE] [FML]:   Registry: 421 minecraft:name_tag net.minecraft.item.ItemNameTag@ff5d4f1
[15:32:05] [Client thread/TRACE] [FML]:   Registry: 422 minecraft:command_block_minecart net.minecraft.item.ItemMinecart@194224ca
[15:32:05] [Client thread/TRACE] [FML]:   Registry: 423 minecraft:mutton net.minecraft.item.ItemFood@254e9709
[15:32:05] [Client thread/TRACE] [FML]:   Registry: 424 minecraft:cooked_mutton net.minecraft.item.ItemFood@350f18a6
[15:32:05] [Client thread/TRACE] [FML]:   Registry: 425 minecraft:banner net.minecraft.item.ItemBanner@74bdfa0b
[15:32:05] [Client thread/TRACE] [FML]:   Registry: 426 minecraft:end_crystal net.minecraft.item.ItemEndCrystal@44492c06
[15:32:05] [Client thread/TRACE] [FML]:   Registry: 427 minecraft:spruce_door net.minecraft.item.ItemDoor@5c4714ef
[15:32:05] [Client thread/TRACE] [FML]:   Registry: 428 minecraft:birch_door net.minecraft.item.ItemDoor@c94bd18
[15:32:05] [Client thread/TRACE] [FML]:   Registry: 429 minecraft:jungle_door net.minecraft.item.ItemDoor@71fb8301
[15:32:05] [Client thread/TRACE] [FML]:   Registry: 430 minecraft:acacia_door net.minecraft.item.ItemDoor@7cdfa824
[15:32:05] [Client thread/TRACE] [FML]:   Registry: 431 minecraft:dark_oak_door net.minecraft.item.ItemDoor@18db3b3c
[15:32:05] [Client thread/TRACE] [FML]:   Registry: 432 minecraft:chorus_fruit net.minecraft.item.ItemChorusFruit@1c18ee69
[15:32:05] [Client thread/TRACE] [FML]:   Registry: 433 minecraft:chorus_fruit_popped net.minecraft.item.Item@2f99d8c
[15:32:05] [Client thread/TRACE] [FML]:   Registry: 434 minecraft:beetroot net.minecraft.item.ItemFood@65d7eea4
[15:32:05] [Client thread/TRACE] [FML]:   Registry: 435 minecraft:beetroot_seeds net.minecraft.item.ItemSeeds@5d37aa0f
[15:32:05] [Client thread/TRACE] [FML]:   Registry: 436 minecraft:beetroot_soup net.minecraft.item.ItemSoup@6076c66
[15:32:05] [Client thread/TRACE] [FML]:   Registry: 437 minecraft:dragon_breath net.minecraft.item.Item@485c84d7
[15:32:05] [Client thread/TRACE] [FML]:   Registry: 438 minecraft:splash_potion net.minecraft.item.ItemSplashPotion@20faaf77
[15:32:05] [Client thread/TRACE] [FML]:   Registry: 439 minecraft:spectral_arrow net.minecraft.item.ItemSpectralArrow@5b7ee56c
[15:32:05] [Client thread/TRACE] [FML]:   Registry: 440 minecraft:tipped_arrow net.minecraft.item.ItemTippedArrow@6c70b7c3
[15:32:05] [Client thread/TRACE] [FML]:   Registry: 441 minecraft:lingering_potion net.minecraft.item.ItemLingeringPotion@f48a080
[15:32:05] [Client thread/TRACE] [FML]:   Registry: 442 minecraft:shield net.minecraft.item.ItemShield@359e27d2
[15:32:05] [Client thread/TRACE] [FML]:   Registry: 443 minecraft:elytra net.minecraft.item.ItemElytra@20890a1a
[15:32:05] [Client thread/TRACE] [FML]:   Registry: 444 minecraft:spruce_boat net.minecraft.item.ItemBoat@70a24f9
[15:32:05] [Client thread/TRACE] [FML]:   Registry: 445 minecraft:birch_boat net.minecraft.item.ItemBoat@78bad03b
[15:32:05] [Client thread/TRACE] [FML]:   Registry: 446 minecraft:jungle_boat net.minecraft.item.ItemBoat@26101efc
[15:32:05] [Client thread/TRACE] [FML]:   Registry: 447 minecraft:acacia_boat net.minecraft.item.ItemBoat@4e2109fe
[15:32:05] [Client thread/TRACE] [FML]:   Registry: 448 minecraft:dark_oak_boat net.minecraft.item.ItemBoat@18dac12f
[15:32:05] [Client thread/TRACE] [FML]:   Registry: 449 minecraft:totem_of_undying net.minecraft.item.Item@36cfe107
[15:32:05] [Client thread/TRACE] [FML]:   Registry: 450 minecraft:shulker_shell net.minecraft.item.Item@100eeedc
[15:32:05] [Client thread/TRACE] [FML]:   Registry: 452 minecraft:iron_nugget net.minecraft.item.Item@56266bda
[15:32:05] [Client thread/TRACE] [FML]:   Registry: 453 minecraft:knowledge_book net.minecraft.item.ItemKnowledgeBook@139089a4
[15:32:05] [Client thread/TRACE] [FML]:   Registry: 2256 minecraft:record_13 net.minecraft.item.ItemRecord@687b0ddc
[15:32:05] [Client thread/TRACE] [FML]:   Registry: 2257 minecraft:record_cat net.minecraft.item.ItemRecord@42b4df5a
[15:32:05] [Client thread/TRACE] [FML]:   Registry: 2258 minecraft:record_blocks net.minecraft.item.ItemRecord@9f1ca74
[15:32:05] [Client thread/TRACE] [FML]:   Registry: 2259 minecraft:record_chirp net.minecraft.item.ItemRecord@67b8d45
[15:32:05] [Client thread/TRACE] [FML]:   Registry: 2260 minecraft:record_far net.minecraft.item.ItemRecord@365e65bb
[15:32:05] [Client thread/TRACE] [FML]:   Registry: 2261 minecraft:record_mall net.minecraft.item.ItemRecord@52f43225
[15:32:05] [Client thread/TRACE] [FML]:   Registry: 2262 minecraft:record_mellohi net.minecraft.item.ItemRecord@55d1f065
[15:32:05] [Client thread/TRACE] [FML]:   Registry: 2263 minecraft:record_stal net.minecraft.item.ItemRecord@f9a5e3f
[15:32:05] [Client thread/TRACE] [FML]:   Registry: 2264 minecraft:record_strad net.minecraft.item.ItemRecord@4aac81ca
[15:32:05] [Client thread/TRACE] [FML]:   Registry: 2265 minecraft:record_ward net.minecraft.item.ItemRecord@393ae7a0
[15:32:05] [Client thread/TRACE] [FML]:   Registry: 2266 minecraft:record_11 net.minecraft.item.ItemRecord@63326a3a
[15:32:05] [Client thread/TRACE] [FML]:   Registry: 2267 minecraft:record_wait net.minecraft.item.ItemRecord@3e04abc5
[15:32:05] [Client thread/TRACE] [FML]: Registry Name : minecraft:potions
[15:32:05] [Client thread/TRACE] [FML]:   Registry: 1 minecraft:speed net.minecraft.potion.Potion@704d3b00
[15:32:05] [Client thread/TRACE] [FML]:   Registry: 2 minecraft:slowness net.minecraft.potion.Potion@21e484b
[15:32:05] [Client thread/TRACE] [FML]:   Registry: 3 minecraft:haste net.minecraft.potion.Potion@191f4d65
[15:32:05] [Client thread/TRACE] [FML]:   Registry: 4 minecraft:mining_fatigue net.minecraft.potion.Potion@7a2a7492
[15:32:05] [Client thread/TRACE] [FML]:   Registry: 5 minecraft:strength net.minecraft.potion.PotionAttackDamage@ce655b9
[15:32:05] [Client thread/TRACE] [FML]:   Registry: 6 minecraft:instant_health net.minecraft.potion.PotionHealth@3e8b8f0
[15:32:05] [Client thread/TRACE] [FML]:   Registry: 7 minecraft:instant_damage net.minecraft.potion.PotionHealth@5ad57e90
[15:32:05] [Client thread/TRACE] [FML]:   Registry: 8 minecraft:jump_boost net.minecraft.potion.Potion@1a345298
[15:32:05] [Client thread/TRACE] [FML]:   Registry: 9 minecraft:nausea net.minecraft.potion.Potion@4ad896f7
[15:32:05] [Client thread/TRACE] [FML]:   Registry: 10 minecraft:regeneration net.minecraft.potion.Potion@c318864
[15:32:05] [Client thread/TRACE] [FML]:   Registry: 11 minecraft:resistance net.minecraft.potion.Potion@7d61468c
[15:32:05] [Client thread/TRACE] [FML]:   Registry: 12 minecraft:fire_resistance net.minecraft.potion.Potion@45796b2a
[15:32:05] [Client thread/TRACE] [FML]:   Registry: 13 minecraft:water_breathing net.minecraft.potion.Potion@4b98225c
[15:32:05] [Client thread/TRACE] [FML]:   Registry: 14 minecraft:invisibility net.minecraft.potion.Potion@4beae1e3
[15:32:05] [Client thread/TRACE] [FML]:   Registry: 15 minecraft:blindness net.minecraft.potion.Potion@3c488b34
[15:32:05] [Client thread/TRACE] [FML]:   Registry: 16 minecraft:night_vision net.minecraft.potion.Potion@32e697ac
[15:32:05] [Client thread/TRACE] [FML]:   Registry: 17 minecraft:hunger net.minecraft.potion.Potion@3866c96e
[15:32:05] [Client thread/TRACE] [FML]:   Registry: 18 minecraft:weakness net.minecraft.potion.PotionAttackDamage@241fc278
[15:32:05] [Client thread/TRACE] [FML]:   Registry: 19 minecraft:poison net.minecraft.potion.Potion@5c76fce4
[15:32:05] [Client thread/TRACE] [FML]:   Registry: 20 minecraft:wither net.minecraft.potion.Potion@5aab5b31
[15:32:05] [Client thread/TRACE] [FML]:   Registry: 21 minecraft:health_boost net.minecraft.potion.PotionHealthBoost@77e9dca8
[15:32:05] [Client thread/TRACE] [FML]:   Registry: 22 minecraft:absorption net.minecraft.potion.PotionAbsorption@44abdb1f
[15:32:05] [Client thread/TRACE] [FML]:   Registry: 23 minecraft:saturation net.minecraft.potion.PotionHealth@62108cd3
[15:32:05] [Client thread/TRACE] [FML]:   Registry: 24 minecraft:glowing net.minecraft.potion.Potion@7cd1ec54
[15:32:05] [Client thread/TRACE] [FML]:   Registry: 25 minecraft:levitation net.minecraft.potion.Potion@77ab5214
[15:32:05] [Client thread/TRACE] [FML]:   Registry: 26 minecraft:luck net.minecraft.potion.Potion@6d420cdd
[15:32:05] [Client thread/TRACE] [FML]:   Registry: 27 minecraft:unluck net.minecraft.potion.Potion@bd273b2
[15:32:05] [Client thread/TRACE] [FML]: Registry Name : minecraft:biomes
[15:32:05] [Client thread/TRACE] [FML]:   Registry: 0 minecraft:ocean net.minecraft.world.biome.BiomeOcean@c82ad22
[15:32:05] [Client thread/TRACE] [FML]:   Registry: 1 minecraft:plains net.minecraft.world.biome.BiomePlains@2d3b0978
[15:32:05] [Client thread/TRACE] [FML]:   Registry: 2 minecraft:desert net.minecraft.world.biome.BiomeDesert@1cb44a2f
[15:32:05] [Client thread/TRACE] [FML]:   Registry: 3 minecraft:extreme_hills net.minecraft.world.biome.BiomeHills@4f552aa2
[15:32:05] [Client thread/TRACE] [FML]:   Registry: 4 minecraft:forest net.minecraft.world.biome.BiomeForest@7b4619a3
[15:32:05] [Client thread/TRACE] [FML]:   Registry: 5 minecraft:taiga net.minecraft.world.biome.BiomeTaiga@41bd6a0f
[15:32:05] [Client thread/TRACE] [FML]:   Registry: 6 minecraft:swampland net.minecraft.world.biome.BiomeSwamp@6acb45c1
[15:32:05] [Client thread/TRACE] [FML]:   Registry: 7 minecraft:river net.minecraft.world.biome.BiomeRiver@30bbe83
[15:32:05] [Client thread/TRACE] [FML]:   Registry: 8 minecraft:hell net.minecraft.world.biome.BiomeHell@2c0fefac
[15:32:05] [Client thread/TRACE] [FML]:   Registry: 9 minecraft:sky net.minecraft.world.biome.BiomeEnd@1b632442
[15:32:05] [Client thread/TRACE] [FML]:   Registry: 10 minecraft:frozen_ocean net.minecraft.world.biome.BiomeOcean@7227926b
[15:32:05] [Client thread/TRACE] [FML]:   Registry: 11 minecraft:frozen_river net.minecraft.world.biome.BiomeRiver@2f75a9b1
[15:32:05] [Client thread/TRACE] [FML]:   Registry: 12 minecraft:ice_flats net.minecraft.world.biome.BiomeSnow@50f05307
[15:32:05] [Client thread/TRACE] [FML]:   Registry: 13 minecraft:ice_mountains net.minecraft.world.biome.BiomeSnow@9cc0505
[15:32:05] [Client thread/TRACE] [FML]:   Registry: 14 minecraft:mushroom_island net.minecraft.world.biome.BiomeMushroomIsland@8ee03f5
[15:32:05] [Client thread/TRACE] [FML]:   Registry: 15 minecraft:mushroom_island_shore net.minecraft.world.biome.BiomeMushroomIsland@5ad40184
[15:32:05] [Client thread/TRACE] [FML]:   Registry: 16 minecraft:beaches net.minecraft.world.biome.BiomeBeach@3d3b272a
[15:32:05] [Client thread/TRACE] [FML]:   Registry: 17 minecraft:desert_hills net.minecraft.world.biome.BiomeDesert@45b27ad3
[15:32:05] [Client thread/TRACE] [FML]:   Registry: 18 minecraft:forest_hills net.minecraft.world.biome.BiomeForest@3f908bc0
[15:32:05] [Client thread/TRACE] [FML]:   Registry: 19 minecraft:taiga_hills net.minecraft.world.biome.BiomeTaiga@422ba9b7
[15:32:05] [Client thread/TRACE] [FML]:   Registry: 20 minecraft:smaller_extreme_hills net.minecraft.world.biome.BiomeHills@26cdd4af
[15:32:05] [Client thread/TRACE] [FML]:   Registry: 21 minecraft:jungle net.minecraft.world.biome.BiomeJungle@16949dfa
[15:32:05] [Client thread/TRACE] [FML]:   Registry: 22 minecraft:jungle_hills net.minecraft.world.biome.BiomeJungle@d6d683e
[15:32:05] [Client thread/TRACE] [FML]:   Registry: 23 minecraft:jungle_edge net.minecraft.world.biome.BiomeJungle@42cfd794
[15:32:05] [Client thread/TRACE] [FML]:   Registry: 24 minecraft:deep_ocean net.minecraft.world.biome.BiomeOcean@43778371
[15:32:05] [Client thread/TRACE] [FML]:   Registry: 25 minecraft:stone_beach net.minecraft.world.biome.BiomeStoneBeach@17f41739
[15:32:05] [Client thread/TRACE] [FML]:   Registry: 26 minecraft:cold_beach net.minecraft.world.biome.BiomeBeach@2b3b1124
[15:32:05] [Client thread/TRACE] [FML]:   Registry: 27 minecraft:birch_forest net.minecraft.world.biome.BiomeForest@54286339
[15:32:05] [Client thread/TRACE] [FML]:   Registry: 28 minecraft:birch_forest_hills net.minecraft.world.biome.BiomeForest@507f47f9
[15:32:05] [Client thread/TRACE] [FML]:   Registry: 29 minecraft:roofed_forest net.minecraft.world.biome.BiomeForest@6785df10
[15:32:05] [Client thread/TRACE] [FML]:   Registry: 30 minecraft:taiga_cold net.minecraft.world.biome.BiomeTaiga@144440f5
[15:32:05] [Client thread/TRACE] [FML]:   Registry: 31 minecraft:taiga_cold_hills net.minecraft.world.biome.BiomeTaiga@3e2c8ef
[15:32:05] [Client thread/TRACE] [FML]:   Registry: 32 minecraft:redwood_taiga net.minecraft.world.biome.BiomeTaiga@290807e5
[15:32:05] [Client thread/TRACE] [FML]:   Registry: 33 minecraft:redwood_taiga_hills net.minecraft.world.biome.BiomeTaiga@60bc308b
[15:32:05] [Client thread/TRACE] [FML]:   Registry: 34 minecraft:extreme_hills_with_trees net.minecraft.world.biome.BiomeHills@56499781
[15:32:05] [Client thread/TRACE] [FML]:   Registry: 35 minecraft:savanna net.minecraft.world.biome.BiomeSavanna@2a2798a2
[15:32:05] [Client thread/TRACE] [FML]:   Registry: 36 minecraft:savanna_rock net.minecraft.world.biome.BiomeSavanna@2b9ecd05
[15:32:05] [Client thread/TRACE] [FML]:   Registry: 37 minecraft:mesa net.minecraft.world.biome.BiomeMesa@4946485c
[15:32:05] [Client thread/TRACE] [FML]:   Registry: 38 minecraft:mesa_rock net.minecraft.world.biome.BiomeMesa@4ae958b0
[15:32:05] [Client thread/TRACE] [FML]:   Registry: 39 minecraft:mesa_clear_rock net.minecraft.world.biome.BiomeMesa@7c682e26
[15:32:05] [Client thread/TRACE] [FML]:   Registry: 127 minecraft:void net.minecraft.world.biome.BiomeVoid@459e120b
[15:32:05] [Client thread/TRACE] [FML]:   Registry: 129 minecraft:mutated_plains net.minecraft.world.biome.BiomePlains@fd69983
[15:32:05] [Client thread/TRACE] [FML]:   Registry: 130 minecraft:mutated_desert net.minecraft.world.biome.BiomeDesert@22429a11
[15:32:05] [Client thread/TRACE] [FML]:   Registry: 131 minecraft:mutated_extreme_hills net.minecraft.world.biome.BiomeHills@126254ec
[15:32:05] [Client thread/TRACE] [FML]:   Registry: 132 minecraft:mutated_forest net.minecraft.world.biome.BiomeForest@275902e1
[15:32:05] [Client thread/TRACE] [FML]:   Registry: 133 minecraft:mutated_taiga net.minecraft.world.biome.BiomeTaiga@1c788d08
[15:32:05] [Client thread/TRACE] [FML]:   Registry: 134 minecraft:mutated_swampland net.minecraft.world.biome.BiomeSwamp@2adc1e84
[15:32:05] [Client thread/TRACE] [FML]:   Registry: 140 minecraft:mutated_ice_flats net.minecraft.world.biome.BiomeSnow@2a99fa07
[15:32:05] [Client thread/TRACE] [FML]:   Registry: 149 minecraft:mutated_jungle net.minecraft.world.biome.BiomeJungle@45b8bbbf
[15:32:05] [Client thread/TRACE] [FML]:   Registry: 151 minecraft:mutated_jungle_edge net.minecraft.world.biome.BiomeJungle@1df06ecd
[15:32:05] [Client thread/TRACE] [FML]:   Registry: 155 minecraft:mutated_birch_forest net.minecraft.world.biome.BiomeForestMutated@323efafe
[15:32:05] [Client thread/TRACE] [FML]:   Registry: 156 minecraft:mutated_birch_forest_hills net.minecraft.world.biome.BiomeForestMutated@32dbca45
[15:32:05] [Client thread/TRACE] [FML]:   Registry: 157 minecraft:mutated_roofed_forest net.minecraft.world.biome.BiomeForest@2cc34cd5
[15:32:05] [Client thread/TRACE] [FML]:   Registry: 158 minecraft:mutated_taiga_cold net.minecraft.world.biome.BiomeTaiga@684b26b7
[15:32:05] [Client thread/TRACE] [FML]:   Registry: 160 minecraft:mutated_redwood_taiga net.minecraft.world.biome.BiomeTaiga@2de7c84a
[15:32:05] [Client thread/TRACE] [FML]:   Registry: 161 minecraft:mutated_redwood_taiga_hills net.minecraft.world.biome.BiomeTaiga@4182a651
[15:32:05] [Client thread/TRACE] [FML]:   Registry: 162 minecraft:mutated_extreme_hills_with_trees net.minecraft.world.biome.BiomeHills@7791ff50
[15:32:05] [Client thread/TRACE] [FML]:   Registry: 163 minecraft:mutated_savanna net.minecraft.world.biome.BiomeSavannaMutated@55682482
[15:32:05] [Client thread/TRACE] [FML]:   Registry: 164 minecraft:mutated_savanna_rock net.minecraft.world.biome.BiomeSavannaMutated@10cb050
[15:32:05] [Client thread/TRACE] [FML]:   Registry: 165 minecraft:mutated_mesa net.minecraft.world.biome.BiomeMesa@799fb45e
[15:32:05] [Client thread/TRACE] [FML]:   Registry: 166 minecraft:mutated_mesa_rock net.minecraft.world.biome.BiomeMesa@4f7ba0af
[15:32:05] [Client thread/TRACE] [FML]:   Registry: 167 minecraft:mutated_mesa_clear_rock net.minecraft.world.biome.BiomeMesa@5b23c1f6
[15:32:05] [Client thread/TRACE] [FML]: Registry Name : minecraft:soundevents
[15:32:05] [Client thread/TRACE] [FML]:   Registry: 0 minecraft:ambient.cave net.minecraft.util.SoundEvent@704641e3
[15:32:05] [Client thread/TRACE] [FML]:   Registry: 1 minecraft:block.anvil.break net.minecraft.util.SoundEvent@5d7ca698
[15:32:05] [Client thread/TRACE] [FML]:   Registry: 2 minecraft:block.anvil.destroy net.minecraft.util.SoundEvent@75961f16
[15:32:05] [Client thread/TRACE] [FML]:   Registry: 3 minecraft:block.anvil.fall net.minecraft.util.SoundEvent@c6c82aa
[15:32:05] [Client thread/TRACE] [FML]:   Registry: 4 minecraft:block.anvil.hit net.minecraft.util.SoundEvent@2e179f3e
[15:32:05] [Client thread/TRACE] [FML]:   Registry: 5 minecraft:block.anvil.land net.minecraft.util.SoundEvent@16e7b402
[15:32:05] [Client thread/TRACE] [FML]:   Registry: 6 minecraft:block.anvil.place net.minecraft.util.SoundEvent@534c6767
[15:32:05] [Client thread/TRACE] [FML]:   Registry: 7 minecraft:block.anvil.step net.minecraft.util.SoundEvent@3bddc676
[15:32:05] [Client thread/TRACE] [FML]:   Registry: 8 minecraft:block.anvil.use net.minecraft.util.SoundEvent@29a1505c
[15:32:05] [Client thread/TRACE] [FML]:   Registry: 9 minecraft:block.brewing_stand.brew net.minecraft.util.SoundEvent@24db6ce
[15:32:05] [Client thread/TRACE] [FML]:   Registry: 10 minecraft:block.chest.close net.minecraft.util.SoundEvent@320a8ebf
[15:32:05] [Client thread/TRACE] [FML]:   Registry: 11 minecraft:block.chest.locked net.minecraft.util.SoundEvent@67b100fe
[15:32:05] [Client thread/TRACE] [FML]:   Registry: 12 minecraft:block.chest.open net.minecraft.util.SoundEvent@44b18fe4
[15:32:05] [Client thread/TRACE] [FML]:   Registry: 13 minecraft:block.chorus_flower.death net.minecraft.util.SoundEvent@2ba5aa7a
[15:32:05] [Client thread/TRACE] [FML]:   Registry: 14 minecraft:block.chorus_flower.grow net.minecraft.util.SoundEvent@4d3ca6c7
[15:32:05] [Client thread/TRACE] [FML]:   Registry: 15 minecraft:block.cloth.break net.minecraft.util.SoundEvent@22e5f96e
[15:32:05] [Client thread/TRACE] [FML]:   Registry: 16 minecraft:block.cloth.fall net.minecraft.util.SoundEvent@6a638c79
[15:32:05] [Client thread/TRACE] [FML]:   Registry: 17 minecraft:block.cloth.hit net.minecraft.util.SoundEvent@6c931d35
[15:32:05] [Client thread/TRACE] [FML]:   Registry: 18 minecraft:block.cloth.place net.minecraft.util.SoundEvent@44b194fe
[15:32:05] [Client thread/TRACE] [FML]:   Registry: 19 minecraft:block.cloth.step net.minecraft.util.SoundEvent@49122b8f
[15:32:05] [Client thread/TRACE] [FML]:   Registry: 20 minecraft:block.comparator.click net.minecraft.util.SoundEvent@3fe46690
[15:32:05] [Client thread/TRACE] [FML]:   Registry: 21 minecraft:block.dispenser.dispense net.minecraft.util.SoundEvent@4beabeec
[15:32:05] [Client thread/TRACE] [FML]:   Registry: 22 minecraft:block.dispenser.fail net.minecraft.util.SoundEvent@3b4d50b
[15:32:05] [Client thread/TRACE] [FML]:   Registry: 23 minecraft:block.dispenser.launch net.minecraft.util.SoundEvent@5b22d8a1
[15:32:05] [Client thread/TRACE] [FML]:   Registry: 24 minecraft:block.enchantment_table.use net.minecraft.util.SoundEvent@476ee5b3
[15:32:05] [Client thread/TRACE] [FML]:   Registry: 25 minecraft:block.end_gateway.spawn net.minecraft.util.SoundEvent@59ed3e6c
[15:32:05] [Client thread/TRACE] [FML]:   Registry: 26 minecraft:block.end_portal.spawn net.minecraft.util.SoundEvent@7cd4a4d7
[15:32:05] [Client thread/TRACE] [FML]:   Registry: 27 minecraft:block.end_portal_frame.fill net.minecraft.util.SoundEvent@317e9c3c
[15:32:05] [Client thread/TRACE] [FML]:   Registry: 28 minecraft:block.enderchest.close net.minecraft.util.SoundEvent@18da4dd
[15:32:05] [Client thread/TRACE] [FML]:   Registry: 29 minecraft:block.enderchest.open net.minecraft.util.SoundEvent@31a3f4de
[15:32:05] [Client thread/TRACE] [FML]:   Registry: 30 minecraft:block.fence_gate.close net.minecraft.util.SoundEvent@68880c21
[15:32:05] [Client thread/TRACE] [FML]:   Registry: 31 minecraft:block.fence_gate.open net.minecraft.util.SoundEvent@2dd2e270
[15:32:05] [Client thread/TRACE] [FML]:   Registry: 32 minecraft:block.fire.ambient net.minecraft.util.SoundEvent@4195105b
[15:32:05] [Client thread/TRACE] [FML]:   Registry: 33 minecraft:block.fire.extinguish net.minecraft.util.SoundEvent@6f3e19b3
[15:32:05] [Client thread/TRACE] [FML]:   Registry: 34 minecraft:block.furnace.fire_crackle net.minecraft.util.SoundEvent@47ffe971
[15:32:05] [Client thread/TRACE] [FML]:   Registry: 35 minecraft:block.glass.break net.minecraft.util.SoundEvent@7d04529c
[15:32:05] [Client thread/TRACE] [FML]:   Registry: 36 minecraft:block.glass.fall net.minecraft.util.SoundEvent@14fa92af
[15:32:05] [Client thread/TRACE] [FML]:   Registry: 37 minecraft:block.glass.hit net.minecraft.util.SoundEvent@b16e202
[15:32:05] [Client thread/TRACE] [FML]:   Registry: 38 minecraft:block.glass.place net.minecraft.util.SoundEvent@339a3670
[15:32:05] [Client thread/TRACE] [FML]:   Registry: 39 minecraft:block.glass.step net.minecraft.util.SoundEvent@6cd5122d
[15:32:05] [Client thread/TRACE] [FML]:   Registry: 40 minecraft:block.grass.break net.minecraft.util.SoundEvent@2c7a8af2
[15:32:05] [Client thread/TRACE] [FML]:   Registry: 41 minecraft:block.grass.fall net.minecraft.util.SoundEvent@10c07b8d
[15:32:05] [Client thread/TRACE] [FML]:   Registry: 42 minecraft:block.grass.hit net.minecraft.util.SoundEvent@720bf653
[15:32:05] [Client thread/TRACE] [FML]:   Registry: 43 minecraft:block.grass.place net.minecraft.util.SoundEvent@360bc645
[15:32:05] [Client thread/TRACE] [FML]:   Registry: 44 minecraft:block.grass.step net.minecraft.util.SoundEvent@4edef76c
[15:32:05] [Client thread/TRACE] [FML]:   Registry: 45 minecraft:block.gravel.break net.minecraft.util.SoundEvent@5d51e129
[15:32:05] [Client thread/TRACE] [FML]:   Registry: 46 minecraft:block.gravel.fall net.minecraft.util.SoundEvent@70c53dbe
[15:32:05] [Client thread/TRACE] [FML]:   Registry: 47 minecraft:block.gravel.hit net.minecraft.util.SoundEvent@1894e40d
[15:32:05] [Client thread/TRACE] [FML]:   Registry: 48 minecraft:block.gravel.place net.minecraft.util.SoundEvent@21c815e4
[15:32:05] [Client thread/TRACE] [FML]:   Registry: 49 minecraft:block.gravel.step net.minecraft.util.SoundEvent@7342e05d
[15:32:05] [Client thread/TRACE] [FML]:   Registry: 50 minecraft:block.iron_door.close net.minecraft.util.SoundEvent@2a331b46
[15:32:05] [Client thread/TRACE] [FML]:   Registry: 51 minecraft:block.iron_door.open net.minecraft.util.SoundEvent@15383681
[15:32:05] [Client thread/TRACE] [FML]:   Registry: 52 minecraft:block.iron_trapdoor.close net.minecraft.util.SoundEvent@743e66f7
[15:32:05] [Client thread/TRACE] [FML]:   Registry: 53 minecraft:block.iron_trapdoor.open net.minecraft.util.SoundEvent@109a2025
[15:32:05] [Client thread/TRACE] [FML]:   Registry: 54 minecraft:block.ladder.break net.minecraft.util.SoundEvent@2241f05b
[15:32:05] [Client thread/TRACE] [FML]:   Registry: 55 minecraft:block.ladder.fall net.minecraft.util.SoundEvent@761956ac
[15:32:05] [Client thread/TRACE] [FML]:   Registry: 56 minecraft:block.ladder.hit net.minecraft.util.SoundEvent@71978f46
[15:32:05] [Client thread/TRACE] [FML]:   Registry: 57 minecraft:block.ladder.place net.minecraft.util.SoundEvent@304d0259
[15:32:05] [Client thread/TRACE] [FML]:   Registry: 58 minecraft:block.ladder.step net.minecraft.util.SoundEvent@1d23ff23
[15:32:05] [Client thread/TRACE] [FML]:   Registry: 59 minecraft:block.lava.ambient net.minecraft.util.SoundEvent@2133661d
[15:32:05] [Client thread/TRACE] [FML]:   Registry: 60 minecraft:block.lava.extinguish net.minecraft.util.SoundEvent@6c9320c2
[15:32:05] [Client thread/TRACE] [FML]:   Registry: 61 minecraft:block.lava.pop net.minecraft.util.SoundEvent@3414a8c3
[15:32:05] [Client thread/TRACE] [FML]:   Registry: 62 minecraft:block.lever.click net.minecraft.util.SoundEvent@36cc9385
[15:32:05] [Client thread/TRACE] [FML]:   Registry: 63 minecraft:block.metal.break net.minecraft.util.SoundEvent@cf518cf
[15:32:05] [Client thread/TRACE] [FML]:   Registry: 64 minecraft:block.metal.fall net.minecraft.util.SoundEvent@7915bca3
[15:32:05] [Client thread/TRACE] [FML]:   Registry: 65 minecraft:block.metal.hit net.minecraft.util.SoundEvent@68d651f2
[15:32:05] [Client thread/TRACE] [FML]:   Registry: 66 minecraft:block.metal.place net.minecraft.util.SoundEvent@3ad4a7d6
[15:32:05] [Client thread/TRACE] [FML]:   Registry: 67 minecraft:block.metal.step net.minecraft.util.SoundEvent@1e43e323
[15:32:05] [Client thread/TRACE] [FML]:   Registry: 68 minecraft:block.metal_pressureplate.click_off net.minecraft.util.SoundEvent@4a67b4ec
[15:32:05] [Client thread/TRACE] [FML]:   Registry: 69 minecraft:block.metal_pressureplate.click_on net.minecraft.util.SoundEvent@10643593
[15:32:05] [Client thread/TRACE] [FML]:   Registry: 70 minecraft:block.note.basedrum net.minecraft.util.SoundEvent@f91da5e
[15:32:05] [Client thread/TRACE] [FML]:   Registry: 71 minecraft:block.note.bass net.minecraft.util.SoundEvent@eca6a74
[15:32:05] [Client thread/TRACE] [FML]:   Registry: 72 minecraft:block.note.bell net.minecraft.util.SoundEvent@79fd6f95
[15:32:05] [Client thread/TRACE] [FML]:   Registry: 73 minecraft:block.note.chime net.minecraft.util.SoundEvent@48840594
[15:32:05] [Client thread/TRACE] [FML]:   Registry: 74 minecraft:block.note.flute net.minecraft.util.SoundEvent@49c675f0
[15:32:05] [Client thread/TRACE] [FML]:   Registry: 75 minecraft:block.note.guitar net.minecraft.util.SoundEvent@14823f76
[15:32:05] [Client thread/TRACE] [FML]:   Registry: 76 minecraft:block.note.harp net.minecraft.util.SoundEvent@6917bb4
[15:32:05] [Client thread/TRACE] [FML]:   Registry: 77 minecraft:block.note.hat net.minecraft.util.SoundEvent@6ed16657
[15:32:05] [Client thread/TRACE] [FML]:   Registry: 78 minecraft:block.note.pling net.minecraft.util.SoundEvent@1442f788
[15:32:05] [Client thread/TRACE] [FML]:   Registry: 79 minecraft:block.note.snare net.minecraft.util.SoundEvent@113e13f9
[15:32:05] [Client thread/TRACE] [FML]:   Registry: 80 minecraft:block.note.xylophone net.minecraft.util.SoundEvent@1c7f96b1
[15:32:05] [Client thread/TRACE] [FML]:   Registry: 81 minecraft:block.piston.contract net.minecraft.util.SoundEvent@7979b8b7
[15:32:05] [Client thread/TRACE] [FML]:   Registry: 82 minecraft:block.piston.extend net.minecraft.util.SoundEvent@7a04fea7
[15:32:05] [Client thread/TRACE] [FML]:   Registry: 83 minecraft:block.portal.ambient net.minecraft.util.SoundEvent@1bc49bc5
[15:32:05] [Client thread/TRACE] [FML]:   Registry: 84 minecraft:block.portal.travel net.minecraft.util.SoundEvent@7b6e5c12
[15:32:05] [Client thread/TRACE] [FML]:   Registry: 85 minecraft:block.portal.trigger net.minecraft.util.SoundEvent@4f66ffc8
[15:32:05] [Client thread/TRACE] [FML]:   Registry: 86 minecraft:block.redstone_torch.burnout net.minecraft.util.SoundEvent@124ac145
[15:32:05] [Client thread/TRACE] [FML]:   Registry: 87 minecraft:block.sand.break net.minecraft.util.SoundEvent@2def7a7a
[15:32:05] [Client thread/TRACE] [FML]:   Registry: 88 minecraft:block.sand.fall net.minecraft.util.SoundEvent@24e83d19
[15:32:05] [Client thread/TRACE] [FML]:   Registry: 89 minecraft:block.sand.hit net.minecraft.util.SoundEvent@5c080ef3
[15:32:05] [Client thread/TRACE] [FML]:   Registry: 90 minecraft:block.sand.place net.minecraft.util.SoundEvent@188cbcde
[15:32:05] [Client thread/TRACE] [FML]:   Registry: 91 minecraft:block.sand.step net.minecraft.util.SoundEvent@4ee6291f
[15:32:05] [Client thread/TRACE] [FML]:   Registry: 92 minecraft:block.shulker_box.close net.minecraft.util.SoundEvent@2b03d52f
[15:32:05] [Client thread/TRACE] [FML]:   Registry: 93 minecraft:block.shulker_box.open net.minecraft.util.SoundEvent@37e0292a
[15:32:05] [Client thread/TRACE] [FML]:   Registry: 94 minecraft:block.slime.break net.minecraft.util.SoundEvent@4af70944
[15:32:05] [Client thread/TRACE] [FML]:   Registry: 95 minecraft:block.slime.fall net.minecraft.util.SoundEvent@35267fd4
[15:32:05] [Client thread/TRACE] [FML]:   Registry: 96 minecraft:block.slime.hit net.minecraft.util.SoundEvent@397ef2
[15:32:05] [Client thread/TRACE] [FML]:   Registry: 97 minecraft:block.slime.place net.minecraft.util.SoundEvent@36a6bea6
[15:32:05] [Client thread/TRACE] [FML]:   Registry: 98 minecraft:block.slime.step net.minecraft.util.SoundEvent@44e93c1f
[15:32:05] [Client thread/TRACE] [FML]:   Registry: 99 minecraft:block.snow.break net.minecraft.util.SoundEvent@42373389
[15:32:05] [Client thread/TRACE] [FML]:   Registry: 100 minecraft:block.snow.fall net.minecraft.util.SoundEvent@9b21bd3
[15:32:05] [Client thread/TRACE] [FML]:   Registry: 101 minecraft:block.snow.hit net.minecraft.util.SoundEvent@a62c7cd
[15:32:05] [Client thread/TRACE] [FML]:   Registry: 102 minecraft:block.snow.place net.minecraft.util.SoundEvent@7661b5a
[15:32:05] [Client thread/TRACE] [FML]:   Registry: 103 minecraft:block.snow.step net.minecraft.util.SoundEvent@7c36db44
[15:32:05] [Client thread/TRACE] [FML]:   Registry: 104 minecraft:block.stone.break net.minecraft.util.SoundEvent@65c33b92
[15:32:05] [Client thread/TRACE] [FML]:   Registry: 105 minecraft:block.stone.fall net.minecraft.util.SoundEvent@7903d448
[15:32:05] [Client thread/TRACE] [FML]:   Registry: 106 minecraft:block.stone.hit net.minecraft.util.SoundEvent@4e08acf9
[15:32:05] [Client thread/TRACE] [FML]:   Registry: 107 minecraft:block.stone.place net.minecraft.util.SoundEvent@42ea287
[15:32:05] [Client thread/TRACE] [FML]:   Registry: 108 minecraft:block.stone.step net.minecraft.util.SoundEvent@78cd163b
[15:32:05] [Client thread/TRACE] [FML]:   Registry: 109 minecraft:block.stone_button.click_off net.minecraft.util.SoundEvent@1f0b3cfe
[15:32:05] [Client thread/TRACE] [FML]:   Registry: 110 minecraft:block.stone_button.click_on net.minecraft.util.SoundEvent@14ef2482
[15:32:05] [Client thread/TRACE] [FML]:   Registry: 111 minecraft:block.stone_pressureplate.click_off net.minecraft.util.SoundEvent@65a48602
[15:32:05] [Client thread/TRACE] [FML]:   Registry: 112 minecraft:block.stone_pressureplate.click_on net.minecraft.util.SoundEvent@75483843
[15:32:05] [Client thread/TRACE] [FML]:   Registry: 113 minecraft:block.tripwire.attach net.minecraft.util.SoundEvent@336206d8
[15:32:05] [Client thread/TRACE] [FML]:   Registry: 114 minecraft:block.tripwire.click_off net.minecraft.util.SoundEvent@5ec4ff02
[15:32:05] [Client thread/TRACE] [FML]:   Registry: 115 minecraft:block.tripwire.click_on net.minecraft.util.SoundEvent@1f11f64e
[15:32:05] [Client thread/TRACE] [FML]:   Registry: 116 minecraft:block.tripwire.detach net.minecraft.util.SoundEvent@2b2f5fcf
[15:32:05] [Client thread/TRACE] [FML]:   Registry: 117 minecraft:block.water.ambient net.minecraft.util.SoundEvent@858d8b4
[15:32:05] [Client thread/TRACE] [FML]:   Registry: 118 minecraft:block.waterlily.place net.minecraft.util.SoundEvent@711d1a52
[15:32:05] [Client thread/TRACE] [FML]:   Registry: 119 minecraft:block.wood.break net.minecraft.util.SoundEvent@612e21b9
[15:32:05] [Client thread/TRACE] [FML]:   Registry: 120 minecraft:block.wood.fall net.minecraft.util.SoundEvent@302edb74
[15:32:05] [Client thread/TRACE] [FML]:   Registry: 121 minecraft:block.wood.hit net.minecraft.util.SoundEvent@7efd28bd
[15:32:05] [Client thread/TRACE] [FML]:   Registry: 122 minecraft:block.wood.place net.minecraft.util.SoundEvent@672b72ba
[15:32:05] [Client thread/TRACE] [FML]:   Registry: 123 minecraft:block.wood.step net.minecraft.util.SoundEvent@7718a40f
[15:32:05] [Client thread/TRACE] [FML]:   Registry: 124 minecraft:block.wood_button.click_off net.minecraft.util.SoundEvent@312b34e3
[15:32:05] [Client thread/TRACE] [FML]:   Registry: 125 minecraft:block.wood_button.click_on net.minecraft.util.SoundEvent@26844abb
[15:32:05] [Client thread/TRACE] [FML]:   Registry: 126 minecraft:block.wood_pressureplate.click_off net.minecraft.util.SoundEvent@1a865273
[15:32:05] [Client thread/TRACE] [FML]:   Registry: 127 minecraft:block.wood_pressureplate.click_on net.minecraft.util.SoundEvent@288ca5f0
[15:32:05] [Client thread/TRACE] [FML]:   Registry: 128 minecraft:block.wooden_door.close net.minecraft.util.SoundEvent@4068102e
[15:32:05] [Client thread/TRACE] [FML]:   Registry: 129 minecraft:block.wooden_door.open net.minecraft.util.SoundEvent@44bd4b0a
[15:32:05] [Client thread/TRACE] [FML]:   Registry: 130 minecraft:block.wooden_trapdoor.close net.minecraft.util.SoundEvent@6c008c24
[15:32:05] [Client thread/TRACE] [FML]:   Registry: 131 minecraft:block.wooden_trapdoor.open net.minecraft.util.SoundEvent@216e0771
[15:32:05] [Client thread/TRACE] [FML]:   Registry: 132 minecraft:enchant.thorns.hit net.minecraft.util.SoundEvent@21079a12
[15:32:05] [Client thread/TRACE] [FML]:   Registry: 133 minecraft:entity.armorstand.break net.minecraft.util.SoundEvent@fcc6023
[15:32:05] [Client thread/TRACE] [FML]:   Registry: 134 minecraft:entity.armorstand.fall net.minecraft.util.SoundEvent@67c5ac52
[15:32:05] [Client thread/TRACE] [FML]:   Registry: 135 minecraft:entity.armorstand.hit net.minecraft.util.SoundEvent@36417a54
[15:32:05] [Client thread/TRACE] [FML]:   Registry: 136 minecraft:entity.armorstand.place net.minecraft.util.SoundEvent@2b8bb184
[15:32:05] [Client thread/TRACE] [FML]:   Registry: 137 minecraft:entity.arrow.hit net.minecraft.util.SoundEvent@472a11ae
[15:32:05] [Client thread/TRACE] [FML]:   Registry: 138 minecraft:entity.arrow.hit_player net.minecraft.util.SoundEvent@dc79225
[15:32:05] [Client thread/TRACE] [FML]:   Registry: 139 minecraft:entity.arrow.shoot net.minecraft.util.SoundEvent@30e9ca13
[15:32:05] [Client thread/TRACE] [FML]:   Registry: 140 minecraft:entity.bat.ambient net.minecraft.util.SoundEvent@46185a1b
[15:32:05] [Client thread/TRACE] [FML]:   Registry: 141 minecraft:entity.bat.death net.minecraft.util.SoundEvent@51288417
[15:32:05] [Client thread/TRACE] [FML]:   Registry: 142 minecraft:entity.bat.hurt net.minecraft.util.SoundEvent@60cf62ad
[15:32:05] [Client thread/TRACE] [FML]:   Registry: 143 minecraft:entity.bat.loop net.minecraft.util.SoundEvent@1e0895f5
[15:32:05] [Client thread/TRACE] [FML]:   Registry: 144 minecraft:entity.bat.takeoff net.minecraft.util.SoundEvent@1ac4ccad
[15:32:05] [Client thread/TRACE] [FML]:   Registry: 145 minecraft:entity.blaze.ambient net.minecraft.util.SoundEvent@fd9ebde
[15:32:05] [Client thread/TRACE] [FML]:   Registry: 146 minecraft:entity.blaze.burn net.minecraft.util.SoundEvent@14982a82
[15:32:05] [Client thread/TRACE] [FML]:   Registry: 147 minecraft:entity.blaze.death net.minecraft.util.SoundEvent@4ee5b2d9
[15:32:05] [Client thread/TRACE] [FML]:   Registry: 148 minecraft:entity.blaze.hurt net.minecraft.util.SoundEvent@72f8ae0c
[15:32:05] [Client thread/TRACE] [FML]:   Registry: 149 minecraft:entity.blaze.shoot net.minecraft.util.SoundEvent@323f3c96
[15:32:05] [Client thread/TRACE] [FML]:   Registry: 150 minecraft:entity.boat.paddle_land net.minecraft.util.SoundEvent@6726cc69
[15:32:05] [Client thread/TRACE] [FML]:   Registry: 151 minecraft:entity.boat.paddle_water net.minecraft.util.SoundEvent@4b6d92e
[15:32:05] [Client thread/TRACE] [FML]:   Registry: 152 minecraft:entity.bobber.retrieve net.minecraft.util.SoundEvent@33899f7a
[15:32:05] [Client thread/TRACE] [FML]:   Registry: 153 minecraft:entity.bobber.splash net.minecraft.util.SoundEvent@7899de11
[15:32:05] [Client thread/TRACE] [FML]:   Registry: 154 minecraft:entity.bobber.throw net.minecraft.util.SoundEvent@290d10ef
[15:32:05] [Client thread/TRACE] [FML]:   Registry: 155 minecraft:entity.cat.ambient net.minecraft.util.SoundEvent@1bc0d349
[15:32:05] [Client thread/TRACE] [FML]:   Registry: 156 minecraft:entity.cat.death net.minecraft.util.SoundEvent@644ded04
[15:32:05] [Client thread/TRACE] [FML]:   Registry: 157 minecraft:entity.cat.hiss net.minecraft.util.SoundEvent@5292ceca
[15:32:05] [Client thread/TRACE] [FML]:   Registry: 158 minecraft:entity.cat.hurt net.minecraft.util.SoundEvent@13d9261f
[15:32:05] [Client thread/TRACE] [FML]:   Registry: 159 minecraft:entity.cat.purr net.minecraft.util.SoundEvent@e9ef5b6
[15:32:05] [Client thread/TRACE] [FML]:   Registry: 160 minecraft:entity.cat.purreow net.minecraft.util.SoundEvent@5300cac
[15:32:05] [Client thread/TRACE] [FML]:   Registry: 161 minecraft:entity.chicken.ambient net.minecraft.util.SoundEvent@4110765e
[15:32:05] [Client thread/TRACE] [FML]:   Registry: 162 minecraft:entity.chicken.death net.minecraft.util.SoundEvent@1ba359bd
[15:32:05] [Client thread/TRACE] [FML]:   Registry: 163 minecraft:entity.chicken.egg net.minecraft.util.SoundEvent@62e93c3a
[15:32:05] [Client thread/TRACE] [FML]:   Registry: 164 minecraft:entity.chicken.hurt net.minecraft.util.SoundEvent@673919a7
[15:32:05] [Client thread/TRACE] [FML]:   Registry: 165 minecraft:entity.chicken.step net.minecraft.util.SoundEvent@25d93198
[15:32:05] [Client thread/TRACE] [FML]:   Registry: 166 minecraft:entity.cow.ambient net.minecraft.util.SoundEvent@2436ea2f
[15:32:05] [Client thread/TRACE] [FML]:   Registry: 167 minecraft:entity.cow.death net.minecraft.util.SoundEvent@f951a7f
[15:32:05] [Client thread/TRACE] [FML]:   Registry: 168 minecraft:entity.cow.hurt net.minecraft.util.SoundEvent@20cece0b
[15:32:05] [Client thread/TRACE] [FML]:   Registry: 169 minecraft:entity.cow.milk net.minecraft.util.SoundEvent@4c777e7b
[15:32:05] [Client thread/TRACE] [FML]:   Registry: 170 minecraft:entity.cow.step net.minecraft.util.SoundEvent@5f038248
[15:32:05] [Client thread/TRACE] [FML]:   Registry: 171 minecraft:entity.creeper.death net.minecraft.util.SoundEvent@78e22d35
[15:32:05] [Client thread/TRACE] [FML]:   Registry: 172 minecraft:entity.creeper.hurt net.minecraft.util.SoundEvent@2e8a1ab4
[15:32:05] [Client thread/TRACE] [FML]:   Registry: 173 minecraft:entity.creeper.primed net.minecraft.util.SoundEvent@59f93db8
[15:32:05] [Client thread/TRACE] [FML]:   Registry: 174 minecraft:entity.donkey.ambient net.minecraft.util.SoundEvent@1aabf50d
[15:32:05] [Client thread/TRACE] [FML]:   Registry: 175 minecraft:entity.donkey.angry net.minecraft.util.SoundEvent@73c9e8e8
[15:32:05] [Client thread/TRACE] [FML]:   Registry: 176 minecraft:entity.donkey.chest net.minecraft.util.SoundEvent@de8039f
[15:32:05] [Client thread/TRACE] [FML]:   Registry: 177 minecraft:entity.donkey.death net.minecraft.util.SoundEvent@1deceb67
[15:32:05] [Client thread/TRACE] [FML]:   Registry: 178 minecraft:entity.donkey.hurt net.minecraft.util.SoundEvent@582a764a
[15:32:05] [Client thread/TRACE] [FML]:   Registry: 179 minecraft:entity.egg.throw net.minecraft.util.SoundEvent@64984b0f
[15:32:05] [Client thread/TRACE] [FML]:   Registry: 180 minecraft:entity.elder_guardian.ambient net.minecraft.util.SoundEvent@292158f8
[15:32:05] [Client thread/TRACE] [FML]:   Registry: 181 minecraft:entity.elder_guardian.ambient_land net.minecraft.util.SoundEvent@53ec2968
[15:32:05] [Client thread/TRACE] [FML]:   Registry: 182 minecraft:entity.elder_guardian.curse net.minecraft.util.SoundEvent@58ff8d79
[15:32:05] [Client thread/TRACE] [FML]:   Registry: 183 minecraft:entity.elder_guardian.death net.minecraft.util.SoundEvent@7e19755a
[15:32:05] [Client thread/TRACE] [FML]:   Registry: 184 minecraft:entity.elder_guardian.death_land net.minecraft.util.SoundEvent@5d5c04f9
[15:32:05] [Client thread/TRACE] [FML]:   Registry: 185 minecraft:entity.elder_guardian.flop net.minecraft.util.SoundEvent@6f49d153
[15:32:05] [Client thread/TRACE] [FML]:   Registry: 186 minecraft:entity.elder_guardian.hurt net.minecraft.util.SoundEvent@4b790d86
[15:32:05] [Client thread/TRACE] [FML]:   Registry: 187 minecraft:entity.elder_guardian.hurt_land net.minecraft.util.SoundEvent@7e7f0216
[15:32:05] [Client thread/TRACE] [FML]:   Registry: 188 minecraft:entity.enderdragon.ambient net.minecraft.util.SoundEvent@4339baec
[15:32:05] [Client thread/TRACE] [FML]:   Registry: 189 minecraft:entity.enderdragon.death net.minecraft.util.SoundEvent@62db3891
[15:32:05] [Client thread/TRACE] [FML]:   Registry: 190 minecraft:entity.enderdragon.flap net.minecraft.util.SoundEvent@61cd1c71
[15:32:05] [Client thread/TRACE] [FML]:   Registry: 191 minecraft:entity.enderdragon.growl net.minecraft.util.SoundEvent@6724cdec
[15:32:05] [Client thread/TRACE] [FML]:   Registry: 192 minecraft:entity.enderdragon.hurt net.minecraft.util.SoundEvent@6944e53e
[15:32:05] [Client thread/TRACE] [FML]:   Registry: 193 minecraft:entity.enderdragon.shoot net.minecraft.util.SoundEvent@52e04737
[15:32:05] [Client thread/TRACE] [FML]:   Registry: 194 minecraft:entity.enderdragon_fireball.explode net.minecraft.util.SoundEvent@5bc7e78e
[15:32:05] [Client thread/TRACE] [FML]:   Registry: 195 minecraft:entity.endereye.death net.minecraft.util.SoundEvent@1a4d1ab7
[15:32:05] [Client thread/TRACE] [FML]:   Registry: 196 minecraft:entity.endereye.launch net.minecraft.util.SoundEvent@546e61d5
[15:32:05] [Client thread/TRACE] [FML]:   Registry: 197 minecraft:entity.endermen.ambient net.minecraft.util.SoundEvent@4674d90
[15:32:05] [Client thread/TRACE] [FML]:   Registry: 198 minecraft:entity.endermen.death net.minecraft.util.SoundEvent@60783105
[15:32:05] [Client thread/TRACE] [FML]:   Registry: 199 minecraft:entity.endermen.hurt net.minecraft.util.SoundEvent@1292071f
[15:32:05] [Client thread/TRACE] [FML]:   Registry: 200 minecraft:entity.endermen.scream net.minecraft.util.SoundEvent@35d5ac51
[15:32:05] [Client thread/TRACE] [FML]:   Registry: 201 minecraft:entity.endermen.stare net.minecraft.util.SoundEvent@b606cb6
[15:32:05] [Client thread/TRACE] [FML]:   Registry: 202 minecraft:entity.endermen.teleport net.minecraft.util.SoundEvent@2a3194c6
[15:32:05] [Client thread/TRACE] [FML]:   Registry: 203 minecraft:entity.endermite.ambient net.minecraft.util.SoundEvent@2819c460
[15:32:05] [Client thread/TRACE] [FML]:   Registry: 204 minecraft:entity.endermite.death net.minecraft.util.SoundEvent@30364216
[15:32:05] [Client thread/TRACE] [FML]:   Registry: 205 minecraft:entity.endermite.hurt net.minecraft.util.SoundEvent@38bb9d7a
[15:32:05] [Client thread/TRACE] [FML]:   Registry: 206 minecraft:entity.endermite.step net.minecraft.util.SoundEvent@1e8ab90f
[15:32:05] [Client thread/TRACE] [FML]:   Registry: 207 minecraft:entity.enderpearl.throw net.minecraft.util.SoundEvent@78d6447a
[15:32:05] [Client thread/TRACE] [FML]:   Registry: 208 minecraft:entity.evocation_fangs.attack net.minecraft.util.SoundEvent@7a729f84
[15:32:05] [Client thread/TRACE] [FML]:   Registry: 209 minecraft:entity.evocation_illager.ambient net.minecraft.util.SoundEvent@1e469dfd
[15:32:05] [Client thread/TRACE] [FML]:   Registry: 210 minecraft:entity.evocation_illager.cast_spell net.minecraft.util.SoundEvent@554f0dfb
[15:32:05] [Client thread/TRACE] [FML]:   Registry: 211 minecraft:entity.evocation_illager.death net.minecraft.util.SoundEvent@1f7076bc
[15:32:05] [Client thread/TRACE] [FML]:   Registry: 212 minecraft:entity.evocation_illager.hurt net.minecraft.util.SoundEvent@71904469
[15:32:05] [Client thread/TRACE] [FML]:   Registry: 213 minecraft:entity.evocation_illager.prepare_attack net.minecraft.util.SoundEvent@5b9396d3
[15:32:05] [Client thread/TRACE] [FML]:   Registry: 214 minecraft:entity.evocation_illager.prepare_summon net.minecraft.util.SoundEvent@761e788f
[15:32:05] [Client thread/TRACE] [FML]:   Registry: 215 minecraft:entity.evocation_illager.prepare_wololo net.minecraft.util.SoundEvent@6a472566
[15:32:05] [Client thread/TRACE] [FML]:   Registry: 216 minecraft:entity.experience_bottle.throw net.minecraft.util.SoundEvent@1907874b
[15:32:05] [Client thread/TRACE] [FML]:   Registry: 217 minecraft:entity.experience_orb.pickup net.minecraft.util.SoundEvent@5e65afb6
[15:32:05] [Client thread/TRACE] [FML]:   Registry: 218 minecraft:entity.firework.blast net.minecraft.util.SoundEvent@5b3a7ef5
[15:32:05] [Client thread/TRACE] [FML]:   Registry: 219 minecraft:entity.firework.blast_far net.minecraft.util.SoundEvent@8851ce1
[15:32:05] [Client thread/TRACE] [FML]:   Registry: 220 minecraft:entity.firework.large_blast net.minecraft.util.SoundEvent@2d9dff65
[15:32:05] [Client thread/TRACE] [FML]:   Registry: 221 minecraft:entity.firework.large_blast_far net.minecraft.util.SoundEvent@5ef6fd7f
[15:32:05] [Client thread/TRACE] [FML]:   Registry: 222 minecraft:entity.firework.launch net.minecraft.util.SoundEvent@5633ed82
[15:32:05] [Client thread/TRACE] [FML]:   Registry: 223 minecraft:entity.firework.shoot net.minecraft.util.SoundEvent@767191b1
[15:32:05] [Client thread/TRACE] [FML]:   Registry: 224 minecraft:entity.firework.twinkle net.minecraft.util.SoundEvent@34d52ecd
[15:32:05] [Client thread/TRACE] [FML]:   Registry: 225 minecraft:entity.firework.twinkle_far net.minecraft.util.SoundEvent@5d21202d
[15:32:05] [Client thread/TRACE] [FML]:   Registry: 226 minecraft:entity.generic.big_fall net.minecraft.util.SoundEvent@14b789f6
[15:32:05] [Client thread/TRACE] [FML]:   Registry: 227 minecraft:entity.generic.burn net.minecraft.util.SoundEvent@6eb17ec8
[15:32:05] [Client thread/TRACE] [FML]:   Registry: 228 minecraft:entity.generic.death net.minecraft.util.SoundEvent@730f9695
[15:32:05] [Client thread/TRACE] [FML]:   Registry: 229 minecraft:entity.generic.drink net.minecraft.util.SoundEvent@277bf091
[15:32:05] [Client thread/TRACE] [FML]:   Registry: 230 minecraft:entity.generic.eat net.minecraft.util.SoundEvent@fab35b1
[15:32:05] [Client thread/TRACE] [FML]:   Registry: 231 minecraft:entity.generic.explode net.minecraft.util.SoundEvent@6a094db2
[15:32:05] [Client thread/TRACE] [FML]:   Registry: 232 minecraft:entity.generic.extinguish_fire net.minecraft.util.SoundEvent@65bdd558
[15:32:05] [Client thread/TRACE] [FML]:   Registry: 233 minecraft:entity.generic.hurt net.minecraft.util.SoundEvent@1dba4e06
[15:32:05] [Client thread/TRACE] [FML]:   Registry: 234 minecraft:entity.generic.small_fall net.minecraft.util.SoundEvent@4beaf6bd
[15:32:05] [Client thread/TRACE] [FML]:   Registry: 235 minecraft:entity.generic.splash net.minecraft.util.SoundEvent@6b2e46af
[15:32:05] [Client thread/TRACE] [FML]:   Registry: 236 minecraft:entity.generic.swim net.minecraft.util.SoundEvent@60325987
[15:32:05] [Client thread/TRACE] [FML]:   Registry: 237 minecraft:entity.ghast.ambient net.minecraft.util.SoundEvent@2f37f1f9
[15:32:05] [Client thread/TRACE] [FML]:   Registry: 238 minecraft:entity.ghast.death net.minecraft.util.SoundEvent@3374b5bc
[15:32:05] [Client thread/TRACE] [FML]:   Registry: 239 minecraft:entity.ghast.hurt net.minecraft.util.SoundEvent@2af69643
[15:32:05] [Client thread/TRACE] [FML]:   Registry: 240 minecraft:entity.ghast.scream net.minecraft.util.SoundEvent@587a1cfb
[15:32:05] [Client thread/TRACE] [FML]:   Registry: 241 minecraft:entity.ghast.shoot net.minecraft.util.SoundEvent@48528634
[15:32:05] [Client thread/TRACE] [FML]:   Registry: 242 minecraft:entity.ghast.warn net.minecraft.util.SoundEvent@5e1d03d7
[15:32:05] [Client thread/TRACE] [FML]:   Registry: 243 minecraft:entity.guardian.ambient net.minecraft.util.SoundEvent@4047d2d9
[15:32:05] [Client thread/TRACE] [FML]:   Registry: 244 minecraft:entity.guardian.ambient_land net.minecraft.util.SoundEvent@48d293ee
[15:32:05] [Client thread/TRACE] [FML]:   Registry: 245 minecraft:entity.guardian.attack net.minecraft.util.SoundEvent@146dcfe6
[15:32:05] [Client thread/TRACE] [FML]:   Registry: 246 minecraft:entity.guardian.death net.minecraft.util.SoundEvent@22587507
[15:32:05] [Client thread/TRACE] [FML]:   Registry: 247 minecraft:entity.guardian.death_land net.minecraft.util.SoundEvent@5c77ba8f
[15:32:05] [Client thread/TRACE] [FML]:   Registry: 248 minecraft:entity.guardian.flop net.minecraft.util.SoundEvent@660f0c
[15:32:05] [Client thread/TRACE] [FML]:   Registry: 249 minecraft:entity.guardian.hurt net.minecraft.util.SoundEvent@7a0ef219
[15:32:05] [Client thread/TRACE] [FML]:   Registry: 250 minecraft:entity.guardian.hurt_land net.minecraft.util.SoundEvent@1b1f5012
[15:32:05] [Client thread/TRACE] [FML]:   Registry: 251 minecraft:entity.horse.ambient net.minecraft.util.SoundEvent@7add323c
[15:32:05] [Client thread/TRACE] [FML]:   Registry: 252 minecraft:entity.horse.angry net.minecraft.util.SoundEvent@4a734c04
[15:32:05] [Client thread/TRACE] [FML]:   Registry: 253 minecraft:entity.horse.armor net.minecraft.util.SoundEvent@4760f169
[15:32:05] [Client thread/TRACE] [FML]:   Registry: 254 minecraft:entity.horse.breathe net.minecraft.util.SoundEvent@261ea657
[15:32:05] [Client thread/TRACE] [FML]:   Registry: 255 minecraft:entity.horse.death net.minecraft.util.SoundEvent@35c12c7a
[15:32:05] [Client thread/TRACE] [FML]:   Registry: 256 minecraft:entity.horse.eat net.minecraft.util.SoundEvent@658255aa
[15:32:05] [Client thread/TRACE] [FML]:   Registry: 257 minecraft:entity.horse.gallop net.minecraft.util.SoundEvent@25290bca
[15:32:05] [Client thread/TRACE] [FML]:   Registry: 258 minecraft:entity.horse.hurt net.minecraft.util.SoundEvent@76563d26
[15:32:05] [Client thread/TRACE] [FML]:   Registry: 259 minecraft:entity.horse.jump net.minecraft.util.SoundEvent@4ac86d6a
[15:32:05] [Client thread/TRACE] [FML]:   Registry: 260 minecraft:entity.horse.land net.minecraft.util.SoundEvent@3d904e9c
[15:32:05] [Client thread/TRACE] [FML]:   Registry: 261 minecraft:entity.horse.saddle net.minecraft.util.SoundEvent@508a65bf
[15:32:05] [Client thread/TRACE] [FML]:   Registry: 262 minecraft:entity.horse.step net.minecraft.util.SoundEvent@17f2dd85
[15:32:05] [Client thread/TRACE] [FML]:   Registry: 263 minecraft:entity.horse.step_wood net.minecraft.util.SoundEvent@1e58512c
[15:32:05] [Client thread/TRACE] [FML]:   Registry: 264 minecraft:entity.hostile.big_fall net.minecraft.util.SoundEvent@210308d5
[15:32:05] [Client thread/TRACE] [FML]:   Registry: 265 minecraft:entity.hostile.death net.minecraft.util.SoundEvent@22a736d7
[15:32:05] [Client thread/TRACE] [FML]:   Registry: 266 minecraft:entity.hostile.hurt net.minecraft.util.SoundEvent@23b8d9f3
[15:32:05] [Client thread/TRACE] [FML]:   Registry: 267 minecraft:entity.hostile.small_fall net.minecraft.util.SoundEvent@7f353d99
[15:32:05] [Client thread/TRACE] [FML]:   Registry: 268 minecraft:entity.hostile.splash net.minecraft.util.SoundEvent@4649d70a
[15:32:05] [Client thread/TRACE] [FML]:   Registry: 269 minecraft:entity.hostile.swim net.minecraft.util.SoundEvent@5d43409a
[15:32:05] [Client thread/TRACE] [FML]:   Registry: 270 minecraft:entity.husk.ambient net.minecraft.util.SoundEvent@38d17d80
[15:32:05] [Client thread/TRACE] [FML]:   Registry: 271 minecraft:entity.husk.death net.minecraft.util.SoundEvent@6ede46f6
[15:32:05] [Client thread/TRACE] [FML]:   Registry: 272 minecraft:entity.husk.hurt net.minecraft.util.SoundEvent@66273da0
[15:32:05] [Client thread/TRACE] [FML]:   Registry: 273 minecraft:entity.husk.step net.minecraft.util.SoundEvent@2127e66e
[15:32:05] [Client thread/TRACE] [FML]:   Registry: 274 minecraft:entity.illusion_illager.ambient net.minecraft.util.SoundEvent@1229a2b7
[15:32:05] [Client thread/TRACE] [FML]:   Registry: 275 minecraft:entity.illusion_illager.cast_spell net.minecraft.util.SoundEvent@e5cbff2
[15:32:05] [Client thread/TRACE] [FML]:   Registry: 276 minecraft:entity.illusion_illager.death net.minecraft.util.SoundEvent@51c959a4
[15:32:05] [Client thread/TRACE] [FML]:   Registry: 277 minecraft:entity.illusion_illager.hurt net.minecraft.util.SoundEvent@4fc3c165
[15:32:05] [Client thread/TRACE] [FML]:   Registry: 278 minecraft:entity.illusion_illager.mirror_move net.minecraft.util.SoundEvent@10a0fe30
[15:32:05] [Client thread/TRACE] [FML]:   Registry: 279 minecraft:entity.illusion_illager.prepare_blindness net.minecraft.util.SoundEvent@7b6860f9
[15:32:05] [Client thread/TRACE] [FML]:   Registry: 280 minecraft:entity.illusion_illager.prepare_mirror net.minecraft.util.SoundEvent@60f70249
[15:32:05] [Client thread/TRACE] [FML]:   Registry: 281 minecraft:entity.irongolem.attack net.minecraft.util.SoundEvent@31ee2fdb
[15:32:05] [Client thread/TRACE] [FML]:   Registry: 282 minecraft:entity.irongolem.death net.minecraft.util.SoundEvent@262816a8
[15:32:05] [Client thread/TRACE] [FML]:   Registry: 283 minecraft:entity.irongolem.hurt net.minecraft.util.SoundEvent@1effd53c
[15:32:05] [Client thread/TRACE] [FML]:   Registry: 284 minecraft:entity.irongolem.step net.minecraft.util.SoundEvent@46c269e0
[15:32:05] [Client thread/TRACE] [FML]:   Registry: 285 minecraft:entity.item.break net.minecraft.util.SoundEvent@6920614
[15:32:05] [Client thread/TRACE] [FML]:   Registry: 286 minecraft:entity.item.pickup net.minecraft.util.SoundEvent@6069dd38
[15:32:05] [Client thread/TRACE] [FML]:   Registry: 287 minecraft:entity.itemframe.add_item net.minecraft.util.SoundEvent@5fa23c
[15:32:05] [Client thread/TRACE] [FML]:   Registry: 288 minecraft:entity.itemframe.break net.minecraft.util.SoundEvent@558756be
[15:32:05] [Client thread/TRACE] [FML]:   Registry: 289 minecraft:entity.itemframe.place net.minecraft.util.SoundEvent@433348bc
[15:32:05] [Client thread/TRACE] [FML]:   Registry: 290 minecraft:entity.itemframe.remove_item net.minecraft.util.SoundEvent@6d1dcdff
[15:32:05] [Client thread/TRACE] [FML]:   Registry: 291 minecraft:entity.itemframe.rotate_item net.minecraft.util.SoundEvent@102ecc22
[15:32:05] [Client thread/TRACE] [FML]:   Registry: 292 minecraft:entity.leashknot.break net.minecraft.util.SoundEvent@7ff35a3f
[15:32:05] [Client thread/TRACE] [FML]:   Registry: 293 minecraft:entity.leashknot.place net.minecraft.util.SoundEvent@26dc9bd5
[15:32:05] [Client thread/TRACE] [FML]:   Registry: 294 minecraft:entity.lightning.impact net.minecraft.util.SoundEvent@252dc8c4
[15:32:05] [Client thread/TRACE] [FML]:   Registry: 295 minecraft:entity.lightning.thunder net.minecraft.util.SoundEvent@43045f9f
[15:32:05] [Client thread/TRACE] [FML]:   Registry: 296 minecraft:entity.lingeringpotion.throw net.minecraft.util.SoundEvent@2643d762
[15:32:05] [Client thread/TRACE] [FML]:   Registry: 297 minecraft:entity.llama.ambient net.minecraft.util.SoundEvent@6403e24c
[15:32:05] [Client thread/TRACE] [FML]:   Registry: 298 minecraft:entity.llama.angry net.minecraft.util.SoundEvent@2f236de0
[15:32:05] [Client thread/TRACE] [FML]:   Registry: 299 minecraft:entity.llama.chest net.minecraft.util.SoundEvent@4eba373c
[15:32:05] [Client thread/TRACE] [FML]:   Registry: 300 minecraft:entity.llama.death net.minecraft.util.SoundEvent@767a014e
[15:32:05] [Client thread/TRACE] [FML]:   Registry: 301 minecraft:entity.llama.eat net.minecraft.util.SoundEvent@d109c4f
[15:32:05] [Client thread/TRACE] [FML]:   Registry: 302 minecraft:entity.llama.hurt net.minecraft.util.SoundEvent@3968bc60
[15:32:05] [Client thread/TRACE] [FML]:   Registry: 303 minecraft:entity.llama.spit net.minecraft.util.SoundEvent@26f46fa6
[15:32:05] [Client thread/TRACE] [FML]:   Registry: 304 minecraft:entity.llama.step net.minecraft.util.SoundEvent@227a47
[15:32:05] [Client thread/TRACE] [FML]:   Registry: 305 minecraft:entity.llama.swag net.minecraft.util.SoundEvent@9596ce8
[15:32:05] [Client thread/TRACE] [FML]:   Registry: 306 minecraft:entity.magmacube.death net.minecraft.util.SoundEvent@75ae4a1f
[15:32:05] [Client thread/TRACE] [FML]:   Registry: 307 minecraft:entity.magmacube.hurt net.minecraft.util.SoundEvent@70228253
[15:32:05] [Client thread/TRACE] [FML]:   Registry: 308 minecraft:entity.magmacube.jump net.minecraft.util.SoundEvent@63c12e52
[15:32:05] [Client thread/TRACE] [FML]:   Registry: 309 minecraft:entity.magmacube.squish net.minecraft.util.SoundEvent@21bd20ee
[15:32:05] [Client thread/TRACE] [FML]:   Registry: 310 minecraft:entity.minecart.inside net.minecraft.util.SoundEvent@26c47874
[15:32:05] [Client thread/TRACE] [FML]:   Registry: 311 minecraft:entity.minecart.riding net.minecraft.util.SoundEvent@421056e5
[15:32:05] [Client thread/TRACE] [FML]:   Registry: 312 minecraft:entity.mooshroom.shear net.minecraft.util.SoundEvent@2849434b
[15:32:05] [Client thread/TRACE] [FML]:   Registry: 313 minecraft:entity.mule.ambient net.minecraft.util.SoundEvent@60bbacfc
[15:32:05] [Client thread/TRACE] [FML]:   Registry: 314 minecraft:entity.mule.chest net.minecraft.util.SoundEvent@65b97f47
[15:32:05] [Client thread/TRACE] [FML]:   Registry: 315 minecraft:entity.mule.death net.minecraft.util.SoundEvent@255eaa6b
[15:32:05] [Client thread/TRACE] [FML]:   Registry: 316 minecraft:entity.mule.hurt net.minecraft.util.SoundEvent@476fe690
[15:32:05] [Client thread/TRACE] [FML]:   Registry: 317 minecraft:entity.painting.break net.minecraft.util.SoundEvent@7a0e7ecd
[15:32:05] [Client thread/TRACE] [FML]:   Registry: 318 minecraft:entity.painting.place net.minecraft.util.SoundEvent@54e3658c
[15:32:05] [Client thread/TRACE] [FML]:   Registry: 319 minecraft:entity.parrot.ambient net.minecraft.util.SoundEvent@43e9089
[15:32:05] [Client thread/TRACE] [FML]:   Registry: 320 minecraft:entity.parrot.death net.minecraft.util.SoundEvent@3c5dbdf8
[15:32:05] [Client thread/TRACE] [FML]:   Registry: 321 minecraft:entity.parrot.eat net.minecraft.util.SoundEvent@352c44a8
[15:32:05] [Client thread/TRACE] [FML]:   Registry: 322 minecraft:entity.parrot.fly net.minecraft.util.SoundEvent@7aac8884
[15:32:05] [Client thread/TRACE] [FML]:   Registry: 323 minecraft:entity.parrot.hurt net.minecraft.util.SoundEvent@a66e580
[15:32:05] [Client thread/TRACE] [FML]:   Registry: 324 minecraft:entity.parrot.imitate.blaze net.minecraft.util.SoundEvent@5b852b49
[15:32:05] [Client thread/TRACE] [FML]:   Registry: 325 minecraft:entity.parrot.imitate.creeper net.minecraft.util.SoundEvent@cdb2d95
[15:32:05] [Client thread/TRACE] [FML]:   Registry: 326 minecraft:entity.parrot.imitate.elder_guardian net.minecraft.util.SoundEvent@122d6c22
[15:32:05] [Client thread/TRACE] [FML]:   Registry: 327 minecraft:entity.parrot.imitate.enderdragon net.minecraft.util.SoundEvent@2f5ac102
[15:32:05] [Client thread/TRACE] [FML]:   Registry: 328 minecraft:entity.parrot.imitate.enderman net.minecraft.util.SoundEvent@5df778c3
[15:32:05] [Client thread/TRACE] [FML]:   Registry: 329 minecraft:entity.parrot.imitate.endermite net.minecraft.util.SoundEvent@895416d
[15:32:05] [Client thread/TRACE] [FML]:   Registry: 330 minecraft:entity.parrot.imitate.evocation_illager net.minecraft.util.SoundEvent@71a06021
[15:32:05] [Client thread/TRACE] [FML]:   Registry: 331 minecraft:entity.parrot.imitate.ghast net.minecraft.util.SoundEvent@80bfdc6
[15:32:05] [Client thread/TRACE] [FML]:   Registry: 332 minecraft:entity.parrot.imitate.husk net.minecraft.util.SoundEvent@6edcad64
[15:32:05] [Client thread/TRACE] [FML]:   Registry: 333 minecraft:entity.parrot.imitate.illusion_illager net.minecraft.util.SoundEvent@4c6007fb
[15:32:05] [Client thread/TRACE] [FML]:   Registry: 334 minecraft:entity.parrot.imitate.magmacube net.minecraft.util.SoundEvent@3e33d73e
[15:32:05] [Client thread/TRACE] [FML]:   Registry: 335 minecraft:entity.parrot.imitate.polar_bear net.minecraft.util.SoundEvent@6981f8f3
[15:32:05] [Client thread/TRACE] [FML]:   Registry: 336 minecraft:entity.parrot.imitate.shulker net.minecraft.util.SoundEvent@623dcf2a
[15:32:05] [Client thread/TRACE] [FML]:   Registry: 337 minecraft:entity.parrot.imitate.silverfish net.minecraft.util.SoundEvent@2eae4349
[15:32:05] [Client thread/TRACE] [FML]:   Registry: 338 minecraft:entity.parrot.imitate.skeleton net.minecraft.util.SoundEvent@e84fb85
[15:32:05] [Client thread/TRACE] [FML]:   Registry: 339 minecraft:entity.parrot.imitate.slime net.minecraft.util.SoundEvent@68a4dcc6
[15:32:05] [Client thread/TRACE] [FML]:   Registry: 340 minecraft:entity.parrot.imitate.spider net.minecraft.util.SoundEvent@646c0a67
[15:32:05] [Client thread/TRACE] [FML]:   Registry: 341 minecraft:entity.parrot.imitate.stray net.minecraft.util.SoundEvent@3804a9a8
[15:32:05] [Client thread/TRACE] [FML]:   Registry: 342 minecraft:entity.parrot.imitate.vex net.minecraft.util.SoundEvent@117525fe
[15:32:05] [Client thread/TRACE] [FML]:   Registry: 343 minecraft:entity.parrot.imitate.vindication_illager net.minecraft.util.SoundEvent@5f7989fa
[15:32:05] [Client thread/TRACE] [FML]:   Registry: 344 minecraft:entity.parrot.imitate.witch net.minecraft.util.SoundEvent@5bc28f40
[15:32:05] [Client thread/TRACE] [FML]:   Registry: 345 minecraft:entity.parrot.imitate.wither net.minecraft.util.SoundEvent@46963479
[15:32:05] [Client thread/TRACE] [FML]:   Registry: 346 minecraft:entity.parrot.imitate.wither_skeleton net.minecraft.util.SoundEvent@7e74a380
[15:32:05] [Client thread/TRACE] [FML]:   Registry: 347 minecraft:entity.parrot.imitate.wolf net.minecraft.util.SoundEvent@6dd1c3ed
[15:32:05] [Client thread/TRACE] [FML]:   Registry: 348 minecraft:entity.parrot.imitate.zombie net.minecraft.util.SoundEvent@22a6e998
[15:32:05] [Client thread/TRACE] [FML]:   Registry: 349 minecraft:entity.parrot.imitate.zombie_pigman net.minecraft.util.SoundEvent@55e42449
[15:32:05] [Client thread/TRACE] [FML]:   Registry: 350 minecraft:entity.parrot.imitate.zombie_villager net.minecraft.util.SoundEvent@e57e5d6
[15:32:05] [Client thread/TRACE] [FML]:   Registry: 351 minecraft:entity.parrot.step net.minecraft.util.SoundEvent@6dfa915a
[15:32:05] [Client thread/TRACE] [FML]:   Registry: 352 minecraft:entity.pig.ambient net.minecraft.util.SoundEvent@78054f54
[15:32:05] [Client thread/TRACE] [FML]:   Registry: 353 minecraft:entity.pig.death net.minecraft.util.SoundEvent@cb7fa71
[15:32:05] [Client thread/TRACE] [FML]:   Registry: 354 minecraft:entity.pig.hurt net.minecraft.util.SoundEvent@3dffc764
[15:32:05] [Client thread/TRACE] [FML]:   Registry: 355 minecraft:entity.pig.saddle net.minecraft.util.SoundEvent@4b6e1c0
[15:32:05] [Client thread/TRACE] [FML]:   Registry: 356 minecraft:entity.pig.step net.minecraft.util.SoundEvent@561b61ed
[15:32:05] [Client thread/TRACE] [FML]:   Registry: 357 minecraft:entity.player.attack.crit net.minecraft.util.SoundEvent@654c7d2d
[15:32:05] [Client thread/TRACE] [FML]:   Registry: 358 minecraft:entity.player.attack.knockback net.minecraft.util.SoundEvent@26cb5207
[15:32:05] [Client thread/TRACE] [FML]:   Registry: 359 minecraft:entity.player.attack.nodamage net.minecraft.util.SoundEvent@15400fff
[15:32:05] [Client thread/TRACE] [FML]:   Registry: 360 minecraft:entity.player.attack.strong net.minecraft.util.SoundEvent@18d910b3
[15:32:05] [Client thread/TRACE] [FML]:   Registry: 361 minecraft:entity.player.attack.sweep net.minecraft.util.SoundEvent@1e7ab390
[15:32:05] [Client thread/TRACE] [FML]:   Registry: 362 minecraft:entity.player.attack.weak net.minecraft.util.SoundEvent@625d9132
[15:32:05] [Client thread/TRACE] [FML]:   Registry: 363 minecraft:entity.player.big_fall net.minecraft.util.SoundEvent@77774571
[15:32:05] [Client thread/TRACE] [FML]:   Registry: 364 minecraft:entity.player.breath net.minecraft.util.SoundEvent@277b8fa4
[15:32:05] [Client thread/TRACE] [FML]:   Registry: 365 minecraft:entity.player.burp net.minecraft.util.SoundEvent@6cd64ee8
[15:32:05] [Client thread/TRACE] [FML]:   Registry: 366 minecraft:entity.player.death net.minecraft.util.SoundEvent@620c8641
[15:32:05] [Client thread/TRACE] [FML]:   Registry: 367 minecraft:entity.player.hurt net.minecraft.util.SoundEvent@2f1d0bbc
[15:32:05] [Client thread/TRACE] [FML]:   Registry: 368 minecraft:entity.player.hurt_drown net.minecraft.util.SoundEvent@5460b754
[15:32:05] [Client thread/TRACE] [FML]:   Registry: 369 minecraft:entity.player.hurt_on_fire net.minecraft.util.SoundEvent@a9f023e
[15:32:05] [Client thread/TRACE] [FML]:   Registry: 370 minecraft:entity.player.levelup net.minecraft.util.SoundEvent@c27a3a2
[15:32:05] [Client thread/TRACE] [FML]:   Registry: 371 minecraft:entity.player.small_fall net.minecraft.util.SoundEvent@4b200971
[15:32:05] [Client thread/TRACE] [FML]:   Registry: 372 minecraft:entity.player.splash net.minecraft.util.SoundEvent@1a2bcd56
[15:32:05] [Client thread/TRACE] [FML]:   Registry: 373 minecraft:entity.player.swim net.minecraft.util.SoundEvent@68d7a2df
[15:32:05] [Client thread/TRACE] [FML]:   Registry: 374 minecraft:entity.polar_bear.ambient net.minecraft.util.SoundEvent@59dc36d4
[15:32:05] [Client thread/TRACE] [FML]:   Registry: 375 minecraft:entity.polar_bear.baby_ambient net.minecraft.util.SoundEvent@12fcc71f
[15:32:05] [Client thread/TRACE] [FML]:   Registry: 376 minecraft:entity.polar_bear.death net.minecraft.util.SoundEvent@5679e96b
[15:32:05] [Client thread/TRACE] [FML]:   Registry: 377 minecraft:entity.polar_bear.hurt net.minecraft.util.SoundEvent@3ed7821
[15:32:05] [Client thread/TRACE] [FML]:   Registry: 378 minecraft:entity.polar_bear.step net.minecraft.util.SoundEvent@3bbf841e
[15:32:05] [Client thread/TRACE] [FML]:   Registry: 379 minecraft:entity.polar_bear.warning net.minecraft.util.SoundEvent@4f0f7849
[15:32:05] [Client thread/TRACE] [FML]:   Registry: 380 minecraft:entity.rabbit.ambient net.minecraft.util.SoundEvent@56a4f272
[15:32:05] [Client thread/TRACE] [FML]:   Registry: 381 minecraft:entity.rabbit.attack net.minecraft.util.SoundEvent@3ee0b4f7
[15:32:05] [Client thread/TRACE] [FML]:   Registry: 382 minecraft:entity.rabbit.death net.minecraft.util.SoundEvent@79b84841
[15:32:05] [Client thread/TRACE] [FML]:   Registry: 383 minecraft:entity.rabbit.hurt net.minecraft.util.SoundEvent@4d41ba0f
[15:32:05] [Client thread/TRACE] [FML]:   Registry: 384 minecraft:entity.rabbit.jump net.minecraft.util.SoundEvent@3c87e6b7
[15:32:05] [Client thread/TRACE] [FML]:   Registry: 385 minecraft:entity.sheep.ambient net.minecraft.util.SoundEvent@77bbadc
[15:32:05] [Client thread/TRACE] [FML]:   Registry: 386 minecraft:entity.sheep.death net.minecraft.util.SoundEvent@3c3a0032
[15:32:05] [Client thread/TRACE] [FML]:   Registry: 387 minecraft:entity.sheep.hurt net.minecraft.util.SoundEvent@7ceb4478
[15:32:05] [Client thread/TRACE] [FML]:   Registry: 388 minecraft:entity.sheep.shear net.minecraft.util.SoundEvent@7fdab70c
[15:32:05] [Client thread/TRACE] [FML]:   Registry: 389 minecraft:entity.sheep.step net.minecraft.util.SoundEvent@25ad4f71
[15:32:05] [Client thread/TRACE] [FML]:   Registry: 390 minecraft:entity.shulker.ambient net.minecraft.util.SoundEvent@49faf066
[15:32:05] [Client thread/TRACE] [FML]:   Registry: 391 minecraft:entity.shulker.close net.minecraft.util.SoundEvent@6f94a5a5
[15:32:05] [Client thread/TRACE] [FML]:   Registry: 392 minecraft:entity.shulker.death net.minecraft.util.SoundEvent@455c1d8c
[15:32:05] [Client thread/TRACE] [FML]:   Registry: 393 minecraft:entity.shulker.hurt net.minecraft.util.SoundEvent@a451491
[15:32:05] [Client thread/TRACE] [FML]:   Registry: 394 minecraft:entity.shulker.hurt_closed net.minecraft.util.SoundEvent@1422ac7f
[15:32:05] [Client thread/TRACE] [FML]:   Registry: 395 minecraft:entity.shulker.open net.minecraft.util.SoundEvent@5e519ad3
[15:32:05] [Client thread/TRACE] [FML]:   Registry: 396 minecraft:entity.shulker.shoot net.minecraft.util.SoundEvent@7bc44ce8
[15:32:05] [Client thread/TRACE] [FML]:   Registry: 397 minecraft:entity.shulker.teleport net.minecraft.util.SoundEvent@59072e9d
[15:32:05] [Client thread/TRACE] [FML]:   Registry: 398 minecraft:entity.shulker_bullet.hit net.minecraft.util.SoundEvent@58472096
[15:32:05] [Client thread/TRACE] [FML]:   Registry: 399 minecraft:entity.shulker_bullet.hurt net.minecraft.util.SoundEvent@a92be4f
[15:32:05] [Client thread/TRACE] [FML]:   Registry: 400 minecraft:entity.silverfish.ambient net.minecraft.util.SoundEvent@53e800f9
[15:32:05] [Client thread/TRACE] [FML]:   Registry: 401 minecraft:entity.silverfish.death net.minecraft.util.SoundEvent@337bbfdf
[15:32:05] [Client thread/TRACE] [FML]:   Registry: 402 minecraft:entity.silverfish.hurt net.minecraft.util.SoundEvent@52d97ab6
[15:32:05] [Client thread/TRACE] [FML]:   Registry: 403 minecraft:entity.silverfish.step net.minecraft.util.SoundEvent@4da6d664
[15:32:05] [Client thread/TRACE] [FML]:   Registry: 404 minecraft:entity.skeleton.ambient net.minecraft.util.SoundEvent@5e5af8e1
[15:32:05] [Client thread/TRACE] [FML]:   Registry: 405 minecraft:entity.skeleton.death net.minecraft.util.SoundEvent@30b131b2
[15:32:05] [Client thread/TRACE] [FML]:   Registry: 406 minecraft:entity.skeleton.hurt net.minecraft.util.SoundEvent@2924f1d8
[15:32:05] [Client thread/TRACE] [FML]:   Registry: 407 minecraft:entity.skeleton.shoot net.minecraft.util.SoundEvent@524a076e
[15:32:05] [Client thread/TRACE] [FML]:   Registry: 408 minecraft:entity.skeleton.step net.minecraft.util.SoundEvent@5b5e7036
[15:32:05] [Client thread/TRACE] [FML]:   Registry: 409 minecraft:entity.skeleton_horse.ambient net.minecraft.util.SoundEvent@62dbe64e
[15:32:05] [Client thread/TRACE] [FML]:   Registry: 410 minecraft:entity.skeleton_horse.death net.minecraft.util.SoundEvent@6cff61fc
[15:32:05] [Client thread/TRACE] [FML]:   Registry: 411 minecraft:entity.skeleton_horse.hurt net.minecraft.util.SoundEvent@6e0c6a7a
[15:32:05] [Client thread/TRACE] [FML]:   Registry: 412 minecraft:entity.slime.attack net.minecraft.util.SoundEvent@467b684d
[15:32:05] [Client thread/TRACE] [FML]:   Registry: 413 minecraft:entity.slime.death net.minecraft.util.SoundEvent@7baf1f5a
[15:32:05] [Client thread/TRACE] [FML]:   Registry: 414 minecraft:entity.slime.hurt net.minecraft.util.SoundEvent@6cc86152
[15:32:05] [Client thread/TRACE] [FML]:   Registry: 415 minecraft:entity.slime.jump net.minecraft.util.SoundEvent@611a990b
[15:32:05] [Client thread/TRACE] [FML]:   Registry: 416 minecraft:entity.slime.squish net.minecraft.util.SoundEvent@7cbeac65
[15:32:05] [Client thread/TRACE] [FML]:   Registry: 417 minecraft:entity.small_magmacube.death net.minecraft.util.SoundEvent@7fe82967
[15:32:05] [Client thread/TRACE] [FML]:   Registry: 418 minecraft:entity.small_magmacube.hurt net.minecraft.util.SoundEvent@50850539
[15:32:05] [Client thread/TRACE] [FML]:   Registry: 419 minecraft:entity.small_magmacube.squish net.minecraft.util.SoundEvent@65e21ce3
[15:32:05] [Client thread/TRACE] [FML]:   Registry: 420 minecraft:entity.small_slime.death net.minecraft.util.SoundEvent@6c3659be
[15:32:05] [Client thread/TRACE] [FML]:   Registry: 421 minecraft:entity.small_slime.hurt net.minecraft.util.SoundEvent@522bf64e
[15:32:05] [Client thread/TRACE] [FML]:   Registry: 422 minecraft:entity.small_slime.jump net.minecraft.util.SoundEvent@2aff9dff
[15:32:05] [Client thread/TRACE] [FML]:   Registry: 423 minecraft:entity.small_slime.squish net.minecraft.util.SoundEvent@5f0f9947
[15:32:05] [Client thread/TRACE] [FML]:   Registry: 424 minecraft:entity.snowball.throw net.minecraft.util.SoundEvent@1aad0b1
[15:32:05] [Client thread/TRACE] [FML]:   Registry: 425 minecraft:entity.snowman.ambient net.minecraft.util.SoundEvent@c3edf4c
[15:32:05] [Client thread/TRACE] [FML]:   Registry: 426 minecraft:entity.snowman.death net.minecraft.util.SoundEvent@5af8bb51
[15:32:05] [Client thread/TRACE] [FML]:   Registry: 427 minecraft:entity.snowman.hurt net.minecraft.util.SoundEvent@799ed4e8
[15:32:05] [Client thread/TRACE] [FML]:   Registry: 428 minecraft:entity.snowman.shoot net.minecraft.util.SoundEvent@2e66bc32
[15:32:05] [Client thread/TRACE] [FML]:   Registry: 429 minecraft:entity.spider.ambient net.minecraft.util.SoundEvent@54d8c20d
[15:32:05] [Client thread/TRACE] [FML]:   Registry: 430 minecraft:entity.spider.death net.minecraft.util.SoundEvent@4b65d9f4
[15:32:05] [Client thread/TRACE] [FML]:   Registry: 431 minecraft:entity.spider.hurt net.minecraft.util.SoundEvent@44536de4
[15:32:05] [Client thread/TRACE] [FML]:   Registry: 432 minecraft:entity.spider.step net.minecraft.util.SoundEvent@5fcfde70
[15:32:05] [Client thread/TRACE] [FML]:   Registry: 433 minecraft:entity.splash_potion.break net.minecraft.util.SoundEvent@4d95a72e
[15:32:05] [Client thread/TRACE] [FML]:   Registry: 434 minecraft:entity.splash_potion.throw net.minecraft.util.SoundEvent@28da7d11
[15:32:05] [Client thread/TRACE] [FML]:   Registry: 435 minecraft:entity.squid.ambient net.minecraft.util.SoundEvent@77b919a3
[15:32:05] [Client thread/TRACE] [FML]:   Registry: 436 minecraft:entity.squid.death net.minecraft.util.SoundEvent@5624657a
[15:32:05] [Client thread/TRACE] [FML]:   Registry: 437 minecraft:entity.squid.hurt net.minecraft.util.SoundEvent@36681447
[15:32:05] [Client thread/TRACE] [FML]:   Registry: 438 minecraft:entity.stray.ambient net.minecraft.util.SoundEvent@4d21c56e
[15:32:05] [Client thread/TRACE] [FML]:   Registry: 439 minecraft:entity.stray.death net.minecraft.util.SoundEvent@726aa968
[15:32:05] [Client thread/TRACE] [FML]:   Registry: 440 minecraft:entity.stray.hurt net.minecraft.util.SoundEvent@7100dea
[15:32:05] [Client thread/TRACE] [FML]:   Registry: 441 minecraft:entity.stray.step net.minecraft.util.SoundEvent@712cfb63
[15:32:05] [Client thread/TRACE] [FML]:   Registry: 442 minecraft:entity.tnt.primed net.minecraft.util.SoundEvent@32e54a9d
[15:32:05] [Client thread/TRACE] [FML]:   Registry: 443 minecraft:entity.vex.ambient net.minecraft.util.SoundEvent@15639440
[15:32:05] [Client thread/TRACE] [FML]:   Registry: 444 minecraft:entity.vex.charge net.minecraft.util.SoundEvent@121bb45b
[15:32:05] [Client thread/TRACE] [FML]:   Registry: 445 minecraft:entity.vex.death net.minecraft.util.SoundEvent@4faa298
[15:32:05] [Client thread/TRACE] [FML]:   Registry: 446 minecraft:entity.vex.hurt net.minecraft.util.SoundEvent@1cd3b138
[15:32:05] [Client thread/TRACE] [FML]:   Registry: 447 minecraft:entity.villager.ambient net.minecraft.util.SoundEvent@151bf776
[15:32:05] [Client thread/TRACE] [FML]:   Registry: 448 minecraft:entity.villager.death net.minecraft.util.SoundEvent@5a6d30e2
[15:32:05] [Client thread/TRACE] [FML]:   Registry: 449 minecraft:entity.villager.hurt net.minecraft.util.SoundEvent@b52b755
[15:32:05] [Client thread/TRACE] [FML]:   Registry: 450 minecraft:entity.villager.no net.minecraft.util.SoundEvent@a098d76
[15:32:05] [Client thread/TRACE] [FML]:   Registry: 451 minecraft:entity.villager.trading net.minecraft.util.SoundEvent@40e37b06
[15:32:05] [Client thread/TRACE] [FML]:   Registry: 452 minecraft:entity.villager.yes net.minecraft.util.SoundEvent@733aa9d8
[15:32:05] [Client thread/TRACE] [FML]:   Registry: 453 minecraft:entity.vindication_illager.ambient net.minecraft.util.SoundEvent@6dcc40f5
[15:32:05] [Client thread/TRACE] [FML]:   Registry: 454 minecraft:entity.vindication_illager.death net.minecraft.util.SoundEvent@2b680207
[15:32:05] [Client thread/TRACE] [FML]:   Registry: 455 minecraft:entity.vindication_illager.hurt net.minecraft.util.SoundEvent@70887727
[15:32:05] [Client thread/TRACE] [FML]:   Registry: 456 minecraft:entity.witch.ambient net.minecraft.util.SoundEvent@56da7487
[15:32:05] [Client thread/TRACE] [FML]:   Registry: 457 minecraft:entity.witch.death net.minecraft.util.SoundEvent@599e4d41
[15:32:05] [Client thread/TRACE] [FML]:   Registry: 458 minecraft:entity.witch.drink net.minecraft.util.SoundEvent@328d044f
[15:32:05] [Client thread/TRACE] [FML]:   Registry: 459 minecraft:entity.witch.hurt net.minecraft.util.SoundEvent@10f7c76
[15:32:05] [Client thread/TRACE] [FML]:   Registry: 460 minecraft:entity.witch.throw net.minecraft.util.SoundEvent@4745e9c
[15:32:05] [Client thread/TRACE] [FML]:   Registry: 461 minecraft:entity.wither.ambient net.minecraft.util.SoundEvent@2f2bff16
[15:32:05] [Client thread/TRACE] [FML]:   Registry: 462 minecraft:entity.wither.break_block net.minecraft.util.SoundEvent@75de29c0
[15:32:05] [Client thread/TRACE] [FML]:   Registry: 463 minecraft:entity.wither.death net.minecraft.util.SoundEvent@fc807c1
[15:32:05] [Client thread/TRACE] [FML]:   Registry: 464 minecraft:entity.wither.hurt net.minecraft.util.SoundEvent@296e281a
[15:32:05] [Client thread/TRACE] [FML]:   Registry: 465 minecraft:entity.wither.shoot net.minecraft.util.SoundEvent@59cda16e
[15:32:05] [Client thread/TRACE] [FML]:   Registry: 466 minecraft:entity.wither.spawn net.minecraft.util.SoundEvent@5dd903be
[15:32:05] [Client thread/TRACE] [FML]:   Registry: 467 minecraft:entity.wither_skeleton.ambient net.minecraft.util.SoundEvent@12e0f1cb
[15:32:05] [Client thread/TRACE] [FML]:   Registry: 468 minecraft:entity.wither_skeleton.death net.minecraft.util.SoundEvent@4a163575
[15:32:05] [Client thread/TRACE] [FML]:   Registry: 469 minecraft:entity.wither_skeleton.hurt net.minecraft.util.SoundEvent@7e642b88
[15:32:05] [Client thread/TRACE] [FML]:   Registry: 470 minecraft:entity.wither_skeleton.step net.minecraft.util.SoundEvent@6b350309
[15:32:05] [Client thread/TRACE] [FML]:   Registry: 471 minecraft:entity.wolf.ambient net.minecraft.util.SoundEvent@7ecec90d
[15:32:05] [Client thread/TRACE] [FML]:   Registry: 472 minecraft:entity.wolf.death net.minecraft.util.SoundEvent@588f63c
[15:32:05] [Client thread/TRACE] [FML]:   Registry: 473 minecraft:entity.wolf.growl net.minecraft.util.SoundEvent@5a6fa56e
[15:32:05] [Client thread/TRACE] [FML]:   Registry: 474 minecraft:entity.wolf.howl net.minecraft.util.SoundEvent@1981d861
[15:32:05] [Client thread/TRACE] [FML]:   Registry: 475 minecraft:entity.wolf.hurt net.minecraft.util.SoundEvent@118ffcfd
[15:32:05] [Client thread/TRACE] [FML]:   Registry: 476 minecraft:entity.wolf.pant net.minecraft.util.SoundEvent@53f4c1e6
[15:32:05] [Client thread/TRACE] [FML]:   Registry: 477 minecraft:entity.wolf.shake net.minecraft.util.SoundEvent@74174a23
[15:32:05] [Client thread/TRACE] [FML]:   Registry: 478 minecraft:entity.wolf.step net.minecraft.util.SoundEvent@6342d610
[15:32:05] [Client thread/TRACE] [FML]:   Registry: 479 minecraft:entity.wolf.whine net.minecraft.util.SoundEvent@dc4a691
[15:32:05] [Client thread/TRACE] [FML]:   Registry: 480 minecraft:entity.zombie.ambient net.minecraft.util.SoundEvent@784abd3e
[15:32:05] [Client thread/TRACE] [FML]:   Registry: 481 minecraft:entity.zombie.attack_door_wood net.minecraft.util.SoundEvent@36c2b646
[15:32:05] [Client thread/TRACE] [FML]:   Registry: 482 minecraft:entity.zombie.attack_iron_door net.minecraft.util.SoundEvent@434514d8
[15:32:05] [Client thread/TRACE] [FML]:   Registry: 483 minecraft:entity.zombie.break_door_wood net.minecraft.util.SoundEvent@6b1dc20f
[15:32:05] [Client thread/TRACE] [FML]:   Registry: 484 minecraft:entity.zombie.death net.minecraft.util.SoundEvent@4613311f
[15:32:05] [Client thread/TRACE] [FML]:   Registry: 485 minecraft:entity.zombie.hurt net.minecraft.util.SoundEvent@6540cf1d
[15:32:05] [Client thread/TRACE] [FML]:   Registry: 486 minecraft:entity.zombie.infect net.minecraft.util.SoundEvent@ec8f4b9
[15:32:05] [Client thread/TRACE] [FML]:   Registry: 487 minecraft:entity.zombie.step net.minecraft.util.SoundEvent@bc042d5
[15:32:05] [Client thread/TRACE] [FML]:   Registry: 488 minecraft:entity.zombie_horse.ambient net.minecraft.util.SoundEvent@5484117b
[15:32:05] [Client thread/TRACE] [FML]:   Registry: 489 minecraft:entity.zombie_horse.death net.minecraft.util.SoundEvent@37df14d1
[15:32:05] [Client thread/TRACE] [FML]:   Registry: 490 minecraft:entity.zombie_horse.hurt net.minecraft.util.SoundEvent@7efb53af
[15:32:05] [Client thread/TRACE] [FML]:   Registry: 491 minecraft:entity.zombie_pig.ambient net.minecraft.util.SoundEvent@7724704f
[15:32:05] [Client thread/TRACE] [FML]:   Registry: 492 minecraft:entity.zombie_pig.angry net.minecraft.util.SoundEvent@3dfa819
[15:32:05] [Client thread/TRACE] [FML]:   Registry: 493 minecraft:entity.zombie_pig.death net.minecraft.util.SoundEvent@4ce94d2f
[15:32:05] [Client thread/TRACE] [FML]:   Registry: 494 minecraft:entity.zombie_pig.hurt net.minecraft.util.SoundEvent@68ab0936
[15:32:05] [Client thread/TRACE] [FML]:   Registry: 495 minecraft:entity.zombie_villager.ambient net.minecraft.util.SoundEvent@3cd9aa64
[15:32:05] [Client thread/TRACE] [FML]:   Registry: 496 minecraft:entity.zombie_villager.converted net.minecraft.util.SoundEvent@42b84286
[15:32:05] [Client thread/TRACE] [FML]:   Registry: 497 minecraft:entity.zombie_villager.cure net.minecraft.util.SoundEvent@443effcb
[15:32:05] [Client thread/TRACE] [FML]:   Registry: 498 minecraft:entity.zombie_villager.death net.minecraft.util.SoundEvent@74ecacc3
[15:32:05] [Client thread/TRACE] [FML]:   Registry: 499 minecraft:entity.zombie_villager.hurt net.minecraft.util.SoundEvent@517a2b0
[15:32:05] [Client thread/TRACE] [FML]:   Registry: 500 minecraft:entity.zombie_villager.step net.minecraft.util.SoundEvent@53b7ce6
[15:32:05] [Client thread/TRACE] [FML]:   Registry: 501 minecraft:item.armor.equip_chain net.minecraft.util.SoundEvent@36480b2d
[15:32:05] [Client thread/TRACE] [FML]:   Registry: 502 minecraft:item.armor.equip_diamond net.minecraft.util.SoundEvent@27d33393
[15:32:05] [Client thread/TRACE] [FML]:   Registry: 503 minecraft:item.armor.equip_elytra net.minecraft.util.SoundEvent@1f6917fb
[15:32:05] [Client thread/TRACE] [FML]:   Registry: 504 minecraft:item.armor.equip_generic net.minecraft.util.SoundEvent@41eb94bc
[15:32:05] [Client thread/TRACE] [FML]:   Registry: 505 minecraft:item.armor.equip_gold net.minecraft.util.SoundEvent@378cfecf
[15:32:05] [Client thread/TRACE] [FML]:   Registry: 506 minecraft:item.armor.equip_iron net.minecraft.util.SoundEvent@97d0c06
[15:32:05] [Client thread/TRACE] [FML]:   Registry: 507 minecraft:item.armor.equip_leather net.minecraft.util.SoundEvent@5e7c141d
[15:32:05] [Client thread/TRACE] [FML]:   Registry: 508 minecraft:item.bottle.empty net.minecraft.util.SoundEvent@43af351a
[15:32:05] [Client thread/TRACE] [FML]:   Registry: 509 minecraft:item.bottle.fill net.minecraft.util.SoundEvent@1305c126
[15:32:05] [Client thread/TRACE] [FML]:   Registry: 510 minecraft:item.bottle.fill_dragonbreath net.minecraft.util.SoundEvent@72f9f27c
[15:32:05] [Client thread/TRACE] [FML]:   Registry: 511 minecraft:item.bucket.empty net.minecraft.util.SoundEvent@4c1bdcc2
[15:32:05] [Client thread/TRACE] [FML]:   Registry: 512 minecraft:item.bucket.empty_lava net.minecraft.util.SoundEvent@762637be
[15:32:05] [Client thread/TRACE] [FML]:   Registry: 513 minecraft:item.bucket.fill net.minecraft.util.SoundEvent@4b97c4ad
[15:32:05] [Client thread/TRACE] [FML]:   Registry: 514 minecraft:item.bucket.fill_lava net.minecraft.util.SoundEvent@7640a5b1
[15:32:05] [Client thread/TRACE] [FML]:   Registry: 515 minecraft:item.chorus_fruit.teleport net.minecraft.util.SoundEvent@642f9a77
[15:32:05] [Client thread/TRACE] [FML]:   Registry: 516 minecraft:item.elytra.flying net.minecraft.util.SoundEvent@23f3da8b
[15:32:05] [Client thread/TRACE] [FML]:   Registry: 517 minecraft:item.firecharge.use net.minecraft.util.SoundEvent@5634d0f4
[15:32:05] [Client thread/TRACE] [FML]:   Registry: 518 minecraft:item.flintandsteel.use net.minecraft.util.SoundEvent@252a8aae
[15:32:05] [Client thread/TRACE] [FML]:   Registry: 519 minecraft:item.hoe.till net.minecraft.util.SoundEvent@3d4e405e
[15:32:05] [Client thread/TRACE] [FML]:   Registry: 520 minecraft:item.shield.block net.minecraft.util.SoundEvent@54e2fe
[15:32:05] [Client thread/TRACE] [FML]:   Registry: 521 minecraft:item.shield.break net.minecraft.util.SoundEvent@70972170
[15:32:05] [Client thread/TRACE] [FML]:   Registry: 522 minecraft:item.shovel.flatten net.minecraft.util.SoundEvent@119aa36
[15:32:05] [Client thread/TRACE] [FML]:   Registry: 523 minecraft:item.totem.use net.minecraft.util.SoundEvent@4e1a46fb
[15:32:05] [Client thread/TRACE] [FML]:   Registry: 524 minecraft:music.creative net.minecraft.util.SoundEvent@69fe0ed4
[15:32:05] [Client thread/TRACE] [FML]:   Registry: 525 minecraft:music.credits net.minecraft.util.SoundEvent@20ab3e3a
[15:32:05] [Client thread/TRACE] [FML]:   Registry: 526 minecraft:music.dragon net.minecraft.util.SoundEvent@6caf7803
[15:32:05] [Client thread/TRACE] [FML]:   Registry: 527 minecraft:music.end net.minecraft.util.SoundEvent@709ed6f3
[15:32:05] [Client thread/TRACE] [FML]:   Registry: 528 minecraft:music.game net.minecraft.util.SoundEvent@698fee9a
[15:32:05] [Client thread/TRACE] [FML]:   Registry: 529 minecraft:music.menu net.minecraft.util.SoundEvent@102c577f
[15:32:05] [Client thread/TRACE] [FML]:   Registry: 530 minecraft:music.nether net.minecraft.util.SoundEvent@7d44a19
[15:32:05] [Client thread/TRACE] [FML]:   Registry: 531 minecraft:record.11 net.minecraft.util.SoundEvent@1fb2d5e
[15:32:05] [Client thread/TRACE] [FML]:   Registry: 532 minecraft:record.13 net.minecraft.util.SoundEvent@1716e8c5
[15:32:05] [Client thread/TRACE] [FML]:   Registry: 533 minecraft:record.blocks net.minecraft.util.SoundEvent@6573d2f7
[15:32:05] [Client thread/TRACE] [FML]:   Registry: 534 minecraft:record.cat net.minecraft.util.SoundEvent@4052c8c2
[15:32:05] [Client thread/TRACE] [FML]:   Registry: 535 minecraft:record.chirp net.minecraft.util.SoundEvent@181b8c4b
[15:32:05] [Client thread/TRACE] [FML]:   Registry: 536 minecraft:record.far net.minecraft.util.SoundEvent@38eb0f4d
[15:32:05] [Client thread/TRACE] [FML]:   Registry: 537 minecraft:record.mall net.minecraft.util.SoundEvent@437486cd
[15:32:05] [Client thread/TRACE] [FML]:   Registry: 538 minecraft:record.mellohi net.minecraft.util.SoundEvent@15b642b9
[15:32:05] [Client thread/TRACE] [FML]:   Registry: 539 minecraft:record.stal net.minecraft.util.SoundEvent@518bfd90
[15:32:05] [Client thread/TRACE] [FML]:   Registry: 540 minecraft:record.strad net.minecraft.util.SoundEvent@317a118b
[15:32:05] [Client thread/TRACE] [FML]:   Registry: 541 minecraft:record.wait net.minecraft.util.SoundEvent@56dfab87
[15:32:05] [Client thread/TRACE] [FML]:   Registry: 542 minecraft:record.ward net.minecraft.util.SoundEvent@715b886f
[15:32:05] [Client thread/TRACE] [FML]:   Registry: 543 minecraft:ui.button.click net.minecraft.util.SoundEvent@7fb29ca9
[15:32:05] [Client thread/TRACE] [FML]:   Registry: 544 minecraft:ui.toast.in net.minecraft.util.SoundEvent@1e253c9d
[15:32:05] [Client thread/TRACE] [FML]:   Registry: 545 minecraft:ui.toast.out net.minecraft.util.SoundEvent@350d3f4d
[15:32:05] [Client thread/TRACE] [FML]:   Registry: 546 minecraft:ui.toast.challenge_complete net.minecraft.util.SoundEvent@18b8d173
[15:32:05] [Client thread/TRACE] [FML]:   Registry: 547 minecraft:weather.rain net.minecraft.util.SoundEvent@73844119
[15:32:05] [Client thread/TRACE] [FML]:   Registry: 548 minecraft:weather.rain.above net.minecraft.util.SoundEvent@44f24a20
[15:32:05] [Client thread/TRACE] [FML]: Registry Name : minecraft:potiontypes
[15:32:05] [Client thread/TRACE] [FML]:   Registry: 0 minecraft:empty net.minecraft.potion.PotionType@1008df1e
[15:32:05] [Client thread/TRACE] [FML]:   Registry: 1 minecraft:water net.minecraft.potion.PotionType@7ee12d58
[15:32:05] [Client thread/TRACE] [FML]:   Registry: 2 minecraft:mundane net.minecraft.potion.PotionType@e72fb04
[15:32:05] [Client thread/TRACE] [FML]:   Registry: 3 minecraft:thick net.minecraft.potion.PotionType@1533338c
[15:32:05] [Client thread/TRACE] [FML]:   Registry: 4 minecraft:awkward net.minecraft.potion.PotionType@4315fe1b
[15:32:05] [Client thread/TRACE] [FML]:   Registry: 5 minecraft:night_vision net.minecraft.potion.PotionType@34e990cc
[15:32:05] [Client thread/TRACE] [FML]:   Registry: 6 minecraft:long_night_vision net.minecraft.potion.PotionType@2d5ae78e
[15:32:05] [Client thread/TRACE] [FML]:   Registry: 7 minecraft:invisibility net.minecraft.potion.PotionType@21f91efa
[15:32:05] [Client thread/TRACE] [FML]:   Registry: 8 minecraft:long_invisibility net.minecraft.potion.PotionType@4df0d9f8
[15:32:05] [Client thread/TRACE] [FML]:   Registry: 9 minecraft:leaping net.minecraft.potion.PotionType@35e75f7a
[15:32:05] [Client thread/TRACE] [FML]:   Registry: 10 minecraft:long_leaping net.minecraft.potion.PotionType@4f7bb8df
[15:32:05] [Client thread/TRACE] [FML]:   Registry: 11 minecraft:strong_leaping net.minecraft.potion.PotionType@269c7104
[15:32:05] [Client thread/TRACE] [FML]:   Registry: 12 minecraft:fire_resistance net.minecraft.potion.PotionType@6de84336
[15:32:05] [Client thread/TRACE] [FML]:   Registry: 13 minecraft:long_fire_resistance net.minecraft.potion.PotionType@627bcd7e
[15:32:05] [Client thread/TRACE] [FML]:   Registry: 14 minecraft:swiftness net.minecraft.potion.PotionType@70543cae
[15:32:05] [Client thread/TRACE] [FML]:   Registry: 15 minecraft:long_swiftness net.minecraft.potion.PotionType@350567f1
[15:32:05] [Client thread/TRACE] [FML]:   Registry: 16 minecraft:strong_swiftness net.minecraft.potion.PotionType@1a5b7394
[15:32:05] [Client thread/TRACE] [FML]:   Registry: 17 minecraft:slowness net.minecraft.potion.PotionType@26f75d9c
[15:32:05] [Client thread/TRACE] [FML]:   Registry: 18 minecraft:long_slowness net.minecraft.potion.PotionType@7717b4a0
[15:32:05] [Client thread/TRACE] [FML]:   Registry: 19 minecraft:water_breathing net.minecraft.potion.PotionType@69b37f5c
[15:32:05] [Client thread/TRACE] [FML]:   Registry: 20 minecraft:long_water_breathing net.minecraft.potion.PotionType@28b5662d
[15:32:05] [Client thread/TRACE] [FML]:   Registry: 21 minecraft:healing net.minecraft.potion.PotionType@34b2d51a
[15:32:05] [Client thread/TRACE] [FML]:   Registry: 22 minecraft:strong_healing net.minecraft.potion.PotionType@7e4ac598
[15:32:05] [Client thread/TRACE] [FML]:   Registry: 23 minecraft:harming net.minecraft.potion.PotionType@cf10c92
[15:32:05] [Client thread/TRACE] [FML]:   Registry: 24 minecraft:strong_harming net.minecraft.potion.PotionType@f76872f
[15:32:05] [Client thread/TRACE] [FML]:   Registry: 25 minecraft:poison net.minecraft.potion.PotionType@2d4e99de
[15:32:05] [Client thread/TRACE] [FML]:   Registry: 26 minecraft:long_poison net.minecraft.potion.PotionType@580ffea
[15:32:05] [Client thread/TRACE] [FML]:   Registry: 27 minecraft:strong_poison net.minecraft.potion.PotionType@191e654
[15:32:05] [Client thread/TRACE] [FML]:   Registry: 28 minecraft:regeneration net.minecraft.potion.PotionType@3a6556b6
[15:32:05] [Client thread/TRACE] [FML]:   Registry: 29 minecraft:long_regeneration net.minecraft.potion.PotionType@63bca84d
[15:32:05] [Client thread/TRACE] [FML]:   Registry: 30 minecraft:strong_regeneration net.minecraft.potion.PotionType@6141647f
[15:32:05] [Client thread/TRACE] [FML]:   Registry: 31 minecraft:strength net.minecraft.potion.PotionType@6f6c8d45
[15:32:05] [Client thread/TRACE] [FML]:   Registry: 32 minecraft:long_strength net.minecraft.potion.PotionType@7f2ca6f8
[15:32:05] [Client thread/TRACE] [FML]:   Registry: 33 minecraft:strong_strength net.minecraft.potion.PotionType@79d49790
[15:32:05] [Client thread/TRACE] [FML]:   Registry: 34 minecraft:weakness net.minecraft.potion.PotionType@13dc6649
[15:32:05] [Client thread/TRACE] [FML]:   Registry: 35 minecraft:long_weakness net.minecraft.potion.PotionType@1851c7d2
[15:32:05] [Client thread/TRACE] [FML]:   Registry: 36 minecraft:luck net.minecraft.potion.PotionType@250a946
[15:32:05] [Client thread/TRACE] [FML]: Registry Name : minecraft:enchantments
[15:32:05] [Client thread/TRACE] [FML]:   Registry: 0 minecraft:protection net.minecraft.enchantment.EnchantmentProtection@2707c790
[15:32:05] [Client thread/TRACE] [FML]:   Registry: 1 minecraft:fire_protection net.minecraft.enchantment.EnchantmentProtection@7de3206d
[15:32:05] [Client thread/TRACE] [FML]:   Registry: 2 minecraft:feather_falling net.minecraft.enchantment.EnchantmentProtection@6dece1f9
[15:32:05] [Client thread/TRACE] [FML]:   Registry: 3 minecraft:blast_protection net.minecraft.enchantment.EnchantmentProtection@2b936b04
[15:32:05] [Client thread/TRACE] [FML]:   Registry: 4 minecraft:projectile_protection net.minecraft.enchantment.EnchantmentProtection@32b112a1
[15:32:05] [Client thread/TRACE] [FML]:   Registry: 5 minecraft:respiration net.minecraft.enchantment.EnchantmentOxygen@2d913116
[15:32:05] [Client thread/TRACE] [FML]:   Registry: 6 minecraft:aqua_affinity net.minecraft.enchantment.EnchantmentWaterWorker@49d42faf
[15:32:05] [Client thread/TRACE] [FML]:   Registry: 7 minecraft:thorns net.minecraft.enchantment.EnchantmentThorns@66715ca9
[15:32:05] [Client thread/TRACE] [FML]:   Registry: 8 minecraft:depth_strider net.minecraft.enchantment.EnchantmentWaterWalker@77ecdc2b
[15:32:05] [Client thread/TRACE] [FML]:   Registry: 9 minecraft:frost_walker net.minecraft.enchantment.EnchantmentFrostWalker@41a23470
[15:32:05] [Client thread/TRACE] [FML]:   Registry: 10 minecraft:binding_curse net.minecraft.enchantment.EnchantmentBindingCurse@25fd6d1e
[15:32:05] [Client thread/TRACE] [FML]:   Registry: 16 minecraft:sharpness net.minecraft.enchantment.EnchantmentDamage@58aa5c94
[15:32:05] [Client thread/TRACE] [FML]:   Registry: 17 minecraft:smite net.minecraft.enchantment.EnchantmentDamage@5d27b4c1
[15:32:05] [Client thread/TRACE] [FML]:   Registry: 18 minecraft:bane_of_arthropods net.minecraft.enchantment.EnchantmentDamage@50df37eb
[15:32:05] [Client thread/TRACE] [FML]:   Registry: 19 minecraft:knockback net.minecraft.enchantment.EnchantmentKnockback@473847fb
[15:32:05] [Client thread/TRACE] [FML]:   Registry: 20 minecraft:fire_aspect net.minecraft.enchantment.EnchantmentFireAspect@1d6f77d7
[15:32:05] [Client thread/TRACE] [FML]:   Registry: 21 minecraft:looting net.minecraft.enchantment.EnchantmentLootBonus@46702c26
[15:32:05] [Client thread/TRACE] [FML]:   Registry: 22 minecraft:sweeping net.minecraft.enchantment.EnchantmentSweepingEdge@2e3cd732
[15:32:05] [Client thread/TRACE] [FML]:   Registry: 32 minecraft:efficiency net.minecraft.enchantment.EnchantmentDigging@7ea3839e
[15:32:05] [Client thread/TRACE] [FML]:   Registry: 33 minecraft:silk_touch net.minecraft.enchantment.EnchantmentUntouching@7f6b57f2
[15:32:05] [Client thread/TRACE] [FML]:   Registry: 34 minecraft:unbreaking net.minecraft.enchantment.EnchantmentDurability@5e51ec2e
[15:32:05] [Client thread/TRACE] [FML]:   Registry: 35 minecraft:fortune net.minecraft.enchantment.EnchantmentLootBonus@15f2a43f
[15:32:05] [Client thread/TRACE] [FML]:   Registry: 48 minecraft:power net.minecraft.enchantment.EnchantmentArrowDamage@b5de9ac
[15:32:05] [Client thread/TRACE] [FML]:   Registry: 49 minecraft:punch net.minecraft.enchantment.EnchantmentArrowKnockback@145e958f
[15:32:05] [Client thread/TRACE] [FML]:   Registry: 50 minecraft:flame net.minecraft.enchantment.EnchantmentArrowFire@5ee77baf
[15:32:05] [Client thread/TRACE] [FML]:   Registry: 51 minecraft:infinity net.minecraft.enchantment.EnchantmentArrowInfinite@7afb9c93
[15:32:05] [Client thread/TRACE] [FML]:   Registry: 61 minecraft:luck_of_the_sea net.minecraft.enchantment.EnchantmentLootBonus@30d15e4a
[15:32:05] [Client thread/TRACE] [FML]:   Registry: 62 minecraft:lure net.minecraft.enchantment.EnchantmentFishingSpeed@4a9bce99
[15:32:05] [Client thread/TRACE] [FML]:   Registry: 70 minecraft:mending net.minecraft.enchantment.EnchantmentMending@1be8c122
[15:32:05] [Client thread/TRACE] [FML]:   Registry: 71 minecraft:vanishing_curse net.minecraft.enchantment.EnchantmentVanishingCurse@52cb52bd
[15:32:05] [Client thread/TRACE] [FML]: Registry Name : minecraft:recipes
[15:32:05] [Client thread/TRACE] [FML]:   Registry: 0 minecraft:armordye net.minecraft.item.crafting.RecipesArmorDyes@3e2772a9
[15:32:05] [Client thread/TRACE] [FML]:   Registry: 1 minecraft:bookcloning net.minecraft.item.crafting.RecipeBookCloning@117fb9ba
[15:32:05] [Client thread/TRACE] [FML]:   Registry: 2 minecraft:mapcloning net.minecraft.item.crafting.RecipesMapCloning@5b88af70
[15:32:05] [Client thread/TRACE] [FML]:   Registry: 3 minecraft:mapextending net.minecraft.item.crafting.RecipesMapExtending@7d5ef1c3
[15:32:05] [Client thread/TRACE] [FML]:   Registry: 4 minecraft:fireworks net.minecraft.item.crafting.RecipeFireworks@5bf7f15f
[15:32:05] [Client thread/TRACE] [FML]:   Registry: 5 minecraft:repairitem net.minecraft.item.crafting.RecipeRepairItem@2c154508
[15:32:05] [Client thread/TRACE] [FML]:   Registry: 6 minecraft:tippedarrow net.minecraft.item.crafting.RecipeTippedArrow@5c3710b3
[15:32:05] [Client thread/TRACE] [FML]:   Registry: 7 minecraft:bannerduplicate net.minecraft.item.crafting.RecipesBanners$RecipeDuplicatePattern@32646ecf
[15:32:05] [Client thread/TRACE] [FML]:   Registry: 8 minecraft:banneraddpattern net.minecraft.item.crafting.RecipesBanners$RecipeAddPattern@b6136eb
[15:32:05] [Client thread/TRACE] [FML]:   Registry: 9 minecraft:shielddecoration net.minecraft.item.crafting.ShieldRecipes$Decoration@7b9c2387
[15:32:05] [Client thread/TRACE] [FML]:   Registry: 10 minecraft:shulkerboxcoloring net.minecraft.item.crafting.ShulkerBoxRecipes$ShulkerBoxColoring@2aa07d80
[15:32:05] [Client thread/TRACE] [FML]:   Registry: 11 minecraft:yellow_wool net.minecraft.item.crafting.ShapelessRecipes@1e7cfd49
[15:32:05] [Client thread/TRACE] [FML]:   Registry: 12 minecraft:yellow_stained_hardened_clay net.minecraft.item.crafting.ShapedRecipes@3400d6fa
[15:32:05] [Client thread/TRACE] [FML]:   Registry: 13 minecraft:yellow_stained_glass_pane net.minecraft.item.crafting.ShapedRecipes@2168def
[15:32:05] [Client thread/TRACE] [FML]:   Registry: 14 minecraft:yellow_stained_glass net.minecraft.item.crafting.ShapedRecipes@54a6ef6
[15:32:05] [Client thread/TRACE] [FML]:   Registry: 15 minecraft:yellow_dye_from_sunflower net.minecraft.item.crafting.ShapelessRecipes@405603b6
[15:32:05] [Client thread/TRACE] [FML]:   Registry: 16 minecraft:yellow_dye_from_dandelion net.minecraft.item.crafting.ShapelessRecipes@5f5a33ed
[15:32:05] [Client thread/TRACE] [FML]:   Registry: 17 minecraft:yellow_concrete_powder net.minecraft.item.crafting.ShapelessRecipes@3cf06a01
[15:32:05] [Client thread/TRACE] [FML]:   Registry: 18 minecraft:yellow_carpet net.minecraft.item.crafting.ShapedRecipes@86377d5
[15:32:05] [Client thread/TRACE] [FML]:   Registry: 19 minecraft:yellow_bed_from_white_bed net.minecraft.item.crafting.ShapelessRecipes@2f8f40cc
[15:32:05] [Client thread/TRACE] [FML]:   Registry: 20 minecraft:yellow_bed net.minecraft.item.crafting.ShapedRecipes@76e9eed8
[15:32:05] [Client thread/TRACE] [FML]:   Registry: 21 minecraft:yellow_banner net.minecraft.item.crafting.ShapedRecipes@702cfbde
[15:32:05] [Client thread/TRACE] [FML]:   Registry: 22 minecraft:writable_book net.minecraft.item.crafting.ShapelessRecipes@29bd2796
[15:32:05] [Client thread/TRACE] [FML]:   Registry: 23 minecraft:wooden_sword net.minecraft.item.crafting.ShapedRecipes@7ebc5be6
[15:32:05] [Client thread/TRACE] [FML]:   Registry: 24 minecraft:wooden_shovel net.minecraft.item.crafting.ShapedRecipes@6ab50d1c
[15:32:05] [Client thread/TRACE] [FML]:   Registry: 25 minecraft:wooden_pressure_plate net.minecraft.item.crafting.ShapedRecipes@484302ee
[15:32:05] [Client thread/TRACE] [FML]:   Registry: 26 minecraft:wooden_pickaxe net.minecraft.item.crafting.ShapedRecipes@21d8da75
[15:32:05] [Client thread/TRACE] [FML]:   Registry: 27 minecraft:wooden_hoe net.minecraft.item.crafting.ShapedRecipes@7538cfe6
[15:32:05] [Client thread/TRACE] [FML]:   Registry: 28 minecraft:wooden_door net.minecraft.item.crafting.ShapedRecipes@28b2e4d8
[15:32:05] [Client thread/TRACE] [FML]:   Registry: 29 minecraft:wooden_button net.minecraft.item.crafting.ShapedRecipes@fa11fda
[15:32:05] [Client thread/TRACE] [FML]:   Registry: 30 minecraft:wooden_axe net.minecraft.item.crafting.ShapedRecipes@34695b23
[15:32:05] [Client thread/TRACE] [FML]:   Registry: 31 minecraft:white_stained_hardened_clay net.minecraft.item.crafting.ShapedRecipes@6c9151c1
[15:32:05] [Client thread/TRACE] [FML]:   Registry: 32 minecraft:white_stained_glass_pane net.minecraft.item.crafting.ShapedRecipes@4331be30
[15:32:05] [Client thread/TRACE] [FML]:   Registry: 33 minecraft:white_stained_glass net.minecraft.item.crafting.ShapedRecipes@75add13c
[15:32:05] [Client thread/TRACE] [FML]:   Registry: 34 minecraft:white_concrete_powder net.minecraft.item.crafting.ShapelessRecipes@448892f1
[15:32:05] [Client thread/TRACE] [FML]:   Registry: 35 minecraft:white_carpet net.minecraft.item.crafting.ShapedRecipes@7ef60c02
[15:32:05] [Client thread/TRACE] [FML]:   Registry: 36 minecraft:white_bed net.minecraft.item.crafting.ShapedRecipes@24e2355c
[15:32:05] [Client thread/TRACE] [FML]:   Registry: 37 minecraft:white_banner net.minecraft.item.crafting.ShapedRecipes@23e9dd78
[15:32:05] [Client thread/TRACE] [FML]:   Registry: 38 minecraft:wheat net.minecraft.item.crafting.ShapedRecipes@73b8ab2c
[15:32:05] [Client thread/TRACE] [FML]:   Registry: 39 minecraft:tripwire_hook net.minecraft.item.crafting.ShapedRecipes@2e44cb34
[15:32:05] [Client thread/TRACE] [FML]:   Registry: 40 minecraft:trapped_chest net.minecraft.item.crafting.ShapelessRecipes@2890e479
[15:32:05] [Client thread/TRACE] [FML]:   Registry: 41 minecraft:trapdoor net.minecraft.item.crafting.ShapedRecipes@628bd77e
[15:32:05] [Client thread/TRACE] [FML]:   Registry: 42 minecraft:torch net.minecraft.item.crafting.ShapedRecipes@1dbc607d
[15:32:05] [Client thread/TRACE] [FML]:   Registry: 43 minecraft:tnt_minecart net.minecraft.item.crafting.ShapedRecipes@362cf66
[15:32:05] [Client thread/TRACE] [FML]:   Registry: 44 minecraft:tnt net.minecraft.item.crafting.ShapedRecipes@2fafa7b5
[15:32:05] [Client thread/TRACE] [FML]:   Registry: 45 minecraft:sugar net.minecraft.item.crafting.ShapedRecipes@3815a7d1
[15:32:05] [Client thread/TRACE] [FML]:   Registry: 46 minecraft:string_to_wool net.minecraft.item.crafting.ShapedRecipes@4bbc02ef
[15:32:05] [Client thread/TRACE] [FML]:   Registry: 47 minecraft:stonebrick net.minecraft.item.crafting.ShapedRecipes@1d9ff1e2
[15:32:05] [Client thread/TRACE] [FML]:   Registry: 48 minecraft:stone_sword net.minecraft.item.crafting.ShapedRecipes@624d778e
[15:32:05] [Client thread/TRACE] [FML]:   Registry: 49 minecraft:stone_stairs net.minecraft.item.crafting.ShapedRecipes@45f241df
[15:32:05] [Client thread/TRACE] [FML]:   Registry: 50 minecraft:stone_slab net.minecraft.item.crafting.ShapedRecipes@3c2dda7c
[15:32:05] [Client thread/TRACE] [FML]:   Registry: 51 minecraft:stone_shovel net.minecraft.item.crafting.ShapedRecipes@2bc59ab7
[15:32:05] [Client thread/TRACE] [FML]:   Registry: 52 minecraft:stone_pressure_plate net.minecraft.item.crafting.ShapedRecipes@7210f559
[15:32:05] [Client thread/TRACE] [FML]:   Registry: 53 minecraft:stone_pickaxe net.minecraft.item.crafting.ShapedRecipes@41404aa2
[15:32:05] [Client thread/TRACE] [FML]:   Registry: 54 minecraft:stone_hoe net.minecraft.item.crafting.ShapedRecipes@799971ac
[15:32:05] [Client thread/TRACE] [FML]:   Registry: 55 minecraft:stone_button net.minecraft.item.crafting.ShapedRecipes@1a3c4b3e
[15:32:05] [Client thread/TRACE] [FML]:   Registry: 56 minecraft:stone_brick_stairs net.minecraft.item.crafting.ShapedRecipes@39c5a105
[15:32:05] [Client thread/TRACE] [FML]:   Registry: 57 minecraft:stone_brick_slab net.minecraft.item.crafting.ShapedRecipes@470135da
[15:32:05] [Client thread/TRACE] [FML]:   Registry: 58 minecraft:stone_axe net.minecraft.item.crafting.ShapedRecipes@6cb194f5
[15:32:05] [Client thread/TRACE] [FML]:   Registry: 59 minecraft:sticky_piston net.minecraft.item.crafting.ShapedRecipes@1e482ecd
[15:32:05] [Client thread/TRACE] [FML]:   Registry: 60 minecraft:stick net.minecraft.item.crafting.ShapedRecipes@5615f82d
[15:32:05] [Client thread/TRACE] [FML]:   Registry: 61 minecraft:spruce_wooden_slab net.minecraft.item.crafting.ShapedRecipes@5724c7da
[15:32:05] [Client thread/TRACE] [FML]:   Registry: 62 minecraft:spruce_stairs net.minecraft.item.crafting.ShapedRecipes@4ba13fed
[15:32:05] [Client thread/TRACE] [FML]:   Registry: 63 minecraft:spruce_planks net.minecraft.item.crafting.ShapedRecipes@31443680
[15:32:05] [Client thread/TRACE] [FML]:   Registry: 64 minecraft:spruce_fence_gate net.minecraft.item.crafting.ShapedRecipes@67a38
[15:32:05] [Client thread/TRACE] [FML]:   Registry: 65 minecraft:spruce_fence net.minecraft.item.crafting.ShapedRecipes@93fb44
[15:32:05] [Client thread/TRACE] [FML]:   Registry: 66 minecraft:spruce_door net.minecraft.item.crafting.ShapedRecipes@c87787d
[15:32:05] [Client thread/TRACE] [FML]:   Registry: 67 minecraft:spruce_boat net.minecraft.item.crafting.ShapedRecipes@1ab9c735
[15:32:05] [Client thread/TRACE] [FML]:   Registry: 68 minecraft:spectral_arrow net.minecraft.item.crafting.ShapedRecipes@72ceafeb
[15:32:05] [Client thread/TRACE] [FML]:   Registry: 69 minecraft:speckled_melon net.minecraft.item.crafting.ShapedRecipes@63d3c9dc
[15:32:05] [Client thread/TRACE] [FML]:   Registry: 70 minecraft:snow_layer net.minecraft.item.crafting.ShapedRecipes@4be460e5
[15:32:05] [Client thread/TRACE] [FML]:   Registry: 71 minecraft:snow net.minecraft.item.crafting.ShapedRecipes@c2e33
[15:32:05] [Client thread/TRACE] [FML]:   Registry: 72 minecraft:smooth_sandstone net.minecraft.item.crafting.ShapedRecipes@56f84c9b
[15:32:05] [Client thread/TRACE] [FML]:   Registry: 73 minecraft:smooth_red_sandstone net.minecraft.item.crafting.ShapedRecipes@5bad555b
[15:32:05] [Client thread/TRACE] [FML]:   Registry: 74 minecraft:slime_ball net.minecraft.item.crafting.ShapedRecipes@24f90aff
[15:32:05] [Client thread/TRACE] [FML]:   Registry: 75 minecraft:slime net.minecraft.item.crafting.ShapedRecipes@201a8ea7
[15:32:05] [Client thread/TRACE] [FML]:   Registry: 76 minecraft:sign net.minecraft.item.crafting.ShapedRecipes@735988cf
[15:32:05] [Client thread/TRACE] [FML]:   Registry: 77 minecraft:shield net.minecraft.item.crafting.ShapedRecipes@6294e4a6
[15:32:05] [Client thread/TRACE] [FML]:   Registry: 78 minecraft:shears net.minecraft.item.crafting.ShapedRecipes@6ef4297d
[15:32:05] [Client thread/TRACE] [FML]:   Registry: 79 minecraft:sea_lantern net.minecraft.item.crafting.ShapedRecipes@460e5ffe
[15:32:05] [Client thread/TRACE] [FML]:   Registry: 80 minecraft:sandstone_stairs net.minecraft.item.crafting.ShapedRecipes@620572db
[15:32:05] [Client thread/TRACE] [FML]:   Registry: 81 minecraft:sandstone_slab net.minecraft.item.crafting.ShapedRecipes@1a02ebe0
[15:32:05] [Client thread/TRACE] [FML]:   Registry: 82 minecraft:sandstone net.minecraft.item.crafting.ShapedRecipes@752494dd
[15:32:05] [Client thread/TRACE] [FML]:   Registry: 83 minecraft:repeater net.minecraft.item.crafting.ShapedRecipes@57bd9c2b
[15:32:05] [Client thread/TRACE] [FML]:   Registry: 84 minecraft:redstone_torch net.minecraft.item.crafting.ShapedRecipes@a7ae340
[15:32:05] [Client thread/TRACE] [FML]:   Registry: 85 minecraft:redstone_lamp net.minecraft.item.crafting.ShapedRecipes@4b00d59
[15:32:05] [Client thread/TRACE] [FML]:   Registry: 86 minecraft:redstone_block net.minecraft.item.crafting.ShapedRecipes@49925d21
[15:32:05] [Client thread/TRACE] [FML]:   Registry: 87 minecraft:redstone net.minecraft.item.crafting.ShapedRecipes@3275a47f
[15:32:05] [Client thread/TRACE] [FML]:   Registry: 88 minecraft:red_wool net.minecraft.item.crafting.ShapelessRecipes@38c55a8a
[15:32:05] [Client thread/TRACE] [FML]:   Registry: 89 minecraft:red_stained_hardened_clay net.minecraft.item.crafting.ShapedRecipes@3e8afc2d
[15:32:05] [Client thread/TRACE] [FML]:   Registry: 90 minecraft:red_stained_glass_pane net.minecraft.item.crafting.ShapedRecipes@614cd187
[15:32:05] [Client thread/TRACE] [FML]:   Registry: 91 minecraft:red_stained_glass net.minecraft.item.crafting.ShapedRecipes@e7d0db2
[15:32:05] [Client thread/TRACE] [FML]:   Registry: 92 minecraft:red_sandstone_stairs net.minecraft.item.crafting.ShapedRecipes@12723c5d
[15:32:05] [Client thread/TRACE] [FML]:   Registry: 93 minecraft:red_sandstone_slab net.minecraft.item.crafting.ShapedRecipes@2567c091
[15:32:05] [Client thread/TRACE] [FML]:   Registry: 94 minecraft:red_sandstone net.minecraft.item.crafting.ShapedRecipes@6fc7e828
[15:32:05] [Client thread/TRACE] [FML]:   Registry: 95 minecraft:red_nether_brick net.minecraft.item.crafting.ShapedRecipes@1e9d7366
[15:32:05] [Client thread/TRACE] [FML]:   Registry: 96 minecraft:red_dye_from_tulip net.minecraft.item.crafting.ShapelessRecipes@34070bd2
[15:32:05] [Client thread/TRACE] [FML]:   Registry: 97 minecraft:red_dye_from_rose_bush net.minecraft.item.crafting.ShapelessRecipes@72237be8
[15:32:05] [Client thread/TRACE] [FML]:   Registry: 98 minecraft:red_dye_from_poppy net.minecraft.item.crafting.ShapelessRecipes@1e3566e
[15:32:05] [Client thread/TRACE] [FML]:   Registry: 99 minecraft:red_dye_from_beetroot net.minecraft.item.crafting.ShapelessRecipes@f01fc6d
[15:32:05] [Client thread/TRACE] [FML]:   Registry: 100 minecraft:red_concrete_powder net.minecraft.item.crafting.ShapelessRecipes@3af39e7b
[15:32:05] [Client thread/TRACE] [FML]:   Registry: 101 minecraft:red_carpet net.minecraft.item.crafting.ShapedRecipes@433ae0b0
[15:32:05] [Client thread/TRACE] [FML]:   Registry: 102 minecraft:red_bed_from_white_bed net.minecraft.item.crafting.ShapelessRecipes@3e998033
[15:32:05] [Client thread/TRACE] [FML]:   Registry: 103 minecraft:red_bed net.minecraft.item.crafting.ShapedRecipes@6cfd08e9
[15:32:05] [Client thread/TRACE] [FML]:   Registry: 104 minecraft:red_banner net.minecraft.item.crafting.ShapedRecipes@7612116b
[15:32:05] [Client thread/TRACE] [FML]:   Registry: 105 minecraft:rail net.minecraft.item.crafting.ShapedRecipes@3dea1ecc
[15:32:05] [Client thread/TRACE] [FML]:   Registry: 106 minecraft:rabbit_stew_from_red_mushroom net.minecraft.item.crafting.ShapedRecipes@2773504f
[15:32:05] [Client thread/TRACE] [FML]:   Registry: 107 minecraft:rabbit_stew_from_brown_mushroom net.minecraft.item.crafting.ShapedRecipes@40dee07b
[15:32:05] [Client thread/TRACE] [FML]:   Registry: 108 minecraft:quartz_stairs net.minecraft.item.crafting.ShapedRecipes@256a5df0
[15:32:05] [Client thread/TRACE] [FML]:   Registry: 109 minecraft:quartz_slab net.minecraft.item.crafting.ShapedRecipes@73a5d86c
[15:32:05] [Client thread/TRACE] [FML]:   Registry: 110 minecraft:quartz_block net.minecraft.item.crafting.ShapedRecipes@612ac38b
[15:32:05] [Client thread/TRACE] [FML]:   Registry: 111 minecraft:purpur_stairs net.minecraft.item.crafting.ShapedRecipes@4e26987b
[15:32:05] [Client thread/TRACE] [FML]:   Registry: 112 minecraft:purpur_slab net.minecraft.item.crafting.ShapedRecipes@31e3c34
[15:32:05] [Client thread/TRACE] [FML]:   Registry: 113 minecraft:purpur_pillar net.minecraft.item.crafting.ShapedRecipes@14993306
[15:32:05] [Client thread/TRACE] [FML]:   Registry: 114 minecraft:purpur_block net.minecraft.item.crafting.ShapedRecipes@7109b603
[15:32:05] [Client thread/TRACE] [FML]:   Registry: 115 minecraft:purple_wool net.minecraft.item.crafting.ShapelessRecipes@508f4bb5
[15:32:05] [Client thread/TRACE] [FML]:   Registry: 116 minecraft:purple_stained_hardened_clay net.minecraft.item.crafting.ShapedRecipes@299786b1
[15:32:05] [Client thread/TRACE] [FML]:   Registry: 117 minecraft:purple_stained_glass_pane net.minecraft.item.crafting.ShapedRecipes@b144175
[15:32:05] [Client thread/TRACE] [FML]:   Registry: 118 minecraft:purple_stained_glass net.minecraft.item.crafting.ShapedRecipes@14ad42
[15:32:05] [Client thread/TRACE] [FML]:   Registry: 119 minecraft:purple_shulker_box net.minecraft.item.crafting.ShapedRecipes@67784537
[15:32:05] [Client thread/TRACE] [FML]:   Registry: 120 minecraft:purple_dye net.minecraft.item.crafting.ShapelessRecipes@3cb173db
[15:32:05] [Client thread/TRACE] [FML]:   Registry: 121 minecraft:purple_concrete_powder net.minecraft.item.crafting.ShapelessRecipes@7f1ad846
[15:32:05] [Client thread/TRACE] [FML]:   Registry: 122 minecraft:purple_carpet net.minecraft.item.crafting.ShapedRecipes@be1c08a
[15:32:05] [Client thread/TRACE] [FML]:   Registry: 123 minecraft:purple_bed_from_white_bed net.minecraft.item.crafting.ShapelessRecipes@3c6fb501
[15:32:05] [Client thread/TRACE] [FML]:   Registry: 124 minecraft:purple_bed net.minecraft.item.crafting.ShapedRecipes@1c610f
[15:32:05] [Client thread/TRACE] [FML]:   Registry: 125 minecraft:purple_banner net.minecraft.item.crafting.ShapedRecipes@7296fe0b
[15:32:05] [Client thread/TRACE] [FML]:   Registry: 126 minecraft:pumpkin_seeds net.minecraft.item.crafting.ShapedRecipes@54b2d002
[15:32:05] [Client thread/TRACE] [FML]:   Registry: 127 minecraft:pumpkin_pie net.minecraft.item.crafting.ShapelessRecipes@b849fa6
[15:32:05] [Client thread/TRACE] [FML]:   Registry: 128 minecraft:prismarine_bricks net.minecraft.item.crafting.ShapedRecipes@56ba8e8c
[15:32:05] [Client thread/TRACE] [FML]:   Registry: 129 minecraft:prismarine net.minecraft.item.crafting.ShapedRecipes@55f6f965
[15:32:05] [Client thread/TRACE] [FML]:   Registry: 130 minecraft:polished_granite net.minecraft.item.crafting.ShapedRecipes@6ff8e744
[15:32:05] [Client thread/TRACE] [FML]:   Registry: 131 minecraft:polished_diorite net.minecraft.item.crafting.ShapedRecipes@4ec27c4c
[15:32:05] [Client thread/TRACE] [FML]:   Registry: 132 minecraft:polished_andesite net.minecraft.item.crafting.ShapedRecipes@78861d9e
[15:32:05] [Client thread/TRACE] [FML]:   Registry: 133 minecraft:piston net.minecraft.item.crafting.ShapedRecipes@670c171c
[15:32:05] [Client thread/TRACE] [FML]:   Registry: 134 minecraft:pink_wool net.minecraft.item.crafting.ShapelessRecipes@6fcc0a1
[15:32:05] [Client thread/TRACE] [FML]:   Registry: 135 minecraft:pink_stained_hardened_clay net.minecraft.item.crafting.ShapedRecipes@2633d09c
[15:32:05] [Client thread/TRACE] [FML]:   Registry: 136 minecraft:pink_stained_glass_pane net.minecraft.item.crafting.ShapedRecipes@451af781
[15:32:05] [Client thread/TRACE] [FML]:   Registry: 137 minecraft:pink_stained_glass net.minecraft.item.crafting.ShapedRecipes@51df2a41
[15:32:05] [Client thread/TRACE] [FML]:   Registry: 138 minecraft:pink_dye_from_red_bonemeal net.minecraft.item.crafting.ShapelessRecipes@46e6458d
[15:32:05] [Client thread/TRACE] [FML]:   Registry: 139 minecraft:pink_dye_from_pink_tulip net.minecraft.item.crafting.ShapelessRecipes@13137835
[15:32:05] [Client thread/TRACE] [FML]:   Registry: 140 minecraft:pink_dye_from_peony net.minecraft.item.crafting.ShapelessRecipes@21e702b8
[15:32:05] [Client thread/TRACE] [FML]:   Registry: 141 minecraft:pink_concrete_powder net.minecraft.item.crafting.ShapelessRecipes@11c999da
[15:32:05] [Client thread/TRACE] [FML]:   Registry: 142 minecraft:pink_carpet net.minecraft.item.crafting.ShapedRecipes@2ac9e53c
[15:32:05] [Client thread/TRACE] [FML]:   Registry: 143 minecraft:pink_bed_from_white_bed net.minecraft.item.crafting.ShapelessRecipes@3a63d248
[15:32:05] [Client thread/TRACE] [FML]:   Registry: 144 minecraft:pink_bed net.minecraft.item.crafting.ShapedRecipes@4b56b517
[15:32:05] [Client thread/TRACE] [FML]:   Registry: 145 minecraft:pink_banner net.minecraft.item.crafting.ShapedRecipes@57515944
[15:32:05] [Client thread/TRACE] [FML]:   Registry: 146 minecraft:pillar_quartz_block net.minecraft.item.crafting.ShapedRecipes@5e9ea380
[15:32:05] [Client thread/TRACE] [FML]:   Registry: 147 minecraft:paper net.minecraft.item.crafting.ShapedRecipes@785d6a98
[15:32:05] [Client thread/TRACE] [FML]:   Registry: 148 minecraft:painting net.minecraft.item.crafting.ShapedRecipes@4ad3969
[15:32:05] [Client thread/TRACE] [FML]:   Registry: 149 minecraft:orange_wool net.minecraft.item.crafting.ShapelessRecipes@54e94de9
[15:32:05] [Client thread/TRACE] [FML]:   Registry: 150 minecraft:orange_stained_hardened_clay net.minecraft.item.crafting.ShapedRecipes@534fc1f7
[15:32:05] [Client thread/TRACE] [FML]:   Registry: 151 minecraft:orange_stained_glass_pane net.minecraft.item.crafting.ShapedRecipes@af3295f
[15:32:05] [Client thread/TRACE] [FML]:   Registry: 152 minecraft:orange_stained_glass net.minecraft.item.crafting.ShapedRecipes@3245efdb
[15:32:05] [Client thread/TRACE] [FML]:   Registry: 153 minecraft:orange_dye_from_red_yellow net.minecraft.item.crafting.ShapelessRecipes@2e4b5da1
[15:32:05] [Client thread/TRACE] [FML]:   Registry: 154 minecraft:orange_dye_from_orange_tulip net.minecraft.item.crafting.ShapelessRecipes@6879e983
[15:32:05] [Client thread/TRACE] [FML]:   Registry: 155 minecraft:orange_concrete_powder net.minecraft.item.crafting.ShapelessRecipes@2d3c501b
[15:32:05] [Client thread/TRACE] [FML]:   Registry: 156 minecraft:orange_carpet net.minecraft.item.crafting.ShapedRecipes@39ead1b7
[15:32:05] [Client thread/TRACE] [FML]:   Registry: 157 minecraft:orange_bed_from_white_bed net.minecraft.item.crafting.ShapelessRecipes@27053257
[15:32:05] [Client thread/TRACE] [FML]:   Registry: 158 minecraft:orange_bed net.minecraft.item.crafting.ShapedRecipes@55e5415d
[15:32:05] [Client thread/TRACE] [FML]:   Registry: 159 minecraft:orange_banner net.minecraft.item.crafting.ShapedRecipes@33f2eb04
[15:32:05] [Client thread/TRACE] [FML]:   Registry: 160 minecraft:observer net.minecraft.item.crafting.ShapedRecipes@424a152f
[15:32:05] [Client thread/TRACE] [FML]:   Registry: 161 minecraft:oak_wooden_slab net.minecraft.item.crafting.ShapedRecipes@4bb9f7d4
[15:32:05] [Client thread/TRACE] [FML]:   Registry: 162 minecraft:oak_stairs net.minecraft.item.crafting.ShapedRecipes@6fa7ce4
[15:32:05] [Client thread/TRACE] [FML]:   Registry: 163 minecraft:oak_planks net.minecraft.item.crafting.ShapedRecipes@44106e25
[15:32:05] [Client thread/TRACE] [FML]:   Registry: 164 minecraft:noteblock net.minecraft.item.crafting.ShapedRecipes@4552f905
[15:32:05] [Client thread/TRACE] [FML]:   Registry: 165 minecraft:nether_wart_block net.minecraft.item.crafting.ShapedRecipes@401b67a9
[15:32:05] [Client thread/TRACE] [FML]:   Registry: 166 minecraft:nether_brick_stairs net.minecraft.item.crafting.ShapedRecipes@148fca83
[15:32:05] [Client thread/TRACE] [FML]:   Registry: 167 minecraft:nether_brick_slab net.minecraft.item.crafting.ShapedRecipes@1d5bb5c
[15:32:05] [Client thread/TRACE] [FML]:   Registry: 168 minecraft:nether_brick_fence net.minecraft.item.crafting.ShapedRecipes@2aa811f9
[15:32:05] [Client thread/TRACE] [FML]:   Registry: 169 minecraft:nether_brick net.minecraft.item.crafting.ShapedRecipes@4b7e4d14
[15:32:05] [Client thread/TRACE] [FML]:   Registry: 170 minecraft:mushroom_stew net.minecraft.item.crafting.ShapelessRecipes@51fb5fe6
[15:32:05] [Client thread/TRACE] [FML]:   Registry: 171 minecraft:mossy_stonebrick net.minecraft.item.crafting.ShapelessRecipes@24ac6fef
[15:32:05] [Client thread/TRACE] [FML]:   Registry: 172 minecraft:mossy_cobblestone_wall net.minecraft.item.crafting.ShapedRecipes@b56d8a7
[15:32:05] [Client thread/TRACE] [FML]:   Registry: 173 minecraft:mossy_cobblestone net.minecraft.item.crafting.ShapelessRecipes@4ebd8d2
[15:32:05] [Client thread/TRACE] [FML]:   Registry: 174 minecraft:minecart net.minecraft.item.crafting.ShapedRecipes@5018b56b
[15:32:05] [Client thread/TRACE] [FML]:   Registry: 175 minecraft:melon_seeds net.minecraft.item.crafting.ShapedRecipes@124ff64d
[15:32:05] [Client thread/TRACE] [FML]:   Registry: 176 minecraft:melon_block net.minecraft.item.crafting.ShapedRecipes@5e05a706
[15:32:05] [Client thread/TRACE] [FML]:   Registry: 177 minecraft:map net.minecraft.item.crafting.ShapedRecipes@2270f58d
[15:32:05] [Client thread/TRACE] [FML]:   Registry: 178 minecraft:magma_cream net.minecraft.item.crafting.ShapelessRecipes@2c02a007
[15:32:05] [Client thread/TRACE] [FML]:   Registry: 179 minecraft:magma net.minecraft.item.crafting.ShapedRecipes@35d4035f
[15:32:05] [Client thread/TRACE] [FML]:   Registry: 180 minecraft:magenta_wool net.minecraft.item.crafting.ShapelessRecipes@12a0d249
[15:32:05] [Client thread/TRACE] [FML]:   Registry: 181 minecraft:magenta_stained_hardened_clay net.minecraft.item.crafting.ShapedRecipes@4d525897
[15:32:05] [Client thread/TRACE] [FML]:   Registry: 182 minecraft:magenta_stained_glass_pane net.minecraft.item.crafting.ShapedRecipes@5b895e76
[15:32:05] [Client thread/TRACE] [FML]:   Registry: 183 minecraft:magenta_stained_glass net.minecraft.item.crafting.ShapedRecipes@3278d065
[15:32:05] [Client thread/TRACE] [FML]:   Registry: 184 minecraft:magenta_dye_from_purple_and_pink net.minecraft.item.crafting.ShapelessRecipes@166ddfb7
[15:32:05] [Client thread/TRACE] [FML]:   Registry: 185 minecraft:magenta_dye_from_lilac net.minecraft.item.crafting.ShapelessRecipes@291cbe70
[15:32:05] [Client thread/TRACE] [FML]:   Registry: 186 minecraft:magenta_dye_from_lapis_red_pink net.minecraft.item.crafting.ShapelessRecipes@1b36d248
[15:32:05] [Client thread/TRACE] [FML]:   Registry: 187 minecraft:magenta_dye_from_lapis_ink_bonemeal net.minecraft.item.crafting.ShapelessRecipes@8315e4a
[15:32:05] [Client thread/TRACE] [FML]:   Registry: 188 minecraft:magenta_dye_from_allium net.minecraft.item.crafting.ShapelessRecipes@23d978b
[15:32:05] [Client thread/TRACE] [FML]:   Registry: 189 minecraft:magenta_concrete_powder net.minecraft.item.crafting.ShapelessRecipes@50e8ed74
[15:32:05] [Client thread/TRACE] [FML]:   Registry: 190 minecraft:magenta_carpet net.minecraft.item.crafting.ShapedRecipes@2d2f09a4
[15:32:05] [Client thread/TRACE] [FML]:   Registry: 191 minecraft:magenta_bed_from_white_bed net.minecraft.item.crafting.ShapelessRecipes@270f7b4d
[15:32:05] [Client thread/TRACE] [FML]:   Registry: 192 minecraft:magenta_bed net.minecraft.item.crafting.ShapedRecipes@b81938d
[15:32:05] [Client thread/TRACE] [FML]:   Registry: 193 minecraft:magenta_banner net.minecraft.item.crafting.ShapedRecipes@70421a08
[15:32:05] [Client thread/TRACE] [FML]:   Registry: 194 minecraft:lit_pumpkin net.minecraft.item.crafting.ShapedRecipes@614cbec4
[15:32:05] [Client thread/TRACE] [FML]:   Registry: 195 minecraft:lime_wool net.minecraft.item.crafting.ShapelessRecipes@5c7c75fb
[15:32:05] [Client thread/TRACE] [FML]:   Registry: 196 minecraft:lime_stained_hardened_clay net.minecraft.item.crafting.ShapedRecipes@2125535d
[15:32:05] [Client thread/TRACE] [FML]:   Registry: 197 minecraft:lime_stained_glass_pane net.minecraft.item.crafting.ShapedRecipes@5ae87de0
[15:32:05] [Client thread/TRACE] [FML]:   Registry: 198 minecraft:lime_stained_glass net.minecraft.item.crafting.ShapedRecipes@4910afdf
[15:32:05] [Client thread/TRACE] [FML]:   Registry: 199 minecraft:lime_dye net.minecraft.item.crafting.ShapelessRecipes@4bf10fe1
[15:32:05] [Client thread/TRACE] [FML]:   Registry: 200 minecraft:lime_concrete_powder net.minecraft.item.crafting.ShapelessRecipes@69ab2d6a
[15:32:05] [Client thread/TRACE] [FML]:   Registry: 201 minecraft:lime_carpet net.minecraft.item.crafting.ShapedRecipes@28f8ce2e
[15:32:05] [Client thread/TRACE] [FML]:   Registry: 202 minecraft:lime_bed_from_white_bed net.minecraft.item.crafting.ShapelessRecipes@4cacccbf
[15:32:05] [Client thread/TRACE] [FML]:   Registry: 203 minecraft:lime_bed net.minecraft.item.crafting.ShapedRecipes@114b2414
[15:32:05] [Client thread/TRACE] [FML]:   Registry: 204 minecraft:lime_banner net.minecraft.item.crafting.ShapedRecipes@6dd2e453
[15:32:05] [Client thread/TRACE] [FML]:   Registry: 205 minecraft:light_weighted_pressure_plate net.minecraft.item.crafting.ShapedRecipes@6edb1e9c
[15:32:05] [Client thread/TRACE] [FML]:   Registry: 206 minecraft:light_gray_wool net.minecraft.item.crafting.ShapelessRecipes@2ca132ad
[15:32:05] [Client thread/TRACE] [FML]:   Registry: 207 minecraft:light_gray_stained_hardened_clay net.minecraft.item.crafting.ShapedRecipes@6badb08c
[15:32:05] [Client thread/TRACE] [FML]:   Registry: 208 minecraft:light_gray_stained_glass_pane net.minecraft.item.crafting.ShapedRecipes@71418a4a
[15:32:05] [Client thread/TRACE] [FML]:   Registry: 209 minecraft:light_gray_stained_glass net.minecraft.item.crafting.ShapedRecipes@106802ea
[15:32:05] [Client thread/TRACE] [FML]:   Registry: 210 minecraft:light_gray_dye_from_white_tulip net.minecraft.item.crafting.ShapelessRecipes@23358740
[15:32:05] [Client thread/TRACE] [FML]:   Registry: 211 minecraft:light_gray_dye_from_oxeye_daisy net.minecraft.item.crafting.ShapelessRecipes@66682e8f
[15:32:05] [Client thread/TRACE] [FML]:   Registry: 212 minecraft:light_gray_dye_from_ink_bonemeal net.minecraft.item.crafting.ShapelessRecipes@5d8fd077
[15:32:05] [Client thread/TRACE] [FML]:   Registry: 213 minecraft:light_gray_dye_from_gray_bonemeal net.minecraft.item.crafting.ShapelessRecipes@3580134d
[15:32:05] [Client thread/TRACE] [FML]:   Registry: 214 minecraft:light_gray_dye_from_azure_bluet net.minecraft.item.crafting.ShapelessRecipes@6fefc5ea
[15:32:05] [Client thread/TRACE] [FML]:   Registry: 215 minecraft:light_gray_concrete_powder net.minecraft.item.crafting.ShapelessRecipes@217b0952
[15:32:05] [Client thread/TRACE] [FML]:   Registry: 216 minecraft:light_gray_carpet net.minecraft.item.crafting.ShapedRecipes@41f23499
[15:32:05] [Client thread/TRACE] [FML]:   Registry: 217 minecraft:light_gray_bed_from_white_bed net.minecraft.item.crafting.ShapelessRecipes@4d0b7fd5
[15:32:05] [Client thread/TRACE] [FML]:   Registry: 218 minecraft:light_gray_bed net.minecraft.item.crafting.ShapedRecipes@6338afe2
[15:32:05] [Client thread/TRACE] [FML]:   Registry: 219 minecraft:light_gray_banner net.minecraft.item.crafting.ShapedRecipes@19c1f6f4
[15:32:05] [Client thread/TRACE] [FML]:   Registry: 220 minecraft:light_blue_wool net.minecraft.item.crafting.ShapelessRecipes@6ec98ccc
[15:32:05] [Client thread/TRACE] [FML]:   Registry: 221 minecraft:light_blue_stained_hardened_clay net.minecraft.item.crafting.ShapedRecipes@603c2dee
[15:32:05] [Client thread/TRACE] [FML]:   Registry: 222 minecraft:light_blue_stained_glass_pane net.minecraft.item.crafting.ShapedRecipes@190bf8e4
[15:32:05] [Client thread/TRACE] [FML]:   Registry: 223 minecraft:light_blue_stained_glass net.minecraft.item.crafting.ShapedRecipes@3dd66ff5
[15:32:05] [Client thread/TRACE] [FML]:   Registry: 224 minecraft:light_blue_dye_from_lapis_bonemeal net.minecraft.item.crafting.ShapelessRecipes@3412a3fd
[15:32:05] [Client thread/TRACE] [FML]:   Registry: 225 minecraft:light_blue_dye_from_blue_orchid net.minecraft.item.crafting.ShapelessRecipes@2211e731
[15:32:05] [Client thread/TRACE] [FML]:   Registry: 226 minecraft:light_blue_concrete_powder net.minecraft.item.crafting.ShapelessRecipes@7dd7ec56
[15:32:05] [Client thread/TRACE] [FML]:   Registry: 227 minecraft:light_blue_carpet net.minecraft.item.crafting.ShapedRecipes@28cf179c
[15:32:05] [Client thread/TRACE] [FML]:   Registry: 228 minecraft:light_blue_bed_from_white_bed net.minecraft.item.crafting.ShapelessRecipes@2a9f8d47
[15:32:05] [Client thread/TRACE] [FML]:   Registry: 229 minecraft:light_blue_bed net.minecraft.item.crafting.ShapedRecipes@51c008fd
[15:32:05] [Client thread/TRACE] [FML]:   Registry: 230 minecraft:light_blue_banner net.minecraft.item.crafting.ShapedRecipes@713e49c3
[15:32:05] [Client thread/TRACE] [FML]:   Registry: 231 minecraft:lever net.minecraft.item.crafting.ShapedRecipes@4af84a76
[15:32:05] [Client thread/TRACE] [FML]:   Registry: 232 minecraft:leather_leggings net.minecraft.item.crafting.ShapedRecipes@19e8fe55
[15:32:05] [Client thread/TRACE] [FML]:   Registry: 233 minecraft:leather_helmet net.minecraft.item.crafting.ShapedRecipes@674e4c82
[15:32:05] [Client thread/TRACE] [FML]:   Registry: 234 minecraft:leather_chestplate net.minecraft.item.crafting.ShapedRecipes@4e4bfd9c
[15:32:05] [Client thread/TRACE] [FML]:   Registry: 235 minecraft:leather_boots net.minecraft.item.crafting.ShapedRecipes@4a29fe2e
[15:32:05] [Client thread/TRACE] [FML]:   Registry: 236 minecraft:leather net.minecraft.item.crafting.ShapedRecipes@53e166ad
[15:32:05] [Client thread/TRACE] [FML]:   Registry: 237 minecraft:lead net.minecraft.item.crafting.ShapedRecipes@7ef9c8a5
[15:32:05] [Client thread/TRACE] [FML]:   Registry: 238 minecraft:lapis_lazuli net.minecraft.item.crafting.ShapedRecipes@29ea5e0
[15:32:05] [Client thread/TRACE] [FML]:   Registry: 239 minecraft:lapis_block net.minecraft.item.crafting.ShapedRecipes@3d7314b3
[15:32:05] [Client thread/TRACE] [FML]:   Registry: 240 minecraft:ladder net.minecraft.item.crafting.ShapedRecipes@48860139
[15:32:05] [Client thread/TRACE] [FML]:   Registry: 241 minecraft:jungle_wooden_slab net.minecraft.item.crafting.ShapedRecipes@33568e26
[15:32:05] [Client thread/TRACE] [FML]:   Registry: 242 minecraft:jungle_stairs net.minecraft.item.crafting.ShapedRecipes@771cbd13
[15:32:05] [Client thread/TRACE] [FML]:   Registry: 243 minecraft:jungle_planks net.minecraft.item.crafting.ShapedRecipes@3e489ac1
[15:32:05] [Client thread/TRACE] [FML]:   Registry: 244 minecraft:jungle_fence_gate net.minecraft.item.crafting.ShapedRecipes@626df173
[15:32:05] [Client thread/TRACE] [FML]:   Registry: 245 minecraft:jungle_fence net.minecraft.item.crafting.ShapedRecipes@4fe4503a
[15:32:05] [Client thread/TRACE] [FML]:   Registry: 246 minecraft:jungle_door net.minecraft.item.crafting.ShapedRecipes@5a4b8e25
[15:32:05] [Client thread/TRACE] [FML]:   Registry: 247 minecraft:jungle_boat net.minecraft.item.crafting.ShapedRecipes@7028b5cc
[15:32:05] [Client thread/TRACE] [FML]:   Registry: 248 minecraft:jukebox net.minecraft.item.crafting.ShapedRecipes@4535bdc6
[15:32:05] [Client thread/TRACE] [FML]:   Registry: 249 minecraft:item_frame net.minecraft.item.crafting.ShapedRecipes@4e79c25
[15:32:05] [Client thread/TRACE] [FML]:   Registry: 250 minecraft:iron_trapdoor net.minecraft.item.crafting.ShapedRecipes@608f310a
[15:32:05] [Client thread/TRACE] [FML]:   Registry: 251 minecraft:iron_sword net.minecraft.item.crafting.ShapedRecipes@4a47bc9c
[15:32:05] [Client thread/TRACE] [FML]:   Registry: 252 minecraft:iron_shovel net.minecraft.item.crafting.ShapedRecipes@1bcb8599
[15:32:05] [Client thread/TRACE] [FML]:   Registry: 253 minecraft:iron_pickaxe net.minecraft.item.crafting.ShapedRecipes@2f3cd727
[15:32:05] [Client thread/TRACE] [FML]:   Registry: 254 minecraft:iron_nugget net.minecraft.item.crafting.ShapedRecipes@11dbcb3b
[15:32:05] [Client thread/TRACE] [FML]:   Registry: 255 minecraft:iron_leggings net.minecraft.item.crafting.ShapedRecipes@75de7009
[15:32:05] [Client thread/TRACE] [FML]:   Registry: 256 minecraft:iron_ingot_from_nuggets net.minecraft.item.crafting.ShapedRecipes@5f5923ef
[15:32:05] [Client thread/TRACE] [FML]:   Registry: 257 minecraft:iron_ingot_from_block net.minecraft.item.crafting.ShapedRecipes@6ad3fbe4
[15:32:05] [Client thread/TRACE] [FML]:   Registry: 258 minecraft:iron_hoe net.minecraft.item.crafting.ShapedRecipes@4caf875c
[15:32:05] [Client thread/TRACE] [FML]:   Registry: 259 minecraft:iron_helmet net.minecraft.item.crafting.ShapedRecipes@5621a671
[15:32:05] [Client thread/TRACE] [FML]:   Registry: 260 minecraft:iron_door net.minecraft.item.crafting.ShapedRecipes@3e2578ea
[15:32:05] [Client thread/TRACE] [FML]:   Registry: 261 minecraft:iron_chestplate net.minecraft.item.crafting.ShapedRecipes@5ea9373e
[15:32:05] [Client thread/TRACE] [FML]:   Registry: 262 minecraft:iron_boots net.minecraft.item.crafting.ShapedRecipes@774304ca
[15:32:05] [Client thread/TRACE] [FML]:   Registry: 263 minecraft:iron_block net.minecraft.item.crafting.ShapedRecipes@65a80fdb
[15:32:05] [Client thread/TRACE] [FML]:   Registry: 264 minecraft:iron_bars net.minecraft.item.crafting.ShapedRecipes@43e7f104
[15:32:05] [Client thread/TRACE] [FML]:   Registry: 265 minecraft:iron_axe net.minecraft.item.crafting.ShapedRecipes@4db568e1
[15:32:05] [Client thread/TRACE] [FML]:   Registry: 266 minecraft:hopper_minecart net.minecraft.item.crafting.ShapedRecipes@40b70f31
[15:32:05] [Client thread/TRACE] [FML]:   Registry: 267 minecraft:hopper net.minecraft.item.crafting.ShapedRecipes@559c4e06
[15:32:05] [Client thread/TRACE] [FML]:   Registry: 268 minecraft:heavy_weighted_pressure_plate net.minecraft.item.crafting.ShapedRecipes@6c8e5ac4
[15:32:05] [Client thread/TRACE] [FML]:   Registry: 269 minecraft:hay_block net.minecraft.item.crafting.ShapedRecipes@50734cea
[15:32:05] [Client thread/TRACE] [FML]:   Registry: 270 minecraft:green_wool net.minecraft.item.crafting.ShapelessRecipes@5ac646b3
[15:32:05] [Client thread/TRACE] [FML]:   Registry: 271 minecraft:green_stained_hardened_clay net.minecraft.item.crafting.ShapedRecipes@4ebed2b3
[15:32:05] [Client thread/TRACE] [FML]:   Registry: 272 minecraft:green_stained_glass_pane net.minecraft.item.crafting.ShapedRecipes@18ca9277
[15:32:05] [Client thread/TRACE] [FML]:   Registry: 273 minecraft:green_stained_glass net.minecraft.item.crafting.ShapedRecipes@577cf459
[15:32:05] [Client thread/TRACE] [FML]:   Registry: 274 minecraft:green_concrete_powder net.minecraft.item.crafting.ShapelessRecipes@771d4db
[15:32:05] [Client thread/TRACE] [FML]:   Registry: 275 minecraft:green_carpet net.minecraft.item.crafting.ShapedRecipes@3dbbed3e
[15:32:05] [Client thread/TRACE] [FML]:   Registry: 276 minecraft:green_bed_from_white_bed net.minecraft.item.crafting.ShapelessRecipes@54a5496f
[15:32:05] [Client thread/TRACE] [FML]:   Registry: 277 minecraft:green_bed net.minecraft.item.crafting.ShapedRecipes@1123d461
[15:32:05] [Client thread/TRACE] [FML]:   Registry: 278 minecraft:green_banner net.minecraft.item.crafting.ShapedRecipes@579dde54
[15:32:05] [Client thread/TRACE] [FML]:   Registry: 279 minecraft:gray_wool net.minecraft.item.crafting.ShapelessRecipes@73a116d
[15:32:05] [Client thread/TRACE] [FML]:   Registry: 280 minecraft:gray_stained_hardened_clay net.minecraft.item.crafting.ShapedRecipes@24b8a393
[15:32:05] [Client thread/TRACE] [FML]:   Registry: 281 minecraft:gray_stained_glass_pane net.minecraft.item.crafting.ShapedRecipes@20be793a
[15:32:05] [Client thread/TRACE] [FML]:   Registry: 282 minecraft:gray_stained_glass net.minecraft.item.crafting.ShapedRecipes@b842275
[15:32:05] [Client thread/TRACE] [FML]:   Registry: 283 minecraft:gray_dye net.minecraft.item.crafting.ShapelessRecipes@13f2d42c
[15:32:05] [Client thread/TRACE] [FML]:   Registry: 284 minecraft:gray_concrete_powder net.minecraft.item.crafting.ShapelessRecipes@400008bf
[15:32:05] [Client thread/TRACE] [FML]:   Registry: 285 minecraft:gray_carpet net.minecraft.item.crafting.ShapedRecipes@7d80e1b3
[15:32:05] [Client thread/TRACE] [FML]:   Registry: 286 minecraft:gray_bed_from_white_bed net.minecraft.item.crafting.ShapelessRecipes@61be6051
[15:32:05] [Client thread/TRACE] [FML]:   Registry: 287 minecraft:gray_bed net.minecraft.item.crafting.ShapedRecipes@5bdb9c69
[15:32:05] [Client thread/TRACE] [FML]:   Registry: 288 minecraft:gray_banner net.minecraft.item.crafting.ShapedRecipes@81a8898
[15:32:05] [Client thread/TRACE] [FML]:   Registry: 289 minecraft:granite net.minecraft.item.crafting.ShapelessRecipes@639948a2
[15:32:05] [Client thread/TRACE] [FML]:   Registry: 290 minecraft:golden_sword net.minecraft.item.crafting.ShapedRecipes@9d2af36
[15:32:05] [Client thread/TRACE] [FML]:   Registry: 291 minecraft:golden_shovel net.minecraft.item.crafting.ShapedRecipes@4f563f96
[15:32:05] [Client thread/TRACE] [FML]:   Registry: 292 minecraft:golden_rail net.minecraft.item.crafting.ShapedRecipes@19f1be04
[15:32:05] [Client thread/TRACE] [FML]:   Registry: 293 minecraft:golden_pickaxe net.minecraft.item.crafting.ShapedRecipes@2ba9f743
[15:32:05] [Client thread/TRACE] [FML]:   Registry: 294 minecraft:golden_leggings net.minecraft.item.crafting.ShapedRecipes@5b4d9bda
[15:32:05] [Client thread/TRACE] [FML]:   Registry: 295 minecraft:golden_hoe net.minecraft.item.crafting.ShapedRecipes@4d16975b
[15:32:05] [Client thread/TRACE] [FML]:   Registry: 296 minecraft:golden_helmet net.minecraft.item.crafting.ShapedRecipes@2a16d393
[15:32:05] [Client thread/TRACE] [FML]:   Registry: 297 minecraft:golden_chestplate net.minecraft.item.crafting.ShapedRecipes@1786150f
[15:32:05] [Client thread/TRACE] [FML]:   Registry: 298 minecraft:golden_carrot net.minecraft.item.crafting.ShapedRecipes@be083e1
[15:32:05] [Client thread/TRACE] [FML]:   Registry: 299 minecraft:golden_boots net.minecraft.item.crafting.ShapedRecipes@53d808ea
[15:32:05] [Client thread/TRACE] [FML]:   Registry: 300 minecraft:golden_axe net.minecraft.item.crafting.ShapedRecipes@2586e878
[15:32:05] [Client thread/TRACE] [FML]:   Registry: 301 minecraft:golden_apple net.minecraft.item.crafting.ShapedRecipes@ec3944
[15:32:05] [Client thread/TRACE] [FML]:   Registry: 302 minecraft:gold_nugget net.minecraft.item.crafting.ShapedRecipes@621a387f
[15:32:05] [Client thread/TRACE] [FML]:   Registry: 303 minecraft:gold_ingot_from_nuggets net.minecraft.item.crafting.ShapedRecipes@f08f8a9
[15:32:05] [Client thread/TRACE] [FML]:   Registry: 304 minecraft:gold_ingot_from_block net.minecraft.item.crafting.ShapedRecipes@1c2b65cc
[15:32:05] [Client thread/TRACE] [FML]:   Registry: 305 minecraft:gold_block net.minecraft.item.crafting.ShapedRecipes@3a0baec0
[15:32:05] [Client thread/TRACE] [FML]:   Registry: 306 minecraft:glowstone net.minecraft.item.crafting.ShapedRecipes@520ee6b3
[15:32:05] [Client thread/TRACE] [FML]:   Registry: 307 minecraft:glass_pane net.minecraft.item.crafting.ShapedRecipes@27210a3b
[15:32:05] [Client thread/TRACE] [FML]:   Registry: 308 minecraft:glass_bottle net.minecraft.item.crafting.ShapedRecipes@5fafa76d
[15:32:05] [Client thread/TRACE] [FML]:   Registry: 309 minecraft:furnace_minecart net.minecraft.item.crafting.ShapedRecipes@71df5f30
[15:32:05] [Client thread/TRACE] [FML]:   Registry: 310 minecraft:furnace net.minecraft.item.crafting.ShapedRecipes@539dd2d0
[15:32:05] [Client thread/TRACE] [FML]:   Registry: 311 minecraft:flower_pot net.minecraft.item.crafting.ShapedRecipes@3664c596
[15:32:05] [Client thread/TRACE] [FML]:   Registry: 312 minecraft:flint_and_steel net.minecraft.item.crafting.ShapelessRecipes@5d2e65bd
[15:32:05] [Client thread/TRACE] [FML]:   Registry: 313 minecraft:fishing_rod net.minecraft.item.crafting.ShapedRecipes@570299e3
[15:32:05] [Client thread/TRACE] [FML]:   Registry: 314 minecraft:fire_charge net.minecraft.item.crafting.ShapelessRecipes@142918a0
[15:32:05] [Client thread/TRACE] [FML]:   Registry: 315 minecraft:fermented_spider_eye net.minecraft.item.crafting.ShapelessRecipes@67396475
[15:32:05] [Client thread/TRACE] [FML]:   Registry: 316 minecraft:fence_gate net.minecraft.item.crafting.ShapedRecipes@28db2afb
[15:32:05] [Client thread/TRACE] [FML]:   Registry: 317 minecraft:fence net.minecraft.item.crafting.ShapedRecipes@6a116354
[15:32:05] [Client thread/TRACE] [FML]:   Registry: 318 minecraft:ender_eye net.minecraft.item.crafting.ShapelessRecipes@701c482e
[15:32:05] [Client thread/TRACE] [FML]:   Registry: 319 minecraft:ender_chest net.minecraft.item.crafting.ShapedRecipes@65b5b5ed
[15:32:05] [Client thread/TRACE] [FML]:   Registry: 320 minecraft:end_rod net.minecraft.item.crafting.ShapedRecipes@e18d2a2
[15:32:05] [Client thread/TRACE] [FML]:   Registry: 321 minecraft:end_crystal net.minecraft.item.crafting.ShapedRecipes@306c9b2c
[15:32:05] [Client thread/TRACE] [FML]:   Registry: 322 minecraft:end_bricks net.minecraft.item.crafting.ShapedRecipes@30b1c5d5
[15:32:05] [Client thread/TRACE] [FML]:   Registry: 323 minecraft:enchanting_table net.minecraft.item.crafting.ShapedRecipes@287317df
[15:32:05] [Client thread/TRACE] [FML]:   Registry: 324 minecraft:emerald_block net.minecraft.item.crafting.ShapedRecipes@41bbb219
[15:32:05] [Client thread/TRACE] [FML]:   Registry: 325 minecraft:emerald net.minecraft.item.crafting.ShapedRecipes@43cf5bff
[15:32:05] [Client thread/TRACE] [FML]:   Registry: 326 minecraft:dropper net.minecraft.item.crafting.ShapedRecipes@571db8b4
[15:32:05] [Client thread/TRACE] [FML]:   Registry: 327 minecraft:dispenser net.minecraft.item.crafting.ShapedRecipes@649009d6
[15:32:05] [Client thread/TRACE] [FML]:   Registry: 328 minecraft:diorite net.minecraft.item.crafting.ShapedRecipes@1f293cb7
[15:32:05] [Client thread/TRACE] [FML]:   Registry: 329 minecraft:diamond_sword net.minecraft.item.crafting.ShapedRecipes@58068b40
[15:32:05] [Client thread/TRACE] [FML]:   Registry: 330 minecraft:diamond_shovel net.minecraft.item.crafting.ShapedRecipes@26f204a4
[15:32:05] [Client thread/TRACE] [FML]:   Registry: 331 minecraft:diamond_pickaxe net.minecraft.item.crafting.ShapedRecipes@16c0be3b
[15:32:05] [Client thread/TRACE] [FML]:   Registry: 332 minecraft:diamond_leggings net.minecraft.item.crafting.ShapedRecipes@b3a8455
[15:32:05] [Client thread/TRACE] [FML]:   Registry: 333 minecraft:diamond_hoe net.minecraft.item.crafting.ShapedRecipes@60ee7a51
[15:32:05] [Client thread/TRACE] [FML]:   Registry: 334 minecraft:diamond_helmet net.minecraft.item.crafting.ShapedRecipes@5b715ea
[15:32:05] [Client thread/TRACE] [FML]:   Registry: 335 minecraft:diamond_chestplate net.minecraft.item.crafting.ShapedRecipes@25110bb9
[15:32:05] [Client thread/TRACE] [FML]:   Registry: 336 minecraft:diamond_boots net.minecraft.item.crafting.ShapedRecipes@568ef502
[15:32:05] [Client thread/TRACE] [FML]:   Registry: 337 minecraft:diamond_block net.minecraft.item.crafting.ShapedRecipes@1f521c69
[15:32:05] [Client thread/TRACE] [FML]:   Registry: 338 minecraft:diamond_axe net.minecraft.item.crafting.ShapedRecipes@62a41279
[15:32:05] [Client thread/TRACE] [FML]:   Registry: 339 minecraft:diamond net.minecraft.item.crafting.ShapedRecipes@2e66f1bd
[15:32:05] [Client thread/TRACE] [FML]:   Registry: 340 minecraft:detector_rail net.minecraft.item.crafting.ShapedRecipes@74e2cfc5
[15:32:05] [Client thread/TRACE] [FML]:   Registry: 341 minecraft:daylight_detector net.minecraft.item.crafting.ShapedRecipes@2a5d2041
[15:32:05] [Client thread/TRACE] [FML]:   Registry: 342 minecraft:dark_prismarine net.minecraft.item.crafting.ShapedRecipes@15bb8ed5
[15:32:05] [Client thread/TRACE] [FML]:   Registry: 343 minecraft:dark_oak_wooden_slab net.minecraft.item.crafting.ShapedRecipes@7178d811
[15:32:05] [Client thread/TRACE] [FML]:   Registry: 344 minecraft:dark_oak_stairs net.minecraft.item.crafting.ShapedRecipes@430106cf
[15:32:05] [Client thread/TRACE] [FML]:   Registry: 345 minecraft:dark_oak_planks net.minecraft.item.crafting.ShapedRecipes@625db0e0
[15:32:05] [Client thread/TRACE] [FML]:   Registry: 346 minecraft:dark_oak_fence_gate net.minecraft.item.crafting.ShapedRecipes@aa633e6
[15:32:05] [Client thread/TRACE] [FML]:   Registry: 347 minecraft:dark_oak_fence net.minecraft.item.crafting.ShapedRecipes@25e796fe
[15:32:05] [Client thread/TRACE] [FML]:   Registry: 348 minecraft:dark_oak_door net.minecraft.item.crafting.ShapedRecipes@516b84d1
[15:32:05] [Client thread/TRACE] [FML]:   Registry: 349 minecraft:dark_oak_boat net.minecraft.item.crafting.ShapedRecipes@30eb55c9
[15:32:05] [Client thread/TRACE] [FML]:   Registry: 350 minecraft:cyan_wool net.minecraft.item.crafting.ShapelessRecipes@3c46e6f6
[15:32:05] [Client thread/TRACE] [FML]:   Registry: 351 minecraft:cyan_stained_hardened_clay net.minecraft.item.crafting.ShapedRecipes@1be52113
[15:32:05] [Client thread/TRACE] [FML]:   Registry: 352 minecraft:cyan_stained_glass_pane net.minecraft.item.crafting.ShapedRecipes@338270ea
[15:32:05] [Client thread/TRACE] [FML]:   Registry: 353 minecraft:cyan_stained_glass net.minecraft.item.crafting.ShapedRecipes@61d7bb61
[15:32:05] [Client thread/TRACE] [FML]:   Registry: 354 minecraft:cyan_dye net.minecraft.item.crafting.ShapelessRecipes@15c1b543
[15:32:05] [Client thread/TRACE] [FML]:   Registry: 355 minecraft:cyan_concrete_powder net.minecraft.item.crafting.ShapelessRecipes@d5e3f55
[15:32:05] [Client thread/TRACE] [FML]:   Registry: 356 minecraft:cyan_carpet net.minecraft.item.crafting.ShapedRecipes@31531d0d
[15:32:05] [Client thread/TRACE] [FML]:   Registry: 357 minecraft:cyan_bed_from_white_bed net.minecraft.item.crafting.ShapelessRecipes@204c5ddf
[15:32:05] [Client thread/TRACE] [FML]:   Registry: 358 minecraft:cyan_bed net.minecraft.item.crafting.ShapedRecipes@4bfe83d
[15:32:05] [Client thread/TRACE] [FML]:   Registry: 359 minecraft:cyan_banner net.minecraft.item.crafting.ShapedRecipes@eb695e8
[15:32:05] [Client thread/TRACE] [FML]:   Registry: 360 minecraft:crafting_table net.minecraft.item.crafting.ShapedRecipes@10f397d0
[15:32:05] [Client thread/TRACE] [FML]:   Registry: 361 minecraft:cookie net.minecraft.item.crafting.ShapedRecipes@47ffa248
[15:32:05] [Client thread/TRACE] [FML]:   Registry: 362 minecraft:compass net.minecraft.item.crafting.ShapedRecipes@5d77be8e
[15:32:05] [Client thread/TRACE] [FML]:   Registry: 363 minecraft:comparator net.minecraft.item.crafting.ShapedRecipes@74c04377
[15:32:05] [Client thread/TRACE] [FML]:   Registry: 364 minecraft:cobblestone_wall net.minecraft.item.crafting.ShapedRecipes@78d61f17
[15:32:05] [Client thread/TRACE] [FML]:   Registry: 365 minecraft:cobblestone_slab net.minecraft.item.crafting.ShapedRecipes@7f3e9acc
[15:32:05] [Client thread/TRACE] [FML]:   Registry: 366 minecraft:coarse_dirt net.minecraft.item.crafting.ShapedRecipes@b3042ed
[15:32:05] [Client thread/TRACE] [FML]:   Registry: 367 minecraft:coal_block net.minecraft.item.crafting.ShapedRecipes@53d9af1
[15:32:05] [Client thread/TRACE] [FML]:   Registry: 368 minecraft:coal net.minecraft.item.crafting.ShapedRecipes@34eb5d01
[15:32:05] [Client thread/TRACE] [FML]:   Registry: 369 minecraft:clock net.minecraft.item.crafting.ShapedRecipes@5f0ca069
[15:32:05] [Client thread/TRACE] [FML]:   Registry: 370 minecraft:clay net.minecraft.item.crafting.ShapedRecipes@54d35ed5
[15:32:05] [Client thread/TRACE] [FML]:   Registry: 371 minecraft:chiseled_stonebrick net.minecraft.item.crafting.ShapedRecipes@5059d398
[15:32:05] [Client thread/TRACE] [FML]:   Registry: 372 minecraft:chiseled_sandstone net.minecraft.item.crafting.ShapedRecipes@53b2e1eb
[15:32:05] [Client thread/TRACE] [FML]:   Registry: 373 minecraft:chiseled_red_sandstone net.minecraft.item.crafting.ShapedRecipes@5de243bb
[15:32:05] [Client thread/TRACE] [FML]:   Registry: 374 minecraft:chiseled_quartz_block net.minecraft.item.crafting.ShapedRecipes@39685204
[15:32:05] [Client thread/TRACE] [FML]:   Registry: 375 minecraft:chest_minecart net.minecraft.item.crafting.ShapedRecipes@490d9c41
[15:32:05] [Client thread/TRACE] [FML]:   Registry: 376 minecraft:chest net.minecraft.item.crafting.ShapedRecipes@565a6af
[15:32:05] [Client thread/TRACE] [FML]:   Registry: 377 minecraft:cauldron net.minecraft.item.crafting.ShapedRecipes@3a9c92b5
[15:32:05] [Client thread/TRACE] [FML]:   Registry: 378 minecraft:carrot_on_a_stick net.minecraft.item.crafting.ShapedRecipes@43df1377
[15:32:05] [Client thread/TRACE] [FML]:   Registry: 379 minecraft:cake net.minecraft.item.crafting.ShapedRecipes@42b500aa
[15:32:05] [Client thread/TRACE] [FML]:   Registry: 380 minecraft:bucket net.minecraft.item.crafting.ShapedRecipes@5151accb
[15:32:05] [Client thread/TRACE] [FML]:   Registry: 381 minecraft:brown_wool net.minecraft.item.crafting.ShapelessRecipes@395197cb
[15:32:05] [Client thread/TRACE] [FML]:   Registry: 382 minecraft:brown_stained_hardened_clay net.minecraft.item.crafting.ShapedRecipes@191774d6
[15:32:05] [Client thread/TRACE] [FML]:   Registry: 383 minecraft:brown_stained_glass_pane net.minecraft.item.crafting.ShapedRecipes@6723e6b3
[15:32:05] [Client thread/TRACE] [FML]:   Registry: 384 minecraft:brown_stained_glass net.minecraft.item.crafting.ShapedRecipes@7d70ba18
[15:32:05] [Client thread/TRACE] [FML]:   Registry: 385 minecraft:brown_concrete_powder net.minecraft.item.crafting.ShapelessRecipes@2a0c244e
[15:32:05] [Client thread/TRACE] [FML]:   Registry: 386 minecraft:brown_carpet net.minecraft.item.crafting.ShapedRecipes@5a537a16
[15:32:05] [Client thread/TRACE] [FML]:   Registry: 387 minecraft:brown_bed_from_white_bed net.minecraft.item.crafting.ShapelessRecipes@185a0811
[15:32:05] [Client thread/TRACE] [FML]:   Registry: 388 minecraft:brown_bed net.minecraft.item.crafting.ShapedRecipes@434d001d
[15:32:05] [Client thread/TRACE] [FML]:   Registry: 389 minecraft:brown_banner net.minecraft.item.crafting.ShapedRecipes@5e3cb58e
[15:32:05] [Client thread/TRACE] [FML]:   Registry: 390 minecraft:brick_stairs net.minecraft.item.crafting.ShapedRecipes@3dee3a6c
[15:32:05] [Client thread/TRACE] [FML]:   Registry: 391 minecraft:brick_slab net.minecraft.item.crafting.ShapedRecipes@6f976c
[15:32:05] [Client thread/TRACE] [FML]:   Registry: 392 minecraft:brick_block net.minecraft.item.crafting.ShapedRecipes@7b0525a8
[15:32:05] [Client thread/TRACE] [FML]:   Registry: 393 minecraft:brewing_stand net.minecraft.item.crafting.ShapedRecipes@5a6af2c4
[15:32:05] [Client thread/TRACE] [FML]:   Registry: 394 minecraft:bread net.minecraft.item.crafting.ShapedRecipes@1f72fbd1
[15:32:05] [Client thread/TRACE] [FML]:   Registry: 395 minecraft:bowl net.minecraft.item.crafting.ShapedRecipes@5454be
[15:32:05] [Client thread/TRACE] [FML]:   Registry: 396 minecraft:bow net.minecraft.item.crafting.ShapedRecipes@30a791a6
[15:32:05] [Client thread/TRACE] [FML]:   Registry: 397 minecraft:bookshelf net.minecraft.item.crafting.ShapedRecipes@6942ee48
[15:32:05] [Client thread/TRACE] [FML]:   Registry: 398 minecraft:book net.minecraft.item.crafting.ShapelessRecipes@3855b27e
[15:32:05] [Client thread/TRACE] [FML]:   Registry: 399 minecraft:bone_meal_from_bone net.minecraft.item.crafting.ShapelessRecipes@6843fdc4
[15:32:05] [Client thread/TRACE] [FML]:   Registry: 400 minecraft:bone_meal_from_block net.minecraft.item.crafting.ShapelessRecipes@66456506
[15:32:05] [Client thread/TRACE] [FML]:   Registry: 401 minecraft:bone_block net.minecraft.item.crafting.ShapedRecipes@3abadb65
[15:32:05] [Client thread/TRACE] [FML]:   Registry: 402 minecraft:boat net.minecraft.item.crafting.ShapedRecipes@af04f09
[15:32:05] [Client thread/TRACE] [FML]:   Registry: 403 minecraft:blue_wool net.minecraft.item.crafting.ShapelessRecipes@67d180e4
[15:32:05] [Client thread/TRACE] [FML]:   Registry: 404 minecraft:blue_stained_hardened_clay net.minecraft.item.crafting.ShapedRecipes@6b33892a
[15:32:05] [Client thread/TRACE] [FML]:   Registry: 405 minecraft:blue_stained_glass_pane net.minecraft.item.crafting.ShapedRecipes@11b14ae3
[15:32:05] [Client thread/TRACE] [FML]:   Registry: 406 minecraft:blue_stained_glass net.minecraft.item.crafting.ShapedRecipes@4f356b98
[15:32:05] [Client thread/TRACE] [FML]:   Registry: 407 minecraft:blue_concrete_powder net.minecraft.item.crafting.ShapelessRecipes@b340615
[15:32:05] [Client thread/TRACE] [FML]:   Registry: 408 minecraft:blue_carpet net.minecraft.item.crafting.ShapedRecipes@5bdb6ea8
[15:32:05] [Client thread/TRACE] [FML]:   Registry: 409 minecraft:blue_bed_from_white_bed net.minecraft.item.crafting.ShapelessRecipes@3cc2e3e
[15:32:05] [Client thread/TRACE] [FML]:   Registry: 410 minecraft:blue_bed net.minec[15:32:05] [Netty Server IO #2/DEBUG] [FML]: FMLHandshakeServerState: $HandshakeAck:{3}->FMLHandshakeServerState$4:COMPLETE
[15:32:05] [Netty Server IO #2/DEBUG] [FML]:   Next: DONE
[15:32:05] [Netty Server IO #2/DEBUG] [FML]: FMLHandshakeServerState: $HandshakeAck:{4}->FMLHandshakeServerState$5:DONE
[15:32:05] [Netty Server IO #2/DEBUG] [FML]: FMLHandshakeServerState: $HandshakeAck:{5}->FMLHandshakeServerState$5:DONE
[15:32:05] [Server thread/INFO] [FML]: [Server thread] Server side modded connection established
[15:32:05] [Server thread/INFO] [net.minecraft.server.management.PlayerList]: Player500[/127.0.0.1:59709] logged in with entity id 363 at (201.5, 107.0, 127.5)
[15:32:05] [Server thread/INFO] [net.minecraft.server.dedicated.DedicatedServer]: Player500 joined the game
[15:32:43] [Server thread/DEBUG] [FML]: Gathering id map for writing to world save world
[15:32:47] [Server thread/TRACE] [FML]: Sending event FMLServerStoppingEvent to mod minecraft
[15:32:47] [Server thread/TRACE] [FML]: Sent event FMLServerStoppingEvent to mod minecraft
[15:32:47] [Server thread/DEBUG] [FML]: Bar Step: ServerStopping - Minecraft took 0,000s
[15:32:47] [Server thread/TRACE] [FML]: Sending event FMLServerStoppingEvent to mod mcp
[15:32:47] [Server thread/TRACE] [FML]: Sent event FMLServerStoppingEvent to mod mcp
[15:32:47] [Server thread/DEBUG] [FML]: Bar Step: ServerStopping - Minecraft Coder Pack took 0,000s
[15:32:47] [Server thread/TRACE] [FML]: Sending event FMLServerStoppingEvent to mod FML
[15:32:47] [Server thread/TRACE] [FML]: Sent event FMLServerStoppingEvent to mod FML
[15:32:47] [Server thread/DEBUG] [FML]: Bar Step: ServerStopping - Forge Mod Loader took 0,000s
[15:32:47] [Server thread/TRACE] [FML]: Sending event FMLServerStoppingEvent to mod forge
[15:32:47] [Server thread/TRACE] [FML]: Sent event FMLServerStoppingEvent to mod forge
[15:32:47] [Server thread/DEBUG] [FML]: Bar Step: ServerStopping - Minecraft Forge took 0,001s
[15:32:47] [Server thread/TRACE] [FML]: Sending event FMLServerStoppingEvent to mod journeymode
[15:32:47] [Server thread/TRACE] [FML]: Sent event FMLServerStoppingEvent to mod journeymode
[15:32:47] [Server thread/DEBUG] [FML]: Bar Step: ServerStopping - Journey Mode took 0,000s
[15:32:47] [Server thread/DEBUG] [FML]: Bar Finished: ServerStopping took 0,002s
[15:32:47] [Server thread/INFO] [net.minecraft.server.MinecraftServer]: Stopping server
[15:32:47] [Server thread/INFO] [net.minecraft.server.MinecraftServer]: Saving players
[15:32:47] [Server thread/INFO] [net.minecraft.server.MinecraftServer]: Saving worlds
[15:32:47] [Server thread/INFO] [net.minecraft.server.MinecraftServer]: Saving chunks for level 'world'/overworld
[15:32:47] [Server thread/DEBUG] [FML]: Gathering id map for writing to world save world
[15:32:48] [Server thread/INFO] [FML]: Unloading dimension 0
[15:32:48] [Server thread/TRACE] [FML]: Sending event FMLServerStoppedEvent to mod minecraft
[15:32:48] [Server thread/TRACE] [FML]: Sent event FMLServerStoppedEvent to mod minecraft
[15:32:48] [Server thread/DEBUG] [FML]: Bar Step: ServerStopped - Minecraft took 0,000s
[15:32:48] [Server thread/TRACE] [FML]: Sending event FMLServerStoppedEvent to mod mcp
[15:32:48] [Server thread/TRACE] [FML]: Sent event FMLServerStoppedEvent to mod mcp
[15:32:48] [Server thread/DEBUG] [FML]: Bar Step: ServerStopped - Minecraft Coder Pack took 0,000s
[15:32:48] [Server thread/TRACE] [FML]: Sending event FMLServerStoppedEvent to mod FML
[15:32:48] [Server thread/TRACE] [FML]: Sent event FMLServerStoppedEvent to mod FML
[15:32:48] [Server thread/DEBUG] [FML]: Bar Step: ServerStopped - Forge Mod Loader took 0,000s
[15:32:48] [Server thread/TRACE] [FML]: Sending event FMLServerStoppedEvent to mod forge
[15:32:48] [Server thread/TRACE] [FML]: Sent event FMLServerStoppedEvent to mod forge
[15:32:48] [Server thread/DEBUG] [FML]: Bar Step: ServerStopped - Minecraft Forge took 0,000s
[15:32:48] [Server thread/TRACE] [FML]: Sending event FMLServerStoppedEvent to mod journeymode
[15:32:48] [Server thread/TRACE] [FML]: Sent event FMLServerStoppedEvent to mod journeymode
[15:32:48] [Server thread/DEBUG] [FML]: Bar Step: ServerStopped - Journey Mode took 0,000s
[15:32:48] [Server thread/DEBUG] [FML]: Bar Finished: ServerStopped took 0,002s
[15:32:48] [Server Shutdown Thread/INFO] [net.minecraft.server.MinecraftServer]: Stopping server
[15:32:48] [Server Shutdown Thread/INFO] [net.minecraft.server.MinecraftServer]: Saving players

[15:32:05] [Client thread/TRACE] [FML]:   Registry: 1 minecraft:librarian net.minecraftforge.fml.common.registry.VillagerRegistry$VillagerProfession@6aaa678d
[15:32:05] [Client thread/TRACE] [FML]:   Registry: 2 minecraft:priest net.minecraftforge.fml.common.registry.VillagerRegistry$VillagerProfession@25dcf1b6
[15:32:05] [Client thread/TRACE] [FML]:   Registry: 3 minecraft:smith net.minecraftforge.fml.common.registry.VillagerRegistry$VillagerProfession@113d0f75
[15:32:05] [Client thread/TRACE] [FML]:   Registry: 4 minecraft:butcher net.minecraftforge.fml.common.registry.VillagerRegistry$VillagerProfession@4e10a320
[15:32:05] [Client thread/TRACE] [FML]:   Registry: 5 minecraft:nitwit net.minecraftforge.fml.common.registry.VillagerRegistry$VillagerProfession@773f3360
[15:32:05] [Client thread/TRACE] [FML]: Registry Name : minecraft:dataserializers
[15:32:05] [Client thread/TRACE] [FML]: Registry Name : minecraft:entities
[15:32:05] [Client thread/TRACE] [FML]:   Registry: 1 minecraft:item net.minecraftforge.fml.common.registry.EntityEntry@1884e671
[15:32:05] [Client thread/TRACE] [FML]:   Registry: 2 minecraft:xp_orb net.minecraftforge.fml.common.registry.EntityEntry@7079f8f0
[15:32:05] [Client thread/TRACE] [FML]:   Registry: 3 minecraft:area_effect_cloud net.minecraftforge.fml.common.registry.EntityEntry@1f60824e
[15:32:05] [Client thread/TRACE] [FML]:   Registry: 4 minecraft:elder_guardian net.minecraftforge.fml.common.registry.EntityEntry@44ddb518
[15:32:05] [Client thread/TRACE] [FML]:   Registry: 5 minecraft:wither_skeleton net.minecraftforge.fml.common.registry.EntityEntry@3c7d8a4
[15:32:05] [Client thread/TRACE] [FML]:   Registry: 6 minecraft:stray net.minecraftforge.fml.common.registry.EntityEntry@d4ecdb0
[15:32:05] [Client thread/TRACE] [FML]:   Registry: 7 minecraft:egg net.minecraftforge.fml.common.registry.EntityEntry@1b1ea1d9
[15:32:05] [Client thread/TRACE] [FML]:   Registry: 8 minecraft:leash_knot net.minecraftforge.fml.common.registry.EntityEntry@55d99dc3
[15:32:05] [Client thread/TRACE] [FML]:   Registry: 9 minecraft:painting net.minecraftforge.fml.common.registry.EntityEntry@3c64339f
[15:32:05] [Client thread/TRACE] [FML]:   Registry: 10 minecraft:arrow net.minecraftforge.fml.common.registry.EntityEntry@4eb1943b
[15:32:05] [Client thread/TRACE] [FML]:   Registry: 11 minecraft:snowball net.minecraftforge.fml.common.registry.EntityEntry@534d0e20
[15:32:05] [Client thread/TRACE] [FML]:   Registry: 12 minecraft:fireball net.minecraftforge.fml.common.registry.EntityEntry@59f76e56
[15:32:05] [Client thread/TRACE] [FML]:   Registry: 13 minecraft:small_fireball net.minecraftforge.fml.common.registry.EntityEntry@351d93bd
[15:32:05] [Client thread/TRACE] [FML]:   Registry: 14 minecraft:ender_pearl net.minecraftforge.fml.common.registry.EntityEntry@7bdb4f17
[15:32:05] [Client thread/TRACE] [FML]:   Registry: 15 minecraft:eye_of_ender_signal net.minecraftforge.fml.common.registry.EntityEntry@1fbd5e0
[15:32:05] [Client thread/TRACE] [FML]:   Registry: 16 minecraft:potion net.minecraftforge.fml.common.registry.EntityEntry@135064ea
[15:32:05] [Client thread/TRACE] [FML]:   Registry: 17 minecraft:xp_bottle net.minecraftforge.fml.common.registry.EntityEntry@106459d9
[15:32:05] [Client thread/TRACE] [FML]:   Registry: 18 minecraft:item_frame net.minecraftforge.fml.common.registry.EntityEntry@23c05889
[15:32:05] [Client thread/TRACE] [FML]:   Registry: 19 minecraft:wither_skull net.minecraftforge.fml.common.registry.EntityEntry@2b4829aa
[15:32:05] [Client thread/TRACE] [FML]:   Registry: 20 minecraft:tnt net.minecraftforge.fml.common.registry.EntityEntry@a55e82a
[15:32:05] [Client thread/TRACE] [FML]:   Registry: 21 minecraft:falling_block net.minecraftforge.fml.common.registry.EntityEntry@1a01ffff
[15:32:05] [Client thread/TRACE] [FML]:   Registry: 22 minecraft:fireworks_rocket net.minecraftforge.fml.common.registry.EntityEntry@2fa879ed
[15:32:05] [Client thread/TRACE] [FML]:   Registry: 23 minecraft:husk net.minecraftforge.fml.common.registry.EntityEntry@48d5ca17
[15:32:05] [Client thread/TRACE] [FML]:   Registry: 24 minecraft:spectral_arrow net.minecraftforge.fml.common.registry.EntityEntry@7c31e410
[15:32:05] [Client thread/TRACE] [FML]:   Registry: 25 minecraft:shulker_bullet net.minecraftforge.fml.common.registry.EntityEntry@79b8ecb
[15:32:05] [Client thread/TRACE] [FML]:   Registry: 26 minecraft:dragon_fireball net.minecraftforge.fml.common.registry.EntityEntry@2c1ea7be
[15:32:05] [Client thread/TRACE] [FML]:   Registry: 27 minecraft:zombie_villager net.minecraftforge.fml.common.registry.EntityEntry@42d174ad
[15:32:05] [Client thread/TRACE] [FML]:   Registry: 28 minecraft:skeleton_horse net.minecraftforge.fml.common.registry.EntityEntry@3bcc8f13
[15:32:05] [Client thread/TRACE] [FML]:   Registry: 29 minecraft:zombie_horse net.minecraftforge.fml.common.registry.EntityEntry@342723a3
[15:32:05] [Client thread/TRACE] [FML]:   Registry: 30 minecraft:armor_stand net.minecraftforge.fml.common.registry.EntityEntry@6b751cb1
[15:32:05] [Client thread/TRACE] [FML]:   Registry: 31 minecraft:donkey net.minecraftforge.fml.common.registry.EntityEntry@1f6c4ae
[15:32:05] [Client thread/TRACE] [FML]:   Registry: 32 minecraft:mule net.minecraftforge.fml.common.registry.EntityEntry@b808af5
[15:32:05] [Client thread/TRACE] [FML]:   Registry: 33 minecraft:evocation_fangs net.minecraftforge.fml.common.registry.EntityEntry@246df37b
[15:32:05] [Client thread/TRACE] [FML]:   Registry: 34 minecraft:evocation_illager net.minecraftforge.fml.common.registry.EntityEntry@460eb276
[15:32:05] [Client thread/TRACE] [FML]:   Registry: 35 minecraft:vex net.minecraftforge.fml.common.registry.EntityEntry@2e426dd2
[15:32:05] [Client thread/TRACE] [FML]:   Registry: 36 minecraft:vindication_illager net.minecraftforge.fml.common.registry.EntityEntry@2b9d4b0
[15:32:05] [Client thread/TRACE] [FML]:   Registry: 37 minecraft:illusion_illager net.minecraftforge.fml.common.registry.EntityEntry@7827d7b
[15:32:05] [Client thread/TRACE] [FML]:   Registry: 40 minecraft:commandblock_minecart net.minecraftforge.fml.common.registry.EntityEntry@8debe42
[15:32:05] [Client thread/TRACE] [FML]:   Registry: 41 minecraft:boat net.minecraftforge.fml.common.registry.EntityEntry@40863800
[15:32:05] [Client thread/TRACE] [FML]:   Registry: 42 minecraft:minecart net.minecraftforge.fml.common.registry.EntityEntry@24018c8b
[15:32:05] [Client thread/TRACE] [FML]:   Registry: 43 minecraft:chest_minecart net.minecraftforge.fml.common.registry.EntityEntry@430d3021
[15:32:05] [Client thread/TRACE] [FML]:   Registry: 44 minecraft:furnace_minecart net.minecraftforge.fml.common.registry.EntityEntry@3220c28
[15:32:05] [Client thread/TRACE] [FML]:   Registry: 45 minecraft:tnt_minecart net.minecraftforge.fml.common.registry.EntityEntry@40c28b0d
[15:32:05] [Client thread/TRACE] [FML]:   Registry: 46 minecraft:hopper_minecart net.minecraftforge.fml.common.registry.EntityEntry@4045fd1f
[15:32:05] [Client thread/TRACE] [FML]:   Registry: 47 minecraft:spawner_minecart net.minecraftforge.fml.common.registry.EntityEntry@2976ef56
[15:32:05] [Client thread/TRACE] [FML]:   Registry: 50 minecraft:creeper net.minecraftforge.fml.common.registry.EntityEntry@3a709cc7
[15:32:05] [Client thread/TRACE] [FML]:   Registry: 51 minecraft:skeleton net.minecraftforge.fml.common.registry.EntityEntry@25e6c22a
[15:32:05] [Client thread/TRACE] [FML]:   Registry: 52 minecraft:spider net.minecraftforge.fml.common.registry.EntityEntry@43ab0659
[15:32:05] [Client thread/TRACE] [FML]:   Registry: 53 minecraft:giant net.minecraftforge.fml.common.registry.EntityEntry@4491eaeb
[15:32:05] [Client thread/TRACE] [FML]:   Registry: 54 minecraft:zombie net.minecraftforge.fml.common.registry.EntityEntry@5f3ddc86
[15:32:05] [Client thread/TRACE] [FML]:   Registry: 55 minecraft:slime net.minecraftforge.fml.common.registry.EntityEntry@37c87fcc
[15:32:05] [Client thread/TRACE] [FML]:   Registry: 56 minecraft:ghast net.minecraftforge.fml.common.registry.EntityEntry@32328dc4
[15:32:05] [Client thread/TRACE] [FML]:   Registry: 57 minecraft:zombie_pigman net.minecraftforge.fml.common.registry.EntityEntry@3d764641
[15:32:05] [Client thread/TRACE] [FML]:   Registry: 58 minecraft:enderman net.minecraftforge.fml.common.registry.EntityEntry@839755f
[15:32:05] [Client thread/TRACE] [FML]:   Registry: 59 minecraft:cave_spider net.minecraftforge.fml.common.registry.EntityEntry@3cad24ae
[15:32:05] [Client thread/TRACE] [FML]:   Registry: 60 minecraft:silverfish net.minecraftforge.fml.common.registry.EntityEntry@7bda01da
[15:32:05] [Client thread/TRACE] [FML]:   Registry: 61 minecraft:blaze net.minecraftforge.fml.common.registry.EntityEntry@380fdcf2
[15:32:05] [Client thread/TRACE] [FML]:   Registry: 62 minecraft:magma_cube net.minecraftforge.fml.common.registry.EntityEntry@31f5b923
[15:32:05] [Client thread/TRACE] [FML]:   Registry: 63 minecraft:ender_dragon net.minecraftforge.fml.common.registry.EntityEntry@351ede23
[15:32:05] [Client thread/TRACE] [FML]:   Registry: 64 minecraft:wither net.minecraftforge.fml.common.registry.EntityEntry@39b85a73
[15:32:05] [Client thread/TRACE] [FML]:   Registry: 65 minecraft:bat net.minecraftforge.fml.common.registry.EntityEntry@6dc9a56e
[15:32:05] [Client thread/TRACE] [FML]:   Registry: 66 minecraft:witch net.minecraftforge.fml.common.registry.EntityEntry@2f0cab82
[15:32:05] [Client thread/TRACE] [FML]:   Registry: 67 minecraft:endermite net.minecraftforge.fml.common.registry.EntityEntry@6d35ff7b
[15:32:05] [Client thread/TRACE] [FML]:   Registry: 68 minecraft:guardian net.minecraftforge.fml.common.registry.EntityEntry@4e9e0c6
[15:32:05] [Client thread/TRACE] [FML]:   Registry: 69 minecraft:shulker net.minecraftforge.fml.common.registry.EntityEntry@149b53fa
[15:32:05] [Client thread/TRACE] [FML]:   Registry: 90 minecraft:pig net.minecraftforge.fml.common.registry.EntityEntry@77f03916
[15:32:05] [Client thread/TRACE] [FML]:   Registry: 91 minecraft:sheep net.minecraftforge.fml.common.registry.EntityEntry@533e2f4
[15:32:05] [Client thread/TRACE] [FML]:   Registry: 92 minecraft:cow net.minecraftforge.fml.common.registry.EntityEntry@75bf9e67
[15:32:05] [Client thread/TRACE] [FML]:   Registry: 93 minecraft:chicken net.minecraftforge.fml.common.registry.EntityEntry@772f3a3f
[15:32:05] [Client thread/TRACE] [FML]:   Registry: 94 minecraft:squid net.minecraftforge.fml.common.registry.EntityEntry@762da62b
[15:32:05] [Client thread/TRACE] [FML]:   Registry: 95 minecraft:wolf net.minecraftforge.fml.common.registry.EntityEntry@528f5b7f
[15:32:05] [Client thread/TRACE] [FML]:   Registry: 96 minecraft:mooshroom net.minecraftforge.fml.common.registry.EntityEntry@1ef93e01
[15:32:05] [Client thread/TRACE] [FML]:   Registry: 97 minecraft:snowman net.minecraftforge.fml.common.registry.EntityEntry@6cd66f6a
[15:32:05] [Client thread/TRACE] [FML]:   Registry: 98 minecraft:ocelot net.minecraftforge.fml.common.registry.EntityEntry@39afe59f
[15:32:05] [Client thread/TRACE] [FML]:   Registry: 99 minecraft:villager_golem net.minecraftforge.fml.common.registry.EntityEntry@20f63ddc
[15:32:05] [Client thread/TRACE] [FML]:   Registry: 100 minecraft:horse net.minecraftforge.fml.common.registry.EntityEntry@69bc4024
[15:32:05] [Client thread/TRACE] [FML]:   Registry: 101 minecraft:rabbit net.minecraftforge.fml.common.registry.EntityEntry@57fce8b
[15:32:05] [Client thread/TRACE] [FML]:   Registry: 102 minecraft:polar_bear net.minecraftforge.fml.common.registry.EntityEntry@457692cb
[15:32:05] [Client thread/TRACE] [FML]:   Registry: 103 minecraft:llama net.minecraftforge.fml.common.registry.EntityEntry@7be7c052
[15:32:05] [Client thread/TRACE] [FML]:   Registry: 104 minecraft:llama_spit net.minecraftforge.fml.common.registry.EntityEntry@5599dc60
[15:32:05] [Client thread/TRACE] [FML]:   Registry: 105 minecraft:parrot net.minecraftforge.fml.common.registry.EntityEntry@120d6cbf
[15:32:05] [Client thread/TRACE] [FML]:   Registry: 120 minecraft:villager net.minecraftforge.fml.common.registry.EntityEntry@a1cb94
[15:32:05] [Client thread/TRACE] [FML]:   Registry: 200 minecraft:ender_crystal net.minecraftforge.fml.common.registry.EntityEntry@37f41a81
[15:32:05] [Client thread/TRACE] [FML]: Sending event FMLModIdMappingEvent to mod minecraft
[15:32:05] [Client thread/TRACE] [FML]: Sent event FMLModIdMappingEvent to mod minecraft
[15:32:05] [Client thread/DEBUG] [FML]: Bar Step: ModIdMapping - Minecraft took 0.000s
[15:32:05] [Client thread/TRACE] [FML]: Sending event FMLModIdMappingEvent to mod mcp
[15:32:05] [Client thread/TRACE] [FML]: Sent event FMLModIdMappingEvent to mod mcp
[15:32:05] [Client thread/DEBUG] [FML]: Bar Step: ModIdMapping - Minecraft Coder Pack took 0.000s
[15:32:05] [Client thread/TRACE] [FML]: Sending event FMLModIdMappingEvent to mod FML
[15:32:05] [Client thread/TRACE] [FML]: Sent event FMLModIdMappingEvent to mod FML
[15:32:05] [Client thread/DEBUG] [FML]: Bar Step: ModIdMapping - Forge Mod Loader took 0.000s
[15:32:05] [Client thread/TRACE] [FML]: Sending event FMLModIdMappingEvent to mod forge
[15:32:05] [Client thread/TRACE] [FML]: Sent event FMLModIdMappingEvent to mod forge
[15:32:05] [Client thread/DEBUG] [FML]: Bar Step: ModIdMapping - Minecraft Forge took 0.068s
[15:32:05] [Client thread/TRACE] [FML]: Sending event FMLModIdMappingEvent to mod journeymode
[15:32:05] [Client thread/TRACE] [FML]: Sent event FMLModIdMappingEvent to mod journeymode
[15:32:05] [Client thread/DEBUG] [FML]: Bar Step: ModIdMapping - Journey Mode took 0.000s
[15:32:05] [Client thread/DEBUG] [FML]: Bar Finished: ModIdMapping took 0.069s
[15:32:05] [Client thread/INFO] [FML]: Applying holder lookups
[15:32:05] [Client thread/INFO] [FML]: Holder lookups applied
[15:32:05] [Netty Client IO #1/DEBUG] [FML]:   Next: PENDINGCOMPLETE
[15:32:05] [Netty Client IO #1/DEBUG] [FML]: FMLHandshakeClientState: $HandshakeAck:{2}->FMLHandshakeClientState$5:PENDINGCOMPLETE
[15:32:05] [Netty Client IO #1/DEBUG] [FML]:   Next: COMPLETE
[15:32:05] [Netty Client IO #1/DEBUG] [FML]: The fluid minecraft:lava has been selected as the default fluid for lava
[15:32:05] [Netty Client IO #1/DEBUG] [FML]: The fluid minecraft:water has been selected as the default fluid for water
[15:32:05] [Netty Client IO #1/DEBUG] [FML]: FMLHandshakeClientState: $HandshakeAck:{3}->FMLHandshakeClientState$6:COMPLETE
[15:32:05] [Netty Client IO #1/DEBUG] [FML]:   Next: DONE
[15:32:05] [Netty Client IO #1/INFO] [FML]: [Netty Client IO #1] Client side modded connection established
[15:32:05] [Client thread/DEBUG] [FML]: Overriding dimension: using 0
[15:32:06] [Client thread/INFO] [STDOUT]: [me.wizicl.journeymode.proxy.ClientProxy:lambda$handleSyncResearch$0:45]: CLIENT-SIDE: Данные исследований успешно синхронизированы! Размер: 0
[15:32:17] [Client thread/INFO] [net.minecraft.client.gui.GuiNewChat]: [CHAT] You do not have permission to use this command
[15:32:36] [Client thread/INFO] [STDOUT]: [me.wizicl.journeymode.proxy.ClientProxy:lambda$handleSyncResearch$0:45]: CLIENT-SIDE: Данные исследований успешно синхронизированы! Размер: 1
[15:32:39] [Client thread/INFO] [net.minecraft.client.gui.GuiNewChat]: [CHAT] clear, consume, give, ignore, progress, remove, research
[15:32:41] [Client thread/INFO] [net.minecraft.client.gui.GuiNewChat]: [CHAT] === Research progress (Page 1 of 1) ===
[15:32:41] [Client thread/INFO] [net.minecraft.client.gui.GuiNewChat]: [CHAT]  - Dirt [1/640]
[15:32:46] [Client thread/INFO] [net.minecraft.client.Minecraft]: Stopping!
[15:32:46] [Client thread/INFO] [net.minecraft.client.audio.SoundManager]: SoundSystem shutting down...
[15:32:47] [Client thread/WARN] [net.minecraft.client.audio.SoundManager]: Author: Paul Lamb, www.paulscode.com
