[11:32:09] [main/INFO]: Writing debug log file accesstransform.log
[11:32:09] [main/INFO]: Access Transformer processor running version 1.0.5+4+02b7b69
[11:32:09] [main/INFO]: Command line arguments [--inJar, C:\Users\tonik\.gradle\caches\forge_gradle\minecraft_user_repo\net\minecraftforge\forge\1.12.2-14.23.5.2859\forge-1.12.2-14.23.5.2859-injected.jar, --outJar, C:\Users\tonik\.gradle\caches\forge_gradle\minecraft_user_repo\net\minecraftforge\forge\1.12.2-14.23.5.2859_mapped_snapshot_20171003-1.12\forge-1.12.2-14.23.5.2859_mapped_snapshot_20171003-1.12.jar, --logFile, accesstransform.log, --atFile, D:\WorkSpace\Journey Mode\build\_atJar_6\parent_at.cfg]
[11:32:09] [main/INFO]: Reading from C:\Users\tonik\.gradle\caches\forge_gradle\minecraft_user_repo\net\minecraftforge\forge\1.12.2-14.23.5.2859\forge-1.12.2-14.23.5.2859-injected.jar
[11:32:09] [main/INFO]: Writing to C:\Users\tonik\.gradle\caches\forge_gradle\minecraft_user_repo\net\minecraftforge\forge\1.12.2-14.23.5.2859_mapped_snapshot_20171003-1.12\forge-1.12.2-14.23.5.2859_mapped_snapshot_20171003-1.12.jar
[11:32:09] [main/INFO]: Transformer file D:\WorkSpace\Journey Mode\build\_atJar_6\parent_at.cfg
[11:32:09] [main/WARN]: Found existing output jar C:\Users\tonik\.gradle\caches\forge_gradle\minecraft_user_repo\net\minecraftforge\forge\1.12.2-14.23.5.2859_mapped_snapshot_20171003-1.12\forge-1.12.2-14.23.5.2859_mapped_snapshot_20171003-1.12.jar, overwriting
[11:32:09] [main/DEBUG]: Loading access transformer parent_at.cfg from path D:\WorkSpace\Journey Mode\build\_atJar_6\parent_at.cfg
[11:32:09] [main/DEBUG]: Loaded access transformer parent_at.cfg from path D:\WorkSpace\Journey Mode\build\_atJar_6\parent_at.cfg
[11:32:09] [main/DEBUG]: Loaded access transformer file D:\WorkSpace\Journey Mode\build\_atJar_6\parent_at.cfg
[11:32:10] [main/DEBUG]: Skipping Lmcp/MethodsReturnNonnullByDefault;
[11:32:10] [main/DEBUG]: Skipping Lmcp/client/Start;
[11:32:10] [main/DEBUG]: Skipping Lpaulscode/sound/codecs/CodecIBXM;
[11:32:10] [main/DEBUG]: Skipping Libxm/ScreamTracker3;
[11:32:10] [main/DEBUG]: Skipping Libxm/Sample;
[11:32:10] [main/DEBUG]: Skipping Libxm/ProTracker;
[11:32:10] [main/DEBUG]: Skipping Libxm/Player;
[11:32:10] [main/DEBUG]: Skipping Libxm/Player$Driver;
[11:32:10] [main/DEBUG]: Skipping Libxm/Player$1;
[11:32:10] [main/DEBUG]: Skipping Libxm/Pattern;
[11:32:10] [main/DEBUG]: Skipping Libxm/Module;
[11:32:10] [main/DEBUG]: Skipping Libxm/LogTable;
[11:32:10] [main/DEBUG]: Skipping Libxm/Instrument;
[11:32:10] [main/DEBUG]: Skipping Libxm/IBXM;
[11:32:10] [main/DEBUG]: Skipping Libxm/FastTracker2;
[11:32:10] [main/DEBUG]: Skipping Libxm/Envelope;
[11:32:10] [main/DEBUG]: Skipping Libxm/Channel;
[11:32:10] [main/DEBUG]: Skipping Lnet/minecraftforge/server/timings/TimeTracker;
[11:32:10] [main/DEBUG]: Skipping Lnet/minecraftforge/server/timings/ForgeTimings;
[11:32:10] [main/DEBUG]: Skipping Lnet/minecraftforge/server/terminalconsole/util/package-info;
[11:32:10] [main/DEBUG]: Skipping Lnet/minecraftforge/server/terminalconsole/util/LoggerNamePatternSelector;
[11:32:10] [main/DEBUG]: Skipping Lnet/minecraftforge/server/terminalconsole/util/LoggerNamePatternSelector$LoggerNameSelector;
[11:32:10] [main/DEBUG]: Skipping Lnet/minecraftforge/server/terminalconsole/package-info;
[11:32:10] [main/DEBUG]: Skipping Lnet/minecraftforge/server/terminalconsole/TerminalConsoleAppender;
[11:32:10] [main/DEBUG]: Skipping Lnet/minecraftforge/server/terminalconsole/MinecraftFormattingConverter;
[11:32:10] [main/DEBUG]: Skipping Lnet/minecraftforge/server/terminalconsole/HighlightErrorConverter;
[11:32:10] [main/DEBUG]: Skipping Lnet/minecraftforge/server/permission/package-info;
[11:32:10] [main/DEBUG]: Skipping Lnet/minecraftforge/server/permission/context/package-info;
[11:32:10] [main/DEBUG]: Skipping Lnet/minecraftforge/server/permission/context/WorldContext;
[11:32:10] [main/DEBUG]: Skipping Lnet/minecraftforge/server/permission/context/TargetContext;
[11:32:10] [main/DEBUG]: Skipping Lnet/minecraftforge/server/permission/context/PlayerContext;
[11:32:10] [main/DEBUG]: Skipping Lnet/minecraftforge/server/permission/context/IContext;
[11:32:10] [main/DEBUG]: Skipping Lnet/minecraftforge/server/permission/context/ContextKeys;
[11:32:10] [main/DEBUG]: Skipping Lnet/minecraftforge/server/permission/context/ContextKey;
[11:32:10] [main/DEBUG]: Skipping Lnet/minecraftforge/server/permission/context/Context;
[11:32:10] [main/DEBUG]: Skipping Lnet/minecraftforge/server/permission/context/BlockPosContext;
[11:32:10] [main/DEBUG]: Skipping Lnet/minecraftforge/server/permission/context/AreaContext;
[11:32:10] [main/DEBUG]: Skipping Lnet/minecraftforge/server/permission/PermissionAPI;
[11:32:10] [main/DEBUG]: Skipping Lnet/minecraftforge/server/permission/IPermissionHandler;
[11:32:10] [main/DEBUG]: Skipping Lnet/minecraftforge/server/permission/DefaultPermissionLevel;
[11:32:10] [main/DEBUG]: Skipping Lnet/minecraftforge/server/permission/DefaultPermissionHandler;
[11:32:10] [main/DEBUG]: Skipping Lnet/minecraftforge/server/console/TerminalHandler;
[11:32:10] [main/DEBUG]: Skipping Lnet/minecraftforge/server/console/ConsoleCommandCompleter;
[11:32:10] [main/DEBUG]: Skipping Lnet/minecraftforge/server/command/package-info;
[11:32:10] [main/DEBUG]: Skipping Lnet/minecraftforge/server/command/TextComponentHelper;
[11:32:10] [main/DEBUG]: Skipping Lnet/minecraftforge/server/command/ForgeCommand;
[11:32:10] [main/DEBUG]: Skipping Lnet/minecraftforge/server/command/CommandTreeHelp;
[11:32:10] [main/DEBUG]: Skipping Lnet/minecraftforge/server/command/CommandTreeHelp$HelpSubCommand;
[11:32:10] [main/DEBUG]: Skipping Lnet/minecraftforge/server/command/CommandTreeBase;
[11:32:10] [main/DEBUG]: Skipping Lnet/minecraftforge/server/command/CommandTrack;
[11:32:10] [main/DEBUG]: Skipping Lnet/minecraftforge/server/command/CommandTrack$TrackResultsTileEntity;
[11:32:10] [main/DEBUG]: Skipping Lnet/minecraftforge/server/command/CommandTrack$TrackResultsEntity;
[11:32:10] [main/DEBUG]: Skipping Lnet/minecraftforge/server/command/CommandTrack$TrackResultsBaseCommand;
[11:32:10] [main/DEBUG]: Skipping Lnet/minecraftforge/server/command/CommandTrack$StartTrackingCommand;
[11:32:10] [main/DEBUG]: Skipping Lnet/minecraftforge/server/command/CommandTrack$ResetTrackingCommand;
[11:32:10] [main/DEBUG]: Skipping Lnet/minecraftforge/server/command/CommandTrack$1;
[11:32:10] [main/DEBUG]: Skipping Lnet/minecraftforge/server/command/CommandTps;
[11:32:10] [main/DEBUG]: Skipping Lnet/minecraftforge/server/command/CommandSetDimension;
[11:32:10] [main/DEBUG]: Skipping Lnet/minecraftforge/server/command/CommandSetDimension$CommandTeleporter;
[11:32:10] [main/DEBUG]: Skipping Lnet/minecraftforge/server/command/CommandSetDimension$1;
[11:32:10] [main/DEBUG]: Skipping Lnet/minecraftforge/server/command/CommandGenerate;
[11:32:10] [main/DEBUG]: Skipping Lnet/minecraftforge/server/command/CommandEntity;
[11:32:10] [main/DEBUG]: Skipping Lnet/minecraftforge/server/command/CommandEntity$EntityListCommand;
[11:32:10] [main/DEBUG]: Skipping Lnet/minecraftforge/server/command/CommandEntity$1;
[11:32:10] [main/DEBUG]: Skipping Lnet/minecraftforge/server/command/CommandDimensions;
[11:32:10] [main/DEBUG]: Skipping Lnet/minecraftforge/server/command/ChunkGenWorker;
[11:32:10] [main/DEBUG]: Skipping Lnet/minecraftforge/server/ForgeTimeTracker;
[11:32:10] [main/DEBUG]: Skipping Lnet/minecraftforge/registries/RegistryManager;
[11:32:10] [main/DEBUG]: Skipping Lnet/minecraftforge/registries/RegistryDelegate;
[11:32:10] [main/DEBUG]: Skipping Lnet/minecraftforge/registries/RegistryBuilder;
[11:32:10] [main/DEBUG]: Skipping Lnet/minecraftforge/registries/ObjectHolderRegistry;
[11:32:10] [main/DEBUG]: Skipping Lnet/minecraftforge/registries/ObjectHolderRef;
[11:32:10] [main/DEBUG]: Skipping Lnet/minecraftforge/registries/ObjectHolderRef$FinalFieldHelper;
[11:32:10] [main/DEBUG]: Skipping Lnet/minecraftforge/registries/NamespacedWrapper;
[11:32:10] [main/DEBUG]: Skipping Lnet/minecraftforge/registries/NamespacedWrapper$Factory;
[11:32:10] [main/DEBUG]: Skipping Lnet/minecraftforge/registries/NamespacedDefaultedWrapper;
[11:32:10] [main/DEBUG]: Skipping Lnet/minecraftforge/registries/NamespacedDefaultedWrapper$Factory;
[11:32:10] [main/DEBUG]: Skipping Lnet/minecraftforge/registries/NamespacedDefaultedWrapper$1;
[11:32:10] [main/DEBUG]: Skipping Lnet/minecraftforge/registries/IRegistryDelegate;
[11:32:10] [main/DEBUG]: Skipping Lnet/minecraftforge/registries/ILockableRegistry;
[11:32:10] [main/DEBUG]: Skipping Lnet/minecraftforge/registries/IForgeRegistryModifiable;
[11:32:10] [main/DEBUG]: Skipping Lnet/minecraftforge/registries/IForgeRegistryInternal;
[11:32:10] [main/DEBUG]: Skipping Lnet/minecraftforge/registries/IForgeRegistryEntry;
[11:32:10] [main/DEBUG]: Skipping Lnet/minecraftforge/registries/IForgeRegistryEntry$Impl;
[11:32:10] [main/DEBUG]: Skipping Lnet/minecraftforge/registries/IForgeRegistryEntry$Impl$1;
[11:32:10] [main/DEBUG]: Skipping Lnet/minecraftforge/registries/IForgeRegistry;
[11:32:10] [main/DEBUG]: Skipping Lnet/minecraftforge/registries/IForgeRegistry$ValidateCallback;
[11:32:10] [main/DEBUG]: Skipping Lnet/minecraftforge/registries/IForgeRegistry$MissingFactory;
[11:32:10] [main/DEBUG]: Skipping Lnet/minecraftforge/registries/IForgeRegistry$DummyFactory;
[11:32:10] [main/DEBUG]: Skipping Lnet/minecraftforge/registries/IForgeRegistry$CreateCallback;
[11:32:10] [main/DEBUG]: Skipping Lnet/minecraftforge/registries/IForgeRegistry$ClearCallback;
[11:32:10] [main/DEBUG]: Skipping Lnet/minecraftforge/registries/IForgeRegistry$AddCallback;
[11:32:10] [main/DEBUG]: Skipping Lnet/minecraftforge/registries/GameData;
[11:32:10] [main/DEBUG]: Skipping Lnet/minecraftforge/registries/GameData$SerializerCallbacks;
[11:32:10] [main/DEBUG]: Skipping Lnet/minecraftforge/registries/GameData$RecipeCallbacks;
[11:32:10] [main/DEBUG]: Skipping Lnet/minecraftforge/registries/GameData$RecipeCallbacks$DummyRecipe;
[11:32:10] [main/DEBUG]: Skipping Lnet/minecraftforge/registries/GameData$ItemCallbacks;
[11:32:10] [main/DEBUG]: Skipping Lnet/minecraftforge/registries/GameData$EntityCallbacks;
[11:32:10] [main/DEBUG]: Skipping Lnet/minecraftforge/registries/GameData$ClearableObjectIntIdentityMap;
[11:32:10] [main/DEBUG]: Skipping Lnet/minecraftforge/registries/GameData$BlockCallbacks;
[11:32:10] [main/DEBUG]: Skipping Lnet/minecraftforge/registries/GameData$BlockCallbacks$BlockDummyAir;
[11:32:10] [main/DEBUG]: Skipping Lnet/minecraftforge/registries/GameData$BlockCallbacks$1;
[11:32:10] [main/DEBUG]: Skipping Lnet/minecraftforge/registries/GameData$1;
[11:32:10] [main/DEBUG]: Skipping Lnet/minecraftforge/registries/ForgeRegistry;
[11:32:10] [main/DEBUG]: Skipping Lnet/minecraftforge/registries/ForgeRegistry$Snapshot;
[11:32:10] [main/DEBUG]: Skipping Lnet/minecraftforge/registries/ForgeRegistry$OverrideOwner;
[11:32:10] [main/DEBUG]: Skipping Lnet/minecraftforge/registries/ForgeRegistry$1;
[11:32:10] [main/DEBUG]: Skipping Lnet/minecraftforge/registries/DataSerializerEntry;
[11:32:10] [main/DEBUG]: Skipping Lnet/minecraftforge/oredict/ShapelessOreRecipe;
[11:32:10] [main/DEBUG]: Skipping Lnet/minecraftforge/oredict/ShapedOreRecipe;
[11:32:10] [main/DEBUG]: Skipping Lnet/minecraftforge/oredict/RecipeSorter;
[11:32:10] [main/DEBUG]: Skipping Lnet/minecraftforge/oredict/RecipeSorter$SortEntry;
[11:32:10] [main/DEBUG]: Skipping Lnet/minecraftforge/oredict/RecipeSorter$Category;
[11:32:10] [main/DEBUG]: Skipping Lnet/minecraftforge/oredict/RecipeSorter$1;
[11:32:10] [main/DEBUG]: Skipping Lnet/minecraftforge/oredict/OreIngredient;
[11:32:10] [main/DEBUG]: Skipping Lnet/minecraftforge/oredict/OreDictionary;
[11:32:10] [main/DEBUG]: Skipping Lnet/minecraftforge/oredict/OreDictionary$OreRegisterEvent;
[11:32:10] [main/DEBUG]: Skipping Lnet/minecraftforge/oredict/DyeUtils;
[11:32:10] [main/DEBUG]: Skipping Lnet/minecraftforge/items/wrapper/SidedInvWrapper;
[11:32:10] [main/DEBUG]: Skipping Lnet/minecraftforge/items/wrapper/RangedWrapper;
[11:32:10] [main/DEBUG]: Skipping Lnet/minecraftforge/items/wrapper/PlayerOffhandInvWrapper;
[11:32:10] [main/DEBUG]: Skipping Lnet/minecraftforge/items/wrapper/PlayerMainInvWrapper;
[11:32:10] [main/DEBUG]: Skipping Lnet/minecraftforge/items/wrapper/PlayerInvWrapper;
[11:32:10] [main/DEBUG]: Skipping Lnet/minecraftforge/items/wrapper/PlayerArmorInvWrapper;
[11:32:10] [main/DEBUG]: Skipping Lnet/minecraftforge/items/wrapper/InvWrapper;
[11:32:10] [main/DEBUG]: Skipping Lnet/minecraftforge/items/wrapper/EntityHandsInvWrapper;
[11:32:10] [main/DEBUG]: Skipping Lnet/minecraftforge/items/wrapper/EntityEquipmentInvWrapper;
[11:32:10] [main/DEBUG]: Skipping Lnet/minecraftforge/items/wrapper/EntityArmorInvWrapper;
[11:32:10] [main/DEBUG]: Skipping Lnet/minecraftforge/items/wrapper/EmptyHandler;
[11:32:10] [main/DEBUG]: Skipping Lnet/minecraftforge/items/wrapper/CombinedInvWrapper;
[11:32:10] [main/DEBUG]: Skipping Lnet/minecraftforge/items/VanillaInventoryCodeHooks;
[11:32:10] [main/DEBUG]: Skipping Lnet/minecraftforge/items/VanillaHopperItemHandler;
[11:32:10] [main/DEBUG]: Skipping Lnet/minecraftforge/items/VanillaDoubleChestItemHandler;
[11:32:10] [main/DEBUG]: Skipping Lnet/minecraftforge/items/SlotItemHandler;
[11:32:10] [main/DEBUG]: Skipping Lnet/minecraftforge/items/ItemStackHandler;
[11:32:10] [main/DEBUG]: Skipping Lnet/minecraftforge/items/ItemHandlerHelper;
[11:32:10] [main/DEBUG]: Skipping Lnet/minecraftforge/items/IItemHandlerModifiable;
[11:32:10] [main/DEBUG]: Skipping Lnet/minecraftforge/items/IItemHandler;
[11:32:10] [main/DEBUG]: Skipping Lnet/minecraftforge/items/CapabilityItemHandler;
[11:32:10] [main/DEBUG]: Skipping Lnet/minecraftforge/items/CapabilityItemHandler$1;
[11:32:10] [main/DEBUG]: Skipping Lnet/minecraftforge/fluids/capability/wrappers/FluidBucketWrapper;
[11:32:10] [main/DEBUG]: Skipping Lnet/minecraftforge/fluids/capability/wrappers/FluidBlockWrapper;
[11:32:10] [main/DEBUG]: Skipping Lnet/minecraftforge/fluids/capability/wrappers/BlockWrapper;
[11:32:10] [main/DEBUG]: Skipping Lnet/minecraftforge/fluids/capability/wrappers/BlockLiquidWrapper;
[11:32:10] [main/DEBUG]: Skipping Lnet/minecraftforge/fluids/capability/templates/VoidFluidHandler;
[11:32:10] [main/DEBUG]: Skipping Lnet/minecraftforge/fluids/capability/templates/FluidHandlerItemStackSimple;
[11:32:10] [main/DEBUG]: Skipping Lnet/minecraftforge/fluids/capability/templates/FluidHandlerItemStackSimple$SwapEmpty;
[11:32:10] [main/DEBUG]: Skipping Lnet/minecraftforge/fluids/capability/templates/FluidHandlerItemStackSimple$Consumable;
[11:32:10] [main/DEBUG]: Skipping Lnet/minecraftforge/fluids/capability/templates/FluidHandlerItemStack;
[11:32:10] [main/DEBUG]: Skipping Lnet/minecraftforge/fluids/capability/templates/FluidHandlerItemStack$SwapEmpty;
[11:32:10] [main/DEBUG]: Skipping Lnet/minecraftforge/fluids/capability/templates/FluidHandlerItemStack$Consumable;
[11:32:10] [main/DEBUG]: Skipping Lnet/minecraftforge/fluids/capability/templates/FluidHandlerFluidMap;
[11:32:10] [main/DEBUG]: Skipping Lnet/minecraftforge/fluids/capability/templates/FluidHandlerConcatenate;
[11:32:10] [main/DEBUG]: Skipping Lnet/minecraftforge/fluids/capability/templates/EmptyFluidHandler;
[11:32:10] [main/DEBUG]: Skipping Lnet/minecraftforge/fluids/capability/TileFluidHandler;
[11:32:10] [main/DEBUG]: Skipping Lnet/minecraftforge/fluids/capability/ItemFluidContainer;
[11:32:10] [main/DEBUG]: Skipping Lnet/minecraftforge/fluids/capability/IFluidTankProperties;
[11:32:10] [main/DEBUG]: Skipping Lnet/minecraftforge/fluids/capability/IFluidHandlerItem;
[11:32:10] [main/DEBUG]: Skipping Lnet/minecraftforge/fluids/capability/IFluidHandler;
[11:32:10] [main/DEBUG]: Skipping Lnet/minecraftforge/fluids/capability/FluidTankPropertiesWrapper;
[11:32:10] [main/DEBUG]: Skipping Lnet/minecraftforge/fluids/capability/FluidTankProperties;
[11:32:10] [main/DEBUG]: Skipping Lnet/minecraftforge/fluids/capability/CapabilityFluidHandler;
[11:32:10] [main/DEBUG]: Skipping Lnet/minecraftforge/fluids/capability/CapabilityFluidHandler$DefaultFluidHandlerStorage;
[11:32:10] [main/DEBUG]: Skipping Lnet/minecraftforge/fluids/capability/CapabilityFluidHandler$1;
[11:32:10] [main/DEBUG]: Skipping Lnet/minecraftforge/fluids/UniversalBucket;
[11:32:10] [main/DEBUG]: Skipping Lnet/minecraftforge/fluids/IFluidTank;
[11:32:10] [main/DEBUG]: Skipping Lnet/minecraftforge/fluids/IFluidBlock;
[11:32:10] [main/DEBUG]: Skipping Lnet/minecraftforge/fluids/FluidUtil;
[11:32:10] [main/DEBUG]: Skipping Lnet/minecraftforge/fluids/FluidTankInfo;
[11:32:10] [main/DEBUG]: Skipping Lnet/minecraftforge/fluids/FluidTank;
[11:32:10] [main/DEBUG]: Skipping Lnet/minecraftforge/fluids/FluidStack;
[11:32:10] [main/DEBUG]: Skipping Lnet/minecraftforge/fluids/FluidRegistry;
[11:32:10] [main/DEBUG]: Skipping Lnet/minecraftforge/fluids/FluidRegistry$FluidRegisterEvent;
[11:32:10] [main/DEBUG]: Skipping Lnet/minecraftforge/fluids/FluidRegistry$FluidDelegate;
[11:32:10] [main/DEBUG]: Skipping Lnet/minecraftforge/fluids/FluidRegistry$2;
[11:32:10] [main/DEBUG]: Skipping Lnet/minecraftforge/fluids/FluidRegistry$1;
[11:32:10] [main/DEBUG]: Skipping Lnet/minecraftforge/fluids/FluidEvent;
[11:32:10] [main/DEBUG]: Skipping Lnet/minecraftforge/fluids/FluidEvent$FluidSpilledEvent;
[11:32:10] [main/DEBUG]: Skipping Lnet/minecraftforge/fluids/FluidEvent$FluidMotionEvent;
[11:32:10] [main/DEBUG]: Skipping Lnet/minecraftforge/fluids/FluidEvent$FluidFillingEvent;
[11:32:10] [main/DEBUG]: Skipping Lnet/minecraftforge/fluids/FluidEvent$FluidDrainingEvent;
[11:32:10] [main/DEBUG]: Skipping Lnet/minecraftforge/fluids/FluidActionResult;
[11:32:10] [main/DEBUG]: Skipping Lnet/minecraftforge/fluids/Fluid;
[11:32:10] [main/DEBUG]: Skipping Lnet/minecraftforge/fluids/DispenseFluidContainer;
[11:32:10] [main/DEBUG]: Skipping Lnet/minecraftforge/fluids/BlockFluidFinite;
[11:32:10] [main/DEBUG]: Skipping Lnet/minecraftforge/fluids/BlockFluidClassic;
[11:32:10] [main/DEBUG]: Skipping Lnet/minecraftforge/fluids/BlockFluidBase;
[11:32:10] [main/DEBUG]: Skipping Lnet/minecraftforge/fluids/BlockFluidBase$UnlistedPropertyBool;
[11:32:10] [main/DEBUG]: Skipping Lnet/minecraftforge/event/world/WorldEvent;
[11:32:10] [main/DEBUG]: Skipping Lnet/minecraftforge/event/world/WorldEvent$Unload;
[11:32:10] [main/DEBUG]: Skipping Lnet/minecraftforge/event/world/WorldEvent$Save;
[11:32:10] [main/DEBUG]: Skipping Lnet/minecraftforge/event/world/WorldEvent$PotentialSpawns;
[11:32:10] [main/DEBUG]: Skipping Lnet/minecraftforge/event/world/WorldEvent$Load;
[11:32:10] [main/DEBUG]: Skipping Lnet/minecraftforge/event/world/WorldEvent$CreateSpawnPosition;
[11:32:10] [main/DEBUG]: Skipping Lnet/minecraftforge/event/world/NoteBlockEvent;
[11:32:10] [main/DEBUG]: Skipping Lnet/minecraftforge/event/world/NoteBlockEvent$Play;
[11:32:10] [main/DEBUG]: Skipping Lnet/minecraftforge/event/world/NoteBlockEvent$Octave;
[11:32:10] [main/DEBUG]: Skipping Lnet/minecraftforge/event/world/NoteBlockEvent$Note;
[11:32:10] [main/DEBUG]: Skipping Lnet/minecraftforge/event/world/NoteBlockEvent$Instrument;
[11:32:10] [main/DEBUG]: Skipping Lnet/minecraftforge/event/world/NoteBlockEvent$Change;
[11:32:10] [main/DEBUG]: Skipping Lnet/minecraftforge/event/world/GetCollisionBoxesEvent;
[11:32:10] [main/DEBUG]: Skipping Lnet/minecraftforge/event/world/ExplosionEvent;
[11:32:10] [main/DEBUG]: Skipping Lnet/minecraftforge/event/world/ExplosionEvent$Start;
[11:32:10] [main/DEBUG]: Skipping Lnet/minecraftforge/event/world/ExplosionEvent$Detonate;
[11:32:10] [main/DEBUG]: Skipping Lnet/minecraftforge/event/world/ChunkWatchEvent;
[11:32:10] [main/DEBUG]: Skipping Lnet/minecraftforge/event/world/ChunkWatchEvent$Watch;
[11:32:10] [main/DEBUG]: Skipping Lnet/minecraftforge/event/world/ChunkWatchEvent$UnWatch;
[11:32:10] [main/DEBUG]: Skipping Lnet/minecraftforge/event/world/ChunkEvent;
[11:32:10] [main/DEBUG]: Skipping Lnet/minecraftforge/event/world/ChunkEvent$Unload;
[11:32:10] [main/DEBUG]: Skipping Lnet/minecraftforge/event/world/ChunkEvent$Load;
[11:32:10] [main/DEBUG]: Skipping Lnet/minecraftforge/event/world/ChunkDataEvent;
[11:32:10] [main/DEBUG]: Skipping Lnet/minecraftforge/event/world/ChunkDataEvent$Save;
[11:32:10] [main/DEBUG]: Skipping Lnet/minecraftforge/event/world/ChunkDataEvent$Load;
[11:32:10] [main/DEBUG]: Skipping Lnet/minecraftforge/event/world/BlockEvent;
[11:32:10] [main/DEBUG]: Skipping Lnet/minecraftforge/event/world/BlockEvent$PortalSpawnEvent;
[11:32:10] [main/DEBUG]: Skipping Lnet/minecraftforge/event/world/BlockEvent$PlaceEvent;
[11:32:10] [main/DEBUG]: Skipping Lnet/minecraftforge/event/world/BlockEvent$NeighborNotifyEvent;
[11:32:10] [main/DEBUG]: Skipping Lnet/minecraftforge/event/world/BlockEvent$MultiPlaceEvent;
[11:32:10] [main/DEBUG]: Skipping Lnet/minecraftforge/event/world/BlockEvent$HarvestDropsEvent;
[11:32:10] [main/DEBUG]: Skipping Lnet/minecraftforge/event/world/BlockEvent$FluidPlaceBlockEvent;
[11:32:10] [main/DEBUG]: Skipping Lnet/minecraftforge/event/world/BlockEvent$FarmlandTrampleEvent;
[11:32:10] [main/DEBUG]: Skipping Lnet/minecraftforge/event/world/BlockEvent$EntityPlaceEvent;
[11:32:10] [main/DEBUG]: Skipping Lnet/minecraftforge/event/world/BlockEvent$EntityMultiPlaceEvent;
[11:32:10] [main/DEBUG]: Skipping Lnet/minecraftforge/event/world/BlockEvent$CropGrowEvent;
[11:32:10] [main/DEBUG]: Skipping Lnet/minecraftforge/event/world/BlockEvent$CropGrowEvent$Pre;
[11:32:10] [main/DEBUG]: Skipping Lnet/minecraftforge/event/world/BlockEvent$CropGrowEvent$Post;
[11:32:10] [main/DEBUG]: Skipping Lnet/minecraftforge/event/world/BlockEvent$CreateFluidSourceEvent;
[11:32:10] [main/DEBUG]: Skipping Lnet/minecraftforge/event/world/BlockEvent$BreakEvent;
[11:32:10] [main/DEBUG]: Skipping Lnet/minecraftforge/event/village/VillageSiegeEvent;
[11:32:10] [main/DEBUG]: Skipping Lnet/minecraftforge/event/village/MerchantTradeOffersEvent;
[11:32:10] [main/DEBUG]: Skipping Lnet/minecraftforge/event/terraingen/WorldTypeEvent;
[11:32:10] [main/DEBUG]: Skipping Lnet/minecraftforge/event/terraingen/WorldTypeEvent$InitBiomeGens;
[11:32:10] [main/DEBUG]: Skipping Lnet/minecraftforge/event/terraingen/WorldTypeEvent$BiomeSize;
[11:32:10] [main/DEBUG]: Skipping Lnet/minecraftforge/event/terraingen/TerrainGen;
[11:32:10] [main/DEBUG]: Skipping Lnet/minecraftforge/event/terraingen/SaplingGrowTreeEvent;
[11:32:10] [main/DEBUG]: Skipping Lnet/minecraftforge/event/terraingen/PopulateChunkEvent;
[11:32:10] [main/DEBUG]: Skipping Lnet/minecraftforge/event/terraingen/PopulateChunkEvent$Pre;
[11:32:10] [main/DEBUG]: Skipping Lnet/minecraftforge/event/terraingen/PopulateChunkEvent$Post;
[11:32:10] [main/DEBUG]: Skipping Lnet/minecraftforge/event/terraingen/PopulateChunkEvent$Populate;
[11:32:10] [main/DEBUG]: Skipping Lnet/minecraftforge/event/terraingen/PopulateChunkEvent$Populate$EventType;
[11:32:10] [main/DEBUG]: Skipping Lnet/minecraftforge/event/terraingen/OreGenEvent;
[11:32:10] [main/DEBUG]: Skipping Lnet/minecraftforge/event/terraingen/OreGenEvent$Pre;
[11:32:10] [main/DEBUG]: Skipping Lnet/minecraftforge/event/terraingen/OreGenEvent$Post;
[11:32:10] [main/DEBUG]: Skipping Lnet/minecraftforge/event/terraingen/OreGenEvent$GenerateMinable;
[11:32:10] [main/DEBUG]: Skipping Lnet/minecraftforge/event/terraingen/OreGenEvent$GenerateMinable$EventType;
[11:32:10] [main/DEBUG]: Skipping Lnet/minecraftforge/event/terraingen/InitNoiseGensEvent;
[11:32:10] [main/DEBUG]: Skipping Lnet/minecraftforge/event/terraingen/InitNoiseGensEvent$ContextOverworld;
[11:32:10] [main/DEBUG]: Skipping Lnet/minecraftforge/event/terraingen/InitNoiseGensEvent$ContextHell;
[11:32:10] [main/DEBUG]: Skipping Lnet/minecraftforge/event/terraingen/InitNoiseGensEvent$ContextEnd;
[11:32:10] [main/DEBUG]: Skipping Lnet/minecraftforge/event/terraingen/InitNoiseGensEvent$Context;
[11:32:10] [main/DEBUG]: Skipping Lnet/minecraftforge/event/terraingen/InitMapGenEvent;
[11:32:10] [main/DEBUG]: Skipping Lnet/minecraftforge/event/terraingen/InitMapGenEvent$EventType;
[11:32:10] [main/DEBUG]: Skipping Lnet/minecraftforge/event/terraingen/DeferredBiomeDecorator;
[11:32:10] [main/DEBUG]: Skipping Lnet/minecraftforge/event/terraingen/DecorateBiomeEvent;
[11:32:10] [main/DEBUG]: Skipping Lnet/minecraftforge/event/terraingen/DecorateBiomeEvent$Pre;
[11:32:10] [main/DEBUG]: Skipping Lnet/minecraftforge/event/terraingen/DecorateBiomeEvent$Post;
[11:32:10] [main/DEBUG]: Skipping Lnet/minecraftforge/event/terraingen/DecorateBiomeEvent$Decorate;
[11:32:10] [main/DEBUG]: Skipping Lnet/minecraftforge/event/terraingen/DecorateBiomeEvent$Decorate$EventType;
[11:32:10] [main/DEBUG]: Skipping Lnet/minecraftforge/event/terraingen/ChunkGeneratorEvent;
[11:32:10] [main/DEBUG]: Skipping Lnet/minecraftforge/event/terraingen/ChunkGeneratorEvent$ReplaceBiomeBlocks;
[11:32:10] [main/DEBUG]: Skipping Lnet/minecraftforge/event/terraingen/ChunkGeneratorEvent$InitNoiseField;
[11:32:10] [main/DEBUG]: Skipping Lnet/minecraftforge/event/terraingen/BiomeEvent;
[11:32:10] [main/DEBUG]: Skipping Lnet/minecraftforge/event/terraingen/BiomeEvent$GetWaterColor;
[11:32:10] [main/DEBUG]: Skipping Lnet/minecraftforge/event/terraingen/BiomeEvent$GetVillageBlockID;
[11:32:10] [main/DEBUG]: Skipping Lnet/minecraftforge/event/terraingen/BiomeEvent$GetGrassColor;
[11:32:10] [main/DEBUG]: Skipping Lnet/minecraftforge/event/terraingen/BiomeEvent$GetFoliageColor;
[11:32:10] [main/DEBUG]: Skipping Lnet/minecraftforge/event/terraingen/BiomeEvent$CreateDecorator;
[11:32:10] [main/DEBUG]: Skipping Lnet/minecraftforge/event/terraingen/BiomeEvent$BiomeColor;
[11:32:10] [main/DEBUG]: Skipping Lnet/minecraftforge/event/furnace/FurnaceFuelBurnTimeEvent;
[11:32:10] [main/DEBUG]: Skipping Lnet/minecraftforge/event/entity/player/UseHoeEvent;
[11:32:10] [main/DEBUG]: Skipping Lnet/minecraftforge/event/entity/player/SleepingTimeCheckEvent;
[11:32:10] [main/DEBUG]: Skipping Lnet/minecraftforge/event/entity/player/SleepingLocationCheckEvent;
[11:32:10] [main/DEBUG]: Skipping Lnet/minecraftforge/event/entity/player/PlayerWakeUpEvent;
[11:32:10] [main/DEBUG]: Skipping Lnet/minecraftforge/event/entity/player/PlayerSleepInBedEvent;
[11:32:10] [main/DEBUG]: Skipping Lnet/minecraftforge/event/entity/player/PlayerSetSpawnEvent;
[11:32:10] [main/DEBUG]: Skipping Lnet/minecraftforge/event/entity/player/PlayerPickupXpEvent;
[11:32:10] [main/DEBUG]: Skipping Lnet/minecraftforge/event/entity/player/PlayerInteractEvent;
[11:32:10] [main/DEBUG]: Skipping Lnet/minecraftforge/event/entity/player/PlayerInteractEvent$RightClickItem;
[11:32:10] [main/DEBUG]: Skipping Lnet/minecraftforge/event/entity/player/PlayerInteractEvent$RightClickEmpty;
[11:32:10] [main/DEBUG]: Skipping Lnet/minecraftforge/event/entity/player/PlayerInteractEvent$RightClickBlock;
[11:32:10] [main/DEBUG]: Skipping Lnet/minecraftforge/event/entity/player/PlayerInteractEvent$LeftClickEmpty;
[11:32:10] [main/DEBUG]: Skipping Lnet/minecraftforge/event/entity/player/PlayerInteractEvent$LeftClickBlock;
[11:32:10] [main/DEBUG]: Skipping Lnet/minecraftforge/event/entity/player/PlayerInteractEvent$EntityInteractSpecific;
[11:32:10] [main/DEBUG]: Skipping Lnet/minecraftforge/event/entity/player/PlayerInteractEvent$EntityInteract;
[11:32:10] [main/DEBUG]: Skipping Lnet/minecraftforge/event/entity/player/PlayerInteractEvent$1;
[11:32:10] [main/DEBUG]: Skipping Lnet/minecraftforge/event/entity/player/PlayerFlyableFallEvent;
[11:32:10] [main/DEBUG]: Skipping Lnet/minecraftforge/event/entity/player/PlayerEvent;
[11:32:10] [main/DEBUG]: Skipping Lnet/minecraftforge/event/entity/player/PlayerEvent$Visibility;
[11:32:10] [main/DEBUG]: Skipping Lnet/minecraftforge/event/entity/player/PlayerEvent$StopTracking;
[11:32:10] [main/DEBUG]: Skipping Lnet/minecraftforge/event/entity/player/PlayerEvent$StartTracking;
[11:32:10] [main/DEBUG]: Skipping Lnet/minecraftforge/event/entity/player/PlayerEvent$SaveToFile;
[11:32:10] [main/DEBUG]: Skipping Lnet/minecraftforge/event/entity/player/PlayerEvent$NameFormat;
[11:32:10] [main/DEBUG]: Skipping Lnet/minecraftforge/event/entity/player/PlayerEvent$LoadFromFile;
[11:32:10] [main/DEBUG]: Skipping Lnet/minecraftforge/event/entity/player/PlayerEvent$HarvestCheck;
[11:32:10] [main/DEBUG]: Skipping Lnet/minecraftforge/event/entity/player/PlayerEvent$Clone;
[11:32:10] [main/DEBUG]: Skipping Lnet/minecraftforge/event/entity/player/PlayerEvent$BreakSpeed;
[11:32:10] [main/DEBUG]: Skipping Lnet/minecraftforge/event/entity/player/PlayerDropsEvent;
[11:32:10] [main/DEBUG]: Skipping Lnet/minecraftforge/event/entity/player/PlayerDestroyItemEvent;
[11:32:10] [main/DEBUG]: Skipping Lnet/minecraftforge/event/entity/player/PlayerContainerEvent;
[11:32:10] [main/DEBUG]: Skipping Lnet/minecraftforge/event/entity/player/PlayerContainerEvent$Open;
[11:32:10] [main/DEBUG]: Skipping Lnet/minecraftforge/event/entity/player/PlayerContainerEvent$Close;
[11:32:10] [main/DEBUG]: Skipping Lnet/minecraftforge/event/entity/player/ItemTooltipEvent;
[11:32:10] [main/DEBUG]: Skipping Lnet/minecraftforge/event/entity/player/ItemFishedEvent;
[11:32:10] [main/DEBUG]: Skipping Lnet/minecraftforge/event/entity/player/FillBucketEvent;
[11:32:10] [main/DEBUG]: Skipping Lnet/minecraftforge/event/entity/player/EntityItemPickupEvent;
[11:32:10] [main/DEBUG]: Skipping Lnet/minecraftforge/event/entity/player/CriticalHitEvent;
[11:32:10] [main/DEBUG]: Skipping Lnet/minecraftforge/event/entity/player/BonemealEvent;
[11:32:10] [main/DEBUG]: Skipping Lnet/minecraftforge/event/entity/player/AttackEntityEvent;
[11:32:10] [main/DEBUG]: Skipping Lnet/minecraftforge/event/entity/player/ArrowNockEvent;
[11:32:10] [main/DEBUG]: Skipping Lnet/minecraftforge/event/entity/player/ArrowLooseEvent;
[11:32:10] [main/DEBUG]: Skipping Lnet/minecraftforge/event/entity/player/AnvilRepairEvent;
[11:32:10] [main/DEBUG]: Skipping Lnet/minecraftforge/event/entity/player/AdvancementEvent;
[11:32:10] [main/DEBUG]: Skipping Lnet/minecraftforge/event/entity/minecart/MinecartUpdateEvent;
[11:32:10] [main/DEBUG]: Skipping Lnet/minecraftforge/event/entity/minecart/MinecartInteractEvent;
[11:32:10] [main/DEBUG]: Skipping Lnet/minecraftforge/event/entity/minecart/MinecartEvent;
[11:32:10] [main/DEBUG]: Skipping Lnet/minecraftforge/event/entity/minecart/MinecartCollisionEvent;
[11:32:10] [main/DEBUG]: Skipping Lnet/minecraftforge/event/entity/living/ZombieEvent;
[11:32:10] [main/DEBUG]: Skipping Lnet/minecraftforge/event/entity/living/ZombieEvent$SummonAidEvent;
[11:32:10] [main/DEBUG]: Skipping Lnet/minecraftforge/event/entity/living/PotionEvent;
[11:32:10] [main/DEBUG]: Skipping Lnet/minecraftforge/event/entity/living/PotionEvent$PotionRemoveEvent;
[11:32:10] [main/DEBUG]: Skipping Lnet/minecraftforge/event/entity/living/PotionEvent$PotionExpiryEvent;
[11:32:10] [main/DEBUG]: Skipping Lnet/minecraftforge/event/entity/living/PotionEvent$PotionApplicableEvent;
[11:32:10] [main/DEBUG]: Skipping Lnet/minecraftforge/event/entity/living/PotionEvent$PotionAddedEvent;
[11:32:10] [main/DEBUG]: Skipping Lnet/minecraftforge/event/entity/living/PotionColorCalculationEvent;
[11:32:10] [main/DEBUG]: Skipping Lnet/minecraftforge/event/entity/living/LootingLevelEvent;
[11:32:10] [main/DEBUG]: Skipping Lnet/minecraftforge/event/entity/living/LivingSpawnEvent;
[11:32:10] [main/DEBUG]: Skipping Lnet/minecraftforge/event/entity/living/LivingSpawnEvent$SpecialSpawn;
[11:32:10] [main/DEBUG]: Skipping Lnet/minecraftforge/event/entity/living/LivingSpawnEvent$CheckSpawn;
[11:32:10] [main/DEBUG]: Skipping Lnet/minecraftforge/event/entity/living/LivingSpawnEvent$AllowDespawn;
[11:32:10] [main/DEBUG]: Skipping Lnet/minecraftforge/event/entity/living/LivingSetAttackTargetEvent;
[11:32:10] [main/DEBUG]: Skipping Lnet/minecraftforge/event/entity/living/LivingPackSizeEvent;
[11:32:10] [main/DEBUG]: Skipping Lnet/minecraftforge/event/entity/living/LivingKnockBackEvent;
[11:32:10] [main/DEBUG]: Skipping Lnet/minecraftforge/event/entity/living/LivingHurtEvent;
[11:32:10] [main/DEBUG]: Skipping Lnet/minecraftforge/event/entity/living/LivingHealEvent;
[11:32:10] [main/DEBUG]: Skipping Lnet/minecraftforge/event/entity/living/LivingFallEvent;
[11:32:10] [main/DEBUG]: Skipping Lnet/minecraftforge/event/entity/living/LivingExperienceDropEvent;
[11:32:10] [main/DEBUG]: Skipping Lnet/minecraftforge/event/entity/living/LivingEvent;
[11:32:10] [main/DEBUG]: Skipping Lnet/minecraftforge/event/entity/living/LivingEvent$LivingUpdateEvent;
[11:32:10] [main/DEBUG]: Skipping Lnet/minecraftforge/event/entity/living/LivingEvent$LivingJumpEvent;
[11:32:10] [main/DEBUG]: Skipping Lnet/minecraftforge/event/entity/living/LivingEquipmentChangeEvent;
[11:32:10] [main/DEBUG]: Skipping Lnet/minecraftforge/event/entity/living/LivingEntityUseItemEvent;
[11:32:10] [main/DEBUG]: Skipping Lnet/minecraftforge/event/entity/living/LivingEntityUseItemEvent$Tick;
[11:32:10] [main/DEBUG]: Skipping Lnet/minecraftforge/event/entity/living/LivingEntityUseItemEvent$Stop;
[11:32:10] [main/DEBUG]: Skipping Lnet/minecraftforge/event/entity/living/LivingEntityUseItemEvent$Start;
[11:32:10] [main/DEBUG]: Skipping Lnet/minecraftforge/event/entity/living/LivingEntityUseItemEvent$Finish;
[11:32:10] [main/DEBUG]: Skipping Lnet/minecraftforge/event/entity/living/LivingEntityUseItemEvent$1;
[11:32:10] [main/DEBUG]: Skipping Lnet/minecraftforge/event/entity/living/LivingDropsEvent;
[11:32:10] [main/DEBUG]: Skipping Lnet/minecraftforge/event/entity/living/LivingDestroyBlockEvent;
[11:32:10] [main/DEBUG]: Skipping Lnet/minecraftforge/event/entity/living/LivingDeathEvent;
[11:32:10] [main/DEBUG]: Skipping Lnet/minecraftforge/event/entity/living/LivingDamageEvent;
[11:32:10] [main/DEBUG]: Skipping Lnet/minecraftforge/event/entity/living/LivingAttackEvent;
[11:32:10] [main/DEBUG]: Skipping Lnet/minecraftforge/event/entity/living/EnderTeleportEvent;
[11:32:10] [main/DEBUG]: Skipping Lnet/minecraftforge/event/entity/living/BabyEntitySpawnEvent;
[11:32:10] [main/DEBUG]: Skipping Lnet/minecraftforge/event/entity/living/AnimalTameEvent;
[11:32:10] [main/DEBUG]: Skipping Lnet/minecraftforge/event/entity/item/ItemTossEvent;
[11:32:10] [main/DEBUG]: Skipping Lnet/minecraftforge/event/entity/item/ItemExpireEvent;
[11:32:10] [main/DEBUG]: Skipping Lnet/minecraftforge/event/entity/item/ItemEvent;
[11:32:10] [main/DEBUG]: Skipping Lnet/minecraftforge/event/entity/ThrowableImpactEvent;
[11:32:10] [main/DEBUG]: Skipping Lnet/minecraftforge/event/entity/ProjectileImpactEvent;
[11:32:10] [main/DEBUG]: Skipping Lnet/minecraftforge/event/entity/ProjectileImpactEvent$Throwable;
[11:32:10] [main/DEBUG]: Skipping Lnet/minecraftforge/event/entity/ProjectileImpactEvent$Fireball;
[11:32:10] [main/DEBUG]: Skipping Lnet/minecraftforge/event/entity/ProjectileImpactEvent$Arrow;
[11:32:10] [main/DEBUG]: Skipping Lnet/minecraftforge/event/entity/PlaySoundAtEntityEvent;
[11:32:10] [main/DEBUG]: Skipping Lnet/minecraftforge/event/entity/EntityTravelToDimensionEvent;
[11:32:10] [main/DEBUG]: Skipping Lnet/minecraftforge/event/entity/EntityStruckByLightningEvent;
[11:32:10] [main/DEBUG]: Skipping Lnet/minecraftforge/event/entity/EntityMountEvent;
[11:32:10] [main/DEBUG]: Skipping Lnet/minecraftforge/event/entity/EntityMobGriefingEvent;
[11:32:10] [main/DEBUG]: Skipping Lnet/minecraftforge/event/entity/EntityJoinWorldEvent;
[11:32:10] [main/DEBUG]: Skipping Lnet/minecraftforge/event/entity/EntityEvent;
[11:32:10] [main/DEBUG]: Skipping Lnet/minecraftforge/event/entity/EntityEvent$EntityConstructing;
[11:32:10] [main/DEBUG]: Skipping Lnet/minecraftforge/event/entity/EntityEvent$EnteringChunk;
[11:32:10] [main/DEBUG]: Skipping Lnet/minecraftforge/event/entity/EntityEvent$CanUpdate;
[11:32:10] [main/DEBUG]: Skipping Lnet/minecraftforge/event/enchanting/EnchantmentLevelSetEvent;
[11:32:10] [main/DEBUG]: Skipping Lnet/minecraftforge/event/brewing/PotionBrewEvent;
[11:32:10] [main/DEBUG]: Skipping Lnet/minecraftforge/event/brewing/PotionBrewEvent$Pre;
[11:32:10] [main/DEBUG]: Skipping Lnet/minecraftforge/event/brewing/PotionBrewEvent$Post;
[11:32:10] [main/DEBUG]: Skipping Lnet/minecraftforge/event/brewing/PlayerBrewedPotionEvent;
[11:32:10] [main/DEBUG]: Skipping Lnet/minecraftforge/event/ServerChatEvent;
[11:32:10] [main/DEBUG]: Skipping Lnet/minecraftforge/event/RegistryEvent;
[11:32:10] [main/DEBUG]: Skipping Lnet/minecraftforge/event/RegistryEvent$Register;
[11:32:10] [main/DEBUG]: Skipping Lnet/minecraftforge/event/RegistryEvent$NewRegistry;
[11:32:10] [main/DEBUG]: Skipping Lnet/minecraftforge/event/RegistryEvent$MissingMappings;
[11:32:10] [main/DEBUG]: Skipping Lnet/minecraftforge/event/RegistryEvent$MissingMappings$Mapping;
[11:32:10] [main/DEBUG]: Skipping Lnet/minecraftforge/event/RegistryEvent$MissingMappings$Action;
[11:32:10] [main/DEBUG]: Skipping Lnet/minecraftforge/event/LootTableLoadEvent;
[11:32:10] [main/DEBUG]: Skipping Lnet/minecraftforge/event/GameRuleChangeEvent;
[11:32:10] [main/DEBUG]: Skipping Lnet/minecraftforge/event/ForgeEventFactory;
[11:32:10] [main/DEBUG]: Skipping Lnet/minecraftforge/event/DifficultyChangeEvent;
[11:32:10] [main/DEBUG]: Skipping Lnet/minecraftforge/event/CommandEvent;
[11:32:10] [main/DEBUG]: Skipping Lnet/minecraftforge/event/AttachCapabilitiesEvent;
[11:32:10] [main/DEBUG]: Skipping Lnet/minecraftforge/event/AnvilUpdateEvent;
[11:32:10] [main/DEBUG]: Skipping Lnet/minecraftforge/energy/IEnergyStorage;
[11:32:10] [main/DEBUG]: Skipping Lnet/minecraftforge/energy/EnergyStorage;
[11:32:10] [main/DEBUG]: Skipping Lnet/minecraftforge/energy/CapabilityEnergy;
[11:32:10] [main/DEBUG]: Skipping Lnet/minecraftforge/energy/CapabilityEnergy$1;
[11:32:10] [main/DEBUG]: Skipping Lnet/minecraftforge/common/util/WorldCapabilityData;
[11:32:10] [main/DEBUG]: Skipping Lnet/minecraftforge/common/util/TextTable;
[11:32:10] [main/DEBUG]: Skipping Lnet/minecraftforge/common/util/TextTable$Row;
[11:32:10] [main/DEBUG]: Skipping Lnet/minecraftforge/common/util/TextTable$Column;
[11:32:10] [main/DEBUG]: Skipping Lnet/minecraftforge/common/util/TextTable$Alignment;
[11:32:10] [main/DEBUG]: Skipping Lnet/minecraftforge/common/util/TextTable$1;
[11:32:10] [main/DEBUG]: Skipping Lnet/minecraftforge/common/util/RecipeMatcher;
[11:32:10] [main/DEBUG]: Skipping Lnet/minecraftforge/common/util/PacketUtil;
[11:32:10] [main/DEBUG]: Skipping Lnet/minecraftforge/common/util/ModFixs;
[11:32:10] [main/DEBUG]: Skipping Lnet/minecraftforge/common/util/JsonUtils;
[11:32:10] [main/DEBUG]: Skipping Lnet/minecraftforge/common/util/JsonUtils$ImmutableMapTypeAdapter;
[11:32:10] [main/DEBUG]: Skipping Lnet/minecraftforge/common/util/JsonUtils$ImmutableListTypeAdapter;
[11:32:10] [main/DEBUG]: Skipping Lnet/minecraftforge/common/util/JsonUtils$4;
[11:32:10] [main/DEBUG]: Skipping Lnet/minecraftforge/common/util/JsonUtils$3;
[11:32:10] [main/DEBUG]: Skipping Lnet/minecraftforge/common/util/JsonUtils$2;
[11:32:10] [main/DEBUG]: Skipping Lnet/minecraftforge/common/util/JsonUtils$1;
[11:32:10] [main/DEBUG]: Skipping Lnet/minecraftforge/common/util/ITeleporter;
[11:32:10] [main/DEBUG]: Skipping Lnet/minecraftforge/common/util/INBTSerializable;
[11:32:10] [main/DEBUG]: Skipping Lnet/minecraftforge/common/util/IDataFixerData;
[11:32:10] [main/DEBUG]: Skipping Lnet/minecraftforge/common/util/FakePlayerFactory;
[11:32:10] [main/DEBUG]: Skipping Lnet/minecraftforge/common/util/FakePlayer;
[11:32:10] [main/DEBUG]: Skipping Lnet/minecraftforge/common/util/EnumHelper;
[11:32:10] [main/DEBUG]: Skipping Lnet/minecraftforge/common/util/EnumHelper$2;
[11:32:10] [main/DEBUG]: Skipping Lnet/minecraftforge/common/util/EnumHelper$1;
[11:32:10] [main/DEBUG]: Skipping Lnet/minecraftforge/common/util/Constants;
[11:32:10] [main/DEBUG]: Skipping Lnet/minecraftforge/common/util/Constants$WorldEvents;
[11:32:10] [main/DEBUG]: Skipping Lnet/minecraftforge/common/util/Constants$NBT;
[11:32:10] [main/DEBUG]: Skipping Lnet/minecraftforge/common/util/Constants$EntityFlags;
[11:32:10] [main/DEBUG]: Skipping Lnet/minecraftforge/common/util/Constants$BlockFlags;
[11:32:10] [main/DEBUG]: Skipping Lnet/minecraftforge/common/util/Constants$AttributeModifierOperation;
[11:32:10] [main/DEBUG]: Skipping Lnet/minecraftforge/common/util/Constants$AiMutexBits;
[11:32:10] [main/DEBUG]: Skipping Lnet/minecraftforge/common/util/CompoundDataFixer;
[11:32:10] [main/DEBUG]: Skipping Lnet/minecraftforge/common/util/CompoundDataFixer$1;
[11:32:10] [main/DEBUG]: Skipping Lnet/minecraftforge/common/util/ChunkCoordComparator;
[11:32:10] [main/DEBUG]: Skipping Lnet/minecraftforge/common/util/BlockSnapshot;
[11:32:10] [main/DEBUG]: Skipping Lnet/minecraftforge/common/ticket/SimpleTicket;
[11:32:10] [main/DEBUG]: Skipping Lnet/minecraftforge/common/ticket/MultiTicketManager;
[11:32:10] [main/DEBUG]: Skipping Lnet/minecraftforge/common/ticket/ITicketManager;
[11:32:10] [main/DEBUG]: Skipping Lnet/minecraftforge/common/ticket/ITicketGetter;
[11:32:10] [main/DEBUG]: Skipping Lnet/minecraftforge/common/ticket/ChunkTicketManager;
[11:32:10] [main/DEBUG]: Skipping Lnet/minecraftforge/common/ticket/AABBTicket;
[11:32:10] [main/DEBUG]: Skipping Lnet/minecraftforge/common/property/PropertyFloat;
[11:32:10] [main/DEBUG]: Skipping Lnet/minecraftforge/common/property/Properties;
[11:32:10] [main/DEBUG]: Skipping Lnet/minecraftforge/common/property/Properties$PropertyAdapter;
[11:32:10] [main/DEBUG]: Skipping Lnet/minecraftforge/common/property/Properties$1;
[11:32:10] [main/DEBUG]: Skipping Lnet/minecraftforge/common/property/IUnlistedProperty;
[11:32:10] [main/DEBUG]: Skipping Lnet/minecraftforge/common/property/IExtendedBlockState;
[11:32:10] [main/DEBUG]: Skipping Lnet/minecraftforge/common/property/ExtendedBlockState;
[11:32:10] [main/DEBUG]: Skipping Lnet/minecraftforge/common/property/ExtendedBlockState$ExtendedStateImplementation;
[11:32:10] [main/DEBUG]: Skipping Lnet/minecraftforge/common/network/ServerToClientConnectionEstablishedHandler;
[11:32:10] [main/DEBUG]: Skipping Lnet/minecraftforge/common/network/ForgeRuntimeCodec;
[11:32:10] [main/DEBUG]: Skipping Lnet/minecraftforge/common/network/ForgeNetworkHandler;
[11:32:10] [main/DEBUG]: Skipping Lnet/minecraftforge/common/network/ForgeMessage;
[11:32:10] [main/DEBUG]: Skipping Lnet/minecraftforge/common/network/ForgeMessage$FluidIdMapMessage;
[11:32:10] [main/DEBUG]: Skipping Lnet/minecraftforge/common/network/ForgeMessage$DimensionRegisterMessage;
[11:32:10] [main/DEBUG]: Skipping Lnet/minecraftforge/common/network/FluidIdRegistryMessageHandler;
[11:32:10] [main/DEBUG]: Skipping Lnet/minecraftforge/common/network/DimensionMessageHandler;
[11:32:10] [main/DEBUG]: Skipping Lnet/minecraftforge/common/model/animation/JointClips;
[11:32:10] [main/DEBUG]: Skipping Lnet/minecraftforge/common/model/animation/JointClips$NodeJointClip;
[11:32:10] [main/DEBUG]: Skipping Lnet/minecraftforge/common/model/animation/JointClips$IdentityJointClip;
[11:32:10] [main/DEBUG]: Skipping Lnet/minecraftforge/common/model/animation/IJointClip;
[11:32:10] [main/DEBUG]: Skipping Lnet/minecraftforge/common/model/animation/IJoint;
[11:32:10] [main/DEBUG]: Skipping Lnet/minecraftforge/common/model/animation/IClip;
[11:32:10] [main/DEBUG]: Skipping Lnet/minecraftforge/common/model/animation/IAnimationStateMachine;
[11:32:10] [main/DEBUG]: Skipping Lnet/minecraftforge/common/model/animation/Clips;
[11:32:10] [main/DEBUG]: Skipping Lnet/minecraftforge/common/model/animation/Clips$TriggerClip;
[11:32:10] [main/DEBUG]: Skipping Lnet/minecraftforge/common/model/animation/Clips$TimeClip;
[11:32:10] [main/DEBUG]: Skipping Lnet/minecraftforge/common/model/animation/Clips$TimeClip$1;
[11:32:10] [main/DEBUG]: Skipping Lnet/minecraftforge/common/model/animation/Clips$SlerpClip;
[11:32:10] [main/DEBUG]: Skipping Lnet/minecraftforge/common/model/animation/Clips$ModelClip;
[11:32:10] [main/DEBUG]: Skipping Lnet/minecraftforge/common/model/animation/Clips$IdentityClip;
[11:32:10] [main/DEBUG]: Skipping Lnet/minecraftforge/common/model/animation/Clips$CommonClipTypeAdapterFactory;
[11:32:10] [main/DEBUG]: Skipping Lnet/minecraftforge/common/model/animation/Clips$CommonClipTypeAdapterFactory$1;
[11:32:10] [main/DEBUG]: Skipping Lnet/minecraftforge/common/model/animation/Clips$ClipReference;
[11:32:10] [main/DEBUG]: Skipping Lnet/minecraftforge/common/model/animation/Clips$3;
[11:32:10] [main/DEBUG]: Skipping Lnet/minecraftforge/common/model/animation/Clips$2;
[11:32:10] [main/DEBUG]: Skipping Lnet/minecraftforge/common/model/animation/Clips$1;
[11:32:10] [main/DEBUG]: Skipping Lnet/minecraftforge/common/model/animation/CapabilityAnimation;
[11:32:10] [main/DEBUG]: Skipping Lnet/minecraftforge/common/model/animation/CapabilityAnimation$DefaultItemAnimationCapabilityProvider;
[11:32:10] [main/DEBUG]: Skipping Lnet/minecraftforge/common/model/animation/CapabilityAnimation$1;
[11:32:10] [main/DEBUG]: Skipping Lnet/minecraftforge/common/model/animation/AnimationStateMachine;
[11:32:10] [main/DEBUG]: Skipping Lnet/minecraftforge/common/model/animation/AnimationStateMachine$TransitionsAdapterFactory;
[11:32:10] [main/DEBUG]: Skipping Lnet/minecraftforge/common/model/animation/AnimationStateMachine$TransitionsAdapterFactory$3;
[11:32:10] [main/DEBUG]: Skipping Lnet/minecraftforge/common/model/animation/AnimationStateMachine$TransitionsAdapterFactory$2;
[11:32:10] [main/DEBUG]: Skipping Lnet/minecraftforge/common/model/animation/AnimationStateMachine$TransitionsAdapterFactory$1;
[11:32:10] [main/DEBUG]: Skipping Lnet/minecraftforge/common/model/animation/AnimationStateMachine$ParameterResolver;
[11:32:10] [main/DEBUG]: Skipping Lnet/minecraftforge/common/model/animation/AnimationStateMachine$ClipResolver;
[11:32:10] [main/DEBUG]: Skipping Lnet/minecraftforge/common/model/animation/AnimationStateMachine$3;
[11:32:10] [main/DEBUG]: Skipping Lnet/minecraftforge/common/model/animation/AnimationStateMachine$2;
[11:32:10] [main/DEBUG]: Skipping Lnet/minecraftforge/common/model/animation/AnimationStateMachine$1;
[11:32:10] [main/DEBUG]: Skipping Lnet/minecraftforge/common/model/TRSRTransformation;
[11:32:10] [main/DEBUG]: Skipping Lnet/minecraftforge/common/model/TRSRTransformation$Cache;
[11:32:10] [main/DEBUG]: Skipping Lnet/minecraftforge/common/model/TRSRTransformation$1;
[11:32:10] [main/DEBUG]: Skipping Lnet/minecraftforge/common/model/Models;
[11:32:10] [main/DEBUG]: Skipping Lnet/minecraftforge/common/model/ITransformation;
[11:32:10] [main/DEBUG]: Skipping Lnet/minecraftforge/common/model/IModelState;
[11:32:10] [main/DEBUG]: Skipping Lnet/minecraftforge/common/model/IModelPart;
[11:32:10] [main/DEBUG]: Skipping Lnet/minecraftforge/common/model/HiddenModelPart;
[11:32:10] [main/DEBUG]: Skipping Lnet/minecraftforge/common/crafting/JsonContext;
[11:32:10] [main/DEBUG]: Skipping Lnet/minecraftforge/common/crafting/IngredientNBT;
[11:32:10] [main/DEBUG]: Skipping Lnet/minecraftforge/common/crafting/IShapedRecipe;
[11:32:10] [main/DEBUG]: Skipping Lnet/minecraftforge/common/crafting/IRecipeFactory;
[11:32:10] [main/DEBUG]: Skipping Lnet/minecraftforge/common/crafting/IRecipeContainer;
[11:32:10] [main/DEBUG]: Skipping Lnet/minecraftforge/common/crafting/IIngredientFactory;
[11:32:10] [main/DEBUG]: Skipping Lnet/minecraftforge/common/crafting/IConditionFactory;
[11:32:10] [main/DEBUG]: Skipping Lnet/minecraftforge/common/crafting/CraftingHelper;
[11:32:10] [main/DEBUG]: Skipping Lnet/minecraftforge/common/crafting/CraftingHelper$ShapedPrimer;
[11:32:10] [main/DEBUG]: Skipping Lnet/minecraftforge/common/crafting/CraftingHelper$FactoryLoader;
[11:32:10] [main/DEBUG]: Skipping Lnet/minecraftforge/common/crafting/CompoundIngredient;
[11:32:10] [main/DEBUG]: Skipping Lnet/minecraftforge/common/config/TypeAdapters;
[11:32:10] [main/DEBUG]: Skipping Lnet/minecraftforge/common/config/TypeAdapters$9;
[11:32:10] [main/DEBUG]: Skipping Lnet/minecraftforge/common/config/TypeAdapters$8;
[11:32:10] [main/DEBUG]: Skipping Lnet/minecraftforge/common/config/TypeAdapters$7;
[11:32:10] [main/DEBUG]: Skipping Lnet/minecraftforge/common/config/TypeAdapters$6;
[11:32:10] [main/DEBUG]: Skipping Lnet/minecraftforge/common/config/TypeAdapters$5;
[11:32:10] [main/DEBUG]: Skipping Lnet/minecraftforge/common/config/TypeAdapters$4;
[11:32:10] [main/DEBUG]: Skipping Lnet/minecraftforge/common/config/TypeAdapters$30;
[11:32:10] [main/DEBUG]: Skipping Lnet/minecraftforge/common/config/TypeAdapters$3;
[11:32:10] [main/DEBUG]: Skipping Lnet/minecraftforge/common/config/TypeAdapters$29;
[11:32:10] [main/DEBUG]: Skipping Lnet/minecraftforge/common/config/TypeAdapters$28;
[11:32:10] [main/DEBUG]: Skipping Lnet/minecraftforge/common/config/TypeAdapters$27;
[11:32:10] [main/DEBUG]: Skipping Lnet/minecraftforge/common/config/TypeAdapters$26;
[11:32:10] [main/DEBUG]: Skipping Lnet/minecraftforge/common/config/TypeAdapters$25;
[11:32:10] [main/DEBUG]: Skipping Lnet/minecraftforge/common/config/TypeAdapters$24;
[11:32:10] [main/DEBUG]: Skipping Lnet/minecraftforge/common/config/TypeAdapters$23;
[11:32:10] [main/DEBUG]: Skipping Lnet/minecraftforge/common/config/TypeAdapters$22;
[11:32:10] [main/DEBUG]: Skipping Lnet/minecraftforge/common/config/TypeAdapters$21;
[11:32:10] [main/DEBUG]: Skipping Lnet/minecraftforge/common/config/TypeAdapters$20;
[11:32:10] [main/DEBUG]: Skipping Lnet/minecraftforge/common/config/TypeAdapters$2;
[11:32:10] [main/DEBUG]: Skipping Lnet/minecraftforge/common/config/TypeAdapters$19;
[11:32:10] [main/DEBUG]: Skipping Lnet/minecraftforge/common/config/TypeAdapters$18;
[11:32:10] [main/DEBUG]: Skipping Lnet/minecraftforge/common/config/TypeAdapters$17;
[11:32:10] [main/DEBUG]: Skipping Lnet/minecraftforge/common/config/TypeAdapters$16;
[11:32:10] [main/DEBUG]: Skipping Lnet/minecraftforge/common/config/TypeAdapters$15;
[11:32:10] [main/DEBUG]: Skipping Lnet/minecraftforge/common/config/TypeAdapters$14;
[11:32:10] [main/DEBUG]: Skipping Lnet/minecraftforge/common/config/TypeAdapters$13;
[11:32:10] [main/DEBUG]: Skipping Lnet/minecraftforge/common/config/TypeAdapters$12;
[11:32:10] [main/DEBUG]: Skipping Lnet/minecraftforge/common/config/TypeAdapters$11;
[11:32:10] [main/DEBUG]: Skipping Lnet/minecraftforge/common/config/TypeAdapters$10;
[11:32:10] [main/DEBUG]: Skipping Lnet/minecraftforge/common/config/TypeAdapters$1;
[11:32:10] [main/DEBUG]: Skipping Lnet/minecraftforge/common/config/Property;
[11:32:10] [main/DEBUG]: Skipping Lnet/minecraftforge/common/config/Property$Type;
[11:32:10] [main/DEBUG]: Skipping Lnet/minecraftforge/common/config/ITypeAdapter;
[11:32:10] [main/DEBUG]: Skipping Lnet/minecraftforge/common/config/IFieldWrapper;
[11:32:10] [main/DEBUG]: Skipping Lnet/minecraftforge/common/config/FieldWrapper;
[11:32:10] [main/DEBUG]: Skipping Lnet/minecraftforge/common/config/FieldWrapper$SingleValueFieldWrapper;
[11:32:10] [main/DEBUG]: Skipping Lnet/minecraftforge/common/config/FieldWrapper$PrimitiveWrapper;
[11:32:10] [main/DEBUG]: Skipping Lnet/minecraftforge/common/config/FieldWrapper$MapWrapper;
[11:32:10] [main/DEBUG]: Skipping Lnet/minecraftforge/common/config/FieldWrapper$EnumWrapper;
[11:32:10] [main/DEBUG]: Skipping Lnet/minecraftforge/common/config/FieldWrapper$BeanEntry;
[11:32:10] [main/DEBUG]: Skipping Lnet/minecraftforge/common/config/FieldWrapper$1;
[11:32:10] [main/DEBUG]: Skipping Lnet/minecraftforge/common/config/Configuration;
[11:32:10] [main/DEBUG]: Skipping Lnet/minecraftforge/common/config/Configuration$UnicodeInputStreamReader;
[11:32:10] [main/DEBUG]: Skipping Lnet/minecraftforge/common/config/ConfigManager;
[11:32:10] [main/DEBUG]: Skipping Lnet/minecraftforge/common/config/ConfigElement;
[11:32:10] [main/DEBUG]: Skipping Lnet/minecraftforge/common/config/ConfigCategory;
[11:32:10] [main/DEBUG]: Skipping Lnet/minecraftforge/common/config/Config;
[11:32:10] [main/DEBUG]: Skipping Lnet/minecraftforge/common/config/Config$Type;
[11:32:10] [main/DEBUG]: Skipping Lnet/minecraftforge/common/config/Config$SlidingOption;
[11:32:10] [main/DEBUG]: Skipping Lnet/minecraftforge/common/config/Config$RequiresWorldRestart;
[11:32:10] [main/DEBUG]: Skipping Lnet/minecraftforge/common/config/Config$RequiresMcRestart;
[11:32:10] [main/DEBUG]: Skipping Lnet/minecraftforge/common/config/Config$RangeInt;
[11:32:10] [main/DEBUG]: Skipping Lnet/minecraftforge/common/config/Config$RangeDouble;
[11:32:10] [main/DEBUG]: Skipping Lnet/minecraftforge/common/config/Config$Name;
[11:32:10] [main/DEBUG]: Skipping Lnet/minecraftforge/common/config/Config$LangKey;
[11:32:10] [main/DEBUG]: Skipping Lnet/minecraftforge/common/config/Config$Ignore;
[11:32:10] [main/DEBUG]: Skipping Lnet/minecraftforge/common/config/Config$Comment;
[11:32:10] [main/DEBUG]: Skipping Lnet/minecraftforge/common/command/SelectorHandlerManager;
[11:32:10] [main/DEBUG]: Skipping Lnet/minecraftforge/common/command/SelectorHandlerManager$1;
[11:32:10] [main/DEBUG]: Skipping Lnet/minecraftforge/common/command/SelectorHandler;
[11:32:10] [main/DEBUG]: Skipping Lnet/minecraftforge/common/chunkio/QueuedChunk;
[11:32:10] [main/DEBUG]: Skipping Lnet/minecraftforge/common/chunkio/ChunkIOThreadPoolExecutor;
[11:32:10] [main/DEBUG]: Skipping Lnet/minecraftforge/common/chunkio/ChunkIOProvider;
[11:32:10] [main/DEBUG]: Skipping Lnet/minecraftforge/common/chunkio/ChunkIOExecutor;
[11:32:10] [main/DEBUG]: Skipping Lnet/minecraftforge/common/chunkio/ChunkIOExecutor$1;
[11:32:10] [main/DEBUG]: Skipping Lnet/minecraftforge/common/capabilities/ICapabilitySerializable;
[11:32:10] [main/DEBUG]: Skipping Lnet/minecraftforge/common/capabilities/ICapabilityProvider;
[11:32:10] [main/DEBUG]: Skipping Lnet/minecraftforge/common/capabilities/CapabilityManager;
[11:32:10] [main/DEBUG]: Skipping Lnet/minecraftforge/common/capabilities/CapabilityManager$2;
[11:32:10] [main/DEBUG]: Skipping Lnet/minecraftforge/common/capabilities/CapabilityManager$1;
[11:32:10] [main/DEBUG]: Skipping Lnet/minecraftforge/common/capabilities/CapabilityInject;
[11:32:10] [main/DEBUG]: Skipping Lnet/minecraftforge/common/capabilities/CapabilityDispatcher;
[11:32:10] [main/DEBUG]: Skipping Lnet/minecraftforge/common/capabilities/Capability;
[11:32:10] [main/DEBUG]: Skipping Lnet/minecraftforge/common/capabilities/Capability$IStorage;
[11:32:10] [main/DEBUG]: Skipping Lnet/minecraftforge/common/brewing/VanillaBrewingRecipe;
[11:32:10] [main/DEBUG]: Skipping Lnet/minecraftforge/common/brewing/IBrewingRecipe;
[11:32:10] [main/DEBUG]: Skipping Lnet/minecraftforge/common/brewing/BrewingRecipeRegistry;
[11:32:10] [main/DEBUG]: Skipping Lnet/minecraftforge/common/brewing/BrewingRecipe;
[11:32:10] [main/DEBUG]: Skipping Lnet/minecraftforge/common/brewing/BrewingOreRecipe;
[11:32:10] [main/DEBUG]: Skipping Lnet/minecraftforge/common/brewing/AbstractBrewingRecipe;
[11:32:10] [main/DEBUG]: Skipping Lnet/minecraftforge/common/animation/TimeValues;
[11:32:10] [main/DEBUG]: Skipping Lnet/minecraftforge/common/animation/TimeValues$VariableValue;
[11:32:10] [main/DEBUG]: Skipping Lnet/minecraftforge/common/animation/TimeValues$SimpleExprValue;
[11:32:10] [main/DEBUG]: Skipping Lnet/minecraftforge/common/animation/TimeValues$ParameterValue;
[11:32:10] [main/DEBUG]: Skipping Lnet/minecraftforge/common/animation/TimeValues$IdentityValue;
[11:32:10] [main/DEBUG]: Skipping Lnet/minecraftforge/common/animation/TimeValues$ConstValue;
[11:32:10] [main/DEBUG]: Skipping Lnet/minecraftforge/common/animation/TimeValues$CompositionValue;
[11:32:10] [main/DEBUG]: Skipping Lnet/minecraftforge/common/animation/TimeValues$CommonTimeValueTypeAdapterFactory;
[11:32:10] [main/DEBUG]: Skipping Lnet/minecraftforge/common/animation/TimeValues$CommonTimeValueTypeAdapterFactory$1;
[11:32:10] [main/DEBUG]: Skipping Lnet/minecraftforge/common/animation/TimeValues$1;
[11:32:10] [main/DEBUG]: Skipping Lnet/minecraftforge/common/animation/ITimeValue;
[11:32:10] [main/DEBUG]: Skipping Lnet/minecraftforge/common/animation/IEventHandler;
[11:32:10] [main/DEBUG]: Skipping Lnet/minecraftforge/common/animation/Event;
[11:32:10] [main/DEBUG]: Skipping Lnet/minecraftforge/common/WorldWorkerManager;
[11:32:10] [main/DEBUG]: Skipping Lnet/minecraftforge/common/WorldWorkerManager$IWorker;
[11:32:10] [main/DEBUG]: Skipping Lnet/minecraftforge/common/WorldSpecificSaveHandler;
[11:32:10] [main/DEBUG]: Skipping Lnet/minecraftforge/common/UsernameCache;
[11:32:10] [main/DEBUG]: Skipping Lnet/minecraftforge/common/UsernameCache$SaveThread;
[11:32:10] [main/DEBUG]: Skipping Lnet/minecraftforge/common/UsernameCache$1;
[11:32:10] [main/DEBUG]: Skipping Lnet/minecraftforge/common/MinecraftForge;
[11:32:10] [main/DEBUG]: Skipping Lnet/minecraftforge/common/ISpecialArmor;
[11:32:10] [main/DEBUG]: Skipping Lnet/minecraftforge/common/ISpecialArmor$ArmorProperties;
[11:32:10] [main/DEBUG]: Skipping Lnet/minecraftforge/common/IShearable;
[11:32:10] [main/DEBUG]: Skipping Lnet/minecraftforge/common/IRarity;
[11:32:10] [main/DEBUG]: Skipping Lnet/minecraftforge/common/IPlantable;
[11:32:10] [main/DEBUG]: Skipping Lnet/minecraftforge/common/IMinecartCollisionHandler;
[11:32:10] [main/DEBUG]: Skipping Lnet/minecraftforge/common/ForgeVersion;
[11:32:10] [main/DEBUG]: Skipping Lnet/minecraftforge/common/ForgeVersion$Status;
[11:32:10] [main/DEBUG]: Skipping Lnet/minecraftforge/common/ForgeVersion$CheckResult;
[11:32:10] [main/DEBUG]: Skipping Lnet/minecraftforge/common/ForgeVersion$1;
[11:32:10] [main/DEBUG]: Skipping Lnet/minecraftforge/common/ForgeModContainer;
[11:32:10] [main/DEBUG]: Skipping Lnet/minecraftforge/common/ForgeInternalHandler;
[11:32:10] [main/DEBUG]: Skipping Lnet/minecraftforge/common/ForgeHooks;
[11:32:10] [main/DEBUG]: Skipping Lnet/minecraftforge/common/ForgeHooks$SeedEntry;
[11:32:10] [main/DEBUG]: Skipping Lnet/minecraftforge/common/ForgeHooks$LootTableContext;
[11:32:10] [main/DEBUG]: Skipping Lnet/minecraftforge/common/ForgeHooks$2;
[11:32:10] [main/DEBUG]: Skipping Lnet/minecraftforge/common/ForgeHooks$1;
[11:32:10] [main/DEBUG]: Skipping Lnet/minecraftforge/common/ForgeChunkManager;
[11:32:10] [main/DEBUG]: Skipping Lnet/minecraftforge/common/ForgeChunkManager$UnforceChunkEvent;
[11:32:10] [main/DEBUG]: Skipping Lnet/minecraftforge/common/ForgeChunkManager$Type;
[11:32:10] [main/DEBUG]: Skipping Lnet/minecraftforge/common/ForgeChunkManager$Ticket;
[11:32:10] [main/DEBUG]: Skipping Lnet/minecraftforge/common/ForgeChunkManager$PlayerOrderedLoadingCallback;
[11:32:10] [main/DEBUG]: Skipping Lnet/minecraftforge/common/ForgeChunkManager$OrderedLoadingCallback;
[11:32:10] [main/DEBUG]: Skipping Lnet/minecraftforge/common/ForgeChunkManager$LoadingCallback;
[11:32:10] [main/DEBUG]: Skipping Lnet/minecraftforge/common/ForgeChunkManager$ForceChunkEvent;
[11:32:10] [main/DEBUG]: Skipping Lnet/minecraftforge/common/ForgeChunkManager$ChunkEntry;
[11:32:10] [main/DEBUG]: Skipping Lnet/minecraftforge/common/FarmlandWaterManager;
[11:32:10] [main/DEBUG]: Skipping Lnet/minecraftforge/common/EnumPlantType;
[11:32:10] [main/DEBUG]: Skipping Lnet/minecraftforge/common/DungeonHooks;
[11:32:10] [main/DEBUG]: Skipping Lnet/minecraftforge/common/DungeonHooks$DungeonMob;
[11:32:10] [main/DEBUG]: Skipping Lnet/minecraftforge/common/DimensionManager;
[11:32:10] [main/DEBUG]: Skipping Lnet/minecraftforge/common/DimensionManager$Dimension;
[11:32:10] [main/DEBUG]: Skipping Lnet/minecraftforge/common/DimensionManager$1;
[11:32:10] [main/DEBUG]: Skipping Lnet/minecraftforge/common/BiomeManager;
[11:32:10] [main/DEBUG]: Skipping Lnet/minecraftforge/common/BiomeManager$TrackedList;
[11:32:10] [main/DEBUG]: Skipping Lnet/minecraftforge/common/BiomeManager$BiomeType;
[11:32:10] [main/DEBUG]: Skipping Lnet/minecraftforge/common/BiomeManager$BiomeEntry;
[11:32:10] [main/DEBUG]: Skipping Lnet/minecraftforge/common/BiomeDictionary;
[11:32:10] [main/DEBUG]: Skipping Lnet/minecraftforge/common/BiomeDictionary$Type;
[11:32:10] [main/DEBUG]: Skipping Lnet/minecraftforge/common/BiomeDictionary$BiomeInfo;
[11:32:10] [main/DEBUG]: Skipping Lnet/minecraftforge/common/BiomeDictionary$1;
[11:32:10] [main/DEBUG]: Skipping Lnet/minecraftforge/client/settings/KeyModifier;
[11:32:10] [main/DEBUG]: Skipping Lnet/minecraftforge/client/settings/KeyModifier$4;
[11:32:10] [main/DEBUG]: Skipping Lnet/minecraftforge/client/settings/KeyModifier$3;
[11:32:10] [main/DEBUG]: Skipping Lnet/minecraftforge/client/settings/KeyModifier$2;
[11:32:10] [main/DEBUG]: Skipping Lnet/minecraftforge/client/settings/KeyModifier$1;
[11:32:10] [main/DEBUG]: Skipping Lnet/minecraftforge/client/settings/KeyConflictContext;
[11:32:10] [main/DEBUG]: Skipping Lnet/minecraftforge/client/settings/KeyConflictContext$3;
[11:32:10] [main/DEBUG]: Skipping Lnet/minecraftforge/client/settings/KeyConflictContext$2;
[11:32:10] [main/DEBUG]: Skipping Lnet/minecraftforge/client/settings/KeyConflictContext$1;
[11:32:10] [main/DEBUG]: Skipping Lnet/minecraftforge/client/settings/KeyBindingMap;
[11:32:10] [main/DEBUG]: Skipping Lnet/minecraftforge/client/settings/IKeyConflictContext;
[11:32:10] [main/DEBUG]: Skipping Lnet/minecraftforge/client/resource/package-info;
[11:32:10] [main/DEBUG]: Skipping Lnet/minecraftforge/client/resource/VanillaResourceType;
[11:32:10] [main/DEBUG]: Skipping Lnet/minecraftforge/client/resource/SelectiveReloadStateHandler;
[11:32:10] [main/DEBUG]: Skipping Lnet/minecraftforge/client/resource/ReloadRequirements;
[11:32:10] [main/DEBUG]: Skipping Lnet/minecraftforge/client/resource/ISelectiveResourceReloadListener;
[11:32:10] [main/DEBUG]: Skipping Lnet/minecraftforge/client/resource/IResourceType;
[11:32:10] [main/DEBUG]: Skipping Lnet/minecraftforge/client/model/pipeline/package-info;
[11:32:10] [main/DEBUG]: Skipping Lnet/minecraftforge/client/model/pipeline/VertexTransformer;
[11:32:10] [main/DEBUG]: Skipping Lnet/minecraftforge/client/model/pipeline/VertexLighterSmoothAo;
[11:32:10] [main/DEBUG]: Skipping Lnet/minecraftforge/client/model/pipeline/VertexLighterFlat;
[11:32:10] [main/DEBUG]: Skipping Lnet/minecraftforge/client/model/pipeline/VertexLighterFlat$1;
[11:32:10] [main/DEBUG]: Skipping Lnet/minecraftforge/client/model/pipeline/VertexBufferConsumer;
[11:32:10] [main/DEBUG]: Skipping Lnet/minecraftforge/client/model/pipeline/UnpackedBakedQuad;
[11:32:10] [main/DEBUG]: Skipping Lnet/minecraftforge/client/model/pipeline/UnpackedBakedQuad$Builder;
[11:32:10] [main/DEBUG]: Skipping Lnet/minecraftforge/client/model/pipeline/TransformerConsumer;
[11:32:10] [main/DEBUG]: Skipping Lnet/minecraftforge/client/model/pipeline/TRSRTransformer;
[11:32:10] [main/DEBUG]: Skipping Lnet/minecraftforge/client/model/pipeline/TRSRTransformer$1;
[11:32:10] [main/DEBUG]: Skipping Lnet/minecraftforge/client/model/pipeline/QuadGatheringTransformer;
[11:32:10] [main/DEBUG]: Skipping Lnet/minecraftforge/client/model/pipeline/LightUtil;
[11:32:10] [main/DEBUG]: Skipping Lnet/minecraftforge/client/model/pipeline/LightUtil$ItemPipeline;
[11:32:10] [main/DEBUG]: Skipping Lnet/minecraftforge/client/model/pipeline/LightUtil$ItemConsumer;
[11:32:10] [main/DEBUG]: Skipping Lnet/minecraftforge/client/model/pipeline/LightUtil$1;
[11:32:10] [main/DEBUG]: Skipping Lnet/minecraftforge/client/model/pipeline/IVertexProducer;
[11:32:10] [main/DEBUG]: Skipping Lnet/minecraftforge/client/model/pipeline/IVertexConsumer;
[11:32:10] [main/DEBUG]: Skipping Lnet/minecraftforge/client/model/pipeline/ForgeBlockModelRenderer;
[11:32:10] [main/DEBUG]: Skipping Lnet/minecraftforge/client/model/pipeline/BlockInfo;
[11:32:10] [main/DEBUG]: Skipping Lnet/minecraftforge/client/model/package-info;
[11:32:10] [main/DEBUG]: Skipping Lnet/minecraftforge/client/model/obj/package-info;
[11:32:10] [main/DEBUG]: Skipping Lnet/minecraftforge/client/model/obj/OBJModel;
[11:32:10] [main/DEBUG]: Skipping Lnet/minecraftforge/client/model/obj/OBJModel$Vertex;
[11:32:10] [main/DEBUG]: Skipping Lnet/minecraftforge/client/model/obj/OBJModel$UVsOutOfBoundsException;
[11:32:10] [main/DEBUG]: Skipping Lnet/minecraftforge/client/model/obj/OBJModel$TextureCoordinate;
[11:32:10] [main/DEBUG]: Skipping Lnet/minecraftforge/client/model/obj/OBJModel$Texture;
[11:32:10] [main/DEBUG]: Skipping Lnet/minecraftforge/client/model/obj/OBJModel$Parser;
[11:32:10] [main/DEBUG]: Skipping Lnet/minecraftforge/client/model/obj/OBJModel$OBJState;
[11:32:10] [main/DEBUG]: Skipping Lnet/minecraftforge/client/model/obj/OBJModel$OBJState$Operation;
[11:32:10] [main/DEBUG]: Skipping Lnet/minecraftforge/client/model/obj/OBJModel$OBJProperty;
[11:32:10] [main/DEBUG]: Skipping Lnet/minecraftforge/client/model/obj/OBJModel$OBJBakedModel;
[11:32:10] [main/DEBUG]: Skipping Lnet/minecraftforge/client/model/obj/OBJModel$OBJBakedModel$1;
[11:32:10] [main/DEBUG]: Skipping Lnet/minecraftforge/client/model/obj/OBJModel$Normal;
[11:32:10] [main/DEBUG]: Skipping Lnet/minecraftforge/client/model/obj/OBJModel$MaterialLibrary;
[11:32:10] [main/DEBUG]: Skipping Lnet/minecraftforge/client/model/obj/OBJModel$Material;
[11:32:10] [main/DEBUG]: Skipping Lnet/minecraftforge/client/model/obj/OBJModel$Group;
[11:32:10] [main/DEBUG]: Skipping Lnet/minecraftforge/client/model/obj/OBJModel$Face;
[11:32:10] [main/DEBUG]: Skipping Lnet/minecraftforge/client/model/obj/OBJModel$CustomData;
[11:32:10] [main/DEBUG]: Skipping Lnet/minecraftforge/client/model/obj/OBJModel$1;
[11:32:10] [main/DEBUG]: Skipping Lnet/minecraftforge/client/model/obj/OBJLoader;
[11:32:10] [main/DEBUG]: Skipping Lnet/minecraftforge/client/model/b3d/package-info;
[11:32:10] [main/DEBUG]: Skipping Lnet/minecraftforge/client/model/b3d/B3DModel;
[11:32:10] [main/DEBUG]: Skipping Lnet/minecraftforge/client/model/b3d/B3DModel$Vertex;
[11:32:10] [main/DEBUG]: Skipping Lnet/minecraftforge/client/model/b3d/B3DModel$Texture;
[11:32:10] [main/DEBUG]: Skipping Lnet/minecraftforge/client/model/b3d/B3DModel$Pivot;
[11:32:10] [main/DEBUG]: Skipping Lnet/minecraftforge/client/model/b3d/B3DModel$Parser;
[11:32:10] [main/DEBUG]: Skipping Lnet/minecraftforge/client/model/b3d/B3DModel$Node;
[11:32:10] [main/DEBUG]: Skipping Lnet/minecraftforge/client/model/b3d/B3DModel$Mesh;
[11:32:10] [main/DEBUG]: Skipping Lnet/minecraftforge/client/model/b3d/B3DModel$Key;
[11:32:10] [main/DEBUG]: Skipping Lnet/minecraftforge/client/model/b3d/B3DModel$IKind;
[11:32:10] [main/DEBUG]: Skipping Lnet/minecraftforge/client/model/b3d/B3DModel$Face;
[11:32:10] [main/DEBUG]: Skipping Lnet/minecraftforge/client/model/b3d/B3DModel$Brush;
[11:32:10] [main/DEBUG]: Skipping Lnet/minecraftforge/client/model/b3d/B3DModel$Bone;
[11:32:10] [main/DEBUG]: Skipping Lnet/minecraftforge/client/model/b3d/B3DModel$Animation;
[11:32:10] [main/DEBUG]: Skipping Lnet/minecraftforge/client/model/b3d/B3DLoader;
[11:32:10] [main/DEBUG]: Skipping Lnet/minecraftforge/client/model/b3d/B3DLoader$NodeJoint;
[11:32:10] [main/DEBUG]: Skipping Lnet/minecraftforge/client/model/b3d/B3DLoader$ModelWrapper;
[11:32:10] [main/DEBUG]: Skipping Lnet/minecraftforge/client/model/b3d/B3DLoader$BakedWrapper;
[11:32:10] [main/DEBUG]: Skipping Lnet/minecraftforge/client/model/b3d/B3DLoader$BakedWrapper$2;
[11:32:10] [main/DEBUG]: Skipping Lnet/minecraftforge/client/model/b3d/B3DLoader$BakedWrapper$2$1;
[11:32:10] [main/DEBUG]: Skipping Lnet/minecraftforge/client/model/b3d/B3DLoader$BakedWrapper$1;
[11:32:10] [main/DEBUG]: Skipping Lnet/minecraftforge/client/model/b3d/B3DLoader$B3DState;
[11:32:10] [main/DEBUG]: Skipping Lnet/minecraftforge/client/model/b3d/B3DLoader$B3DState$1;
[11:32:10] [main/DEBUG]: Skipping Lnet/minecraftforge/client/model/b3d/B3DLoader$1;
[11:32:10] [main/DEBUG]: Skipping Lnet/minecraftforge/client/model/b3d/B3DClip;
[11:32:10] [main/DEBUG]: Skipping Lnet/minecraftforge/client/model/b3d/B3DClip$NodeClip;
[11:32:10] [main/DEBUG]: Skipping Lnet/minecraftforge/client/model/animation/package-info;
[11:32:10] [main/DEBUG]: Skipping Lnet/minecraftforge/client/model/animation/ModelBlockAnimation;
[11:32:10] [main/DEBUG]: Skipping Lnet/minecraftforge/client/model/animation/ModelBlockAnimation$Parameter;
[11:32:10] [main/DEBUG]: Skipping Lnet/minecraftforge/client/model/animation/ModelBlockAnimation$Parameter$Variable;
[11:32:10] [main/DEBUG]: Skipping Lnet/minecraftforge/client/model/animation/ModelBlockAnimation$Parameter$Type;
[11:32:10] [main/DEBUG]: Skipping Lnet/minecraftforge/client/model/animation/ModelBlockAnimation$Parameter$Interpolation;
[11:32:10] [main/DEBUG]: Skipping Lnet/minecraftforge/client/model/animation/ModelBlockAnimation$MBVariableClip;
[11:32:10] [main/DEBUG]: Skipping Lnet/minecraftforge/client/model/animation/ModelBlockAnimation$MBJointWeight;
[11:32:10] [main/DEBUG]: Skipping Lnet/minecraftforge/client/model/animation/ModelBlockAnimation$MBJoint;
[11:32:10] [main/DEBUG]: Skipping Lnet/minecraftforge/client/model/animation/ModelBlockAnimation$MBClip;
[11:32:10] [main/DEBUG]: Skipping Lnet/minecraftforge/client/model/animation/ModelBlockAnimation$MBClip$MBJointClip;
[11:32:10] [main/DEBUG]: Skipping Lnet/minecraftforge/client/model/animation/ModelBlockAnimation$MBClip$1;
[11:32:10] [main/DEBUG]: Skipping Lnet/minecraftforge/client/model/animation/ModelBlockAnimation$MBClip$1$1;
[11:32:10] [main/DEBUG]: Skipping Lnet/minecraftforge/client/model/animation/ModelBlockAnimation$1;
[11:32:10] [main/DEBUG]: Skipping Lnet/minecraftforge/client/model/animation/FastTESR;
[11:32:10] [main/DEBUG]: Skipping Lnet/minecraftforge/client/model/animation/AnimationTESR;
[11:32:10] [main/DEBUG]: Skipping Lnet/minecraftforge/client/model/animation/AnimationModelBase;
[11:32:10] [main/DEBUG]: Skipping Lnet/minecraftforge/client/model/animation/AnimationItemOverrideList;
[11:32:10] [main/DEBUG]: Skipping Lnet/minecraftforge/client/model/animation/Animation;
[11:32:10] [main/DEBUG]: Skipping Lnet/minecraftforge/client/model/SimpleModelState;
[11:32:10] [main/DEBUG]: Skipping Lnet/minecraftforge/client/model/SimpleModelFontRenderer;
[11:32:10] [main/DEBUG]: Skipping Lnet/minecraftforge/client/model/SimpleModelFontRenderer$1;
[11:32:10] [main/DEBUG]: Skipping Lnet/minecraftforge/client/model/PerspectiveMapWrapper;
[11:32:10] [main/DEBUG]: Skipping Lnet/minecraftforge/client/model/MultiModelState;
[11:32:10] [main/DEBUG]: Skipping Lnet/minecraftforge/client/model/MultiModelState$PartState;
[11:32:10] [main/DEBUG]: Skipping Lnet/minecraftforge/client/model/MultiModelState$PartPart;
[11:32:10] [main/DEBUG]: Skipping Lnet/minecraftforge/client/model/MultiModelState$MultiModelPart;
[11:32:10] [main/DEBUG]: Skipping Lnet/minecraftforge/client/model/MultiModel;
[11:32:10] [main/DEBUG]: Skipping Lnet/minecraftforge/client/model/MultiModel$Baked;
[11:32:10] [main/DEBUG]: Skipping Lnet/minecraftforge/client/model/MultiModel$Baked$1;
[11:32:10] [main/DEBUG]: Skipping Lnet/minecraftforge/client/model/MultiLayerModel;
[11:32:10] [main/DEBUG]: Skipping Lnet/minecraftforge/client/model/MultiLayerModel$MultiLayerBakedModel;
[11:32:10] [main/DEBUG]: Skipping Lnet/minecraftforge/client/model/MultiLayerModel$Loader;
[11:32:10] [main/DEBUG]: Skipping Lnet/minecraftforge/client/model/ModelStateComposition;
[11:32:10] [main/DEBUG]: Skipping Lnet/minecraftforge/client/model/ModelLoaderRegistry;
[11:32:10] [main/DEBUG]: Skipping Lnet/minecraftforge/client/model/ModelLoaderRegistry$LoaderException;
[11:32:10] [main/DEBUG]: Skipping Lnet/minecraftforge/client/model/ModelLoader;
[11:32:10] [main/DEBUG]: Skipping Lnet/minecraftforge/client/model/ModelLoader$White;
[11:32:10] [main/DEBUG]: Skipping Lnet/minecraftforge/client/model/ModelLoader$WeightedRandomModel;
[11:32:10] [main/DEBUG]: Skipping Lnet/minecraftforge/client/model/ModelLoader$VariantLoader;
[11:32:10] [main/DEBUG]: Skipping Lnet/minecraftforge/client/model/ModelLoader$VanillaModelWrapper;
[11:32:10] [main/DEBUG]: Skipping Lnet/minecraftforge/client/model/ModelLoader$VanillaModelWrapper$1;
[11:32:10] [main/DEBUG]: Skipping Lnet/minecraftforge/client/model/ModelLoader$VanillaLoader;
[11:32:10] [main/DEBUG]: Skipping Lnet/minecraftforge/client/model/ModelLoader$VanillaLoader$1;
[11:32:10] [main/DEBUG]: Skipping Lnet/minecraftforge/client/model/ModelLoader$MultipartModel;
[11:32:10] [main/DEBUG]: Skipping Lnet/minecraftforge/client/model/ModelLoader$ItemLoadingException;
[11:32:10] [main/DEBUG]: Skipping Lnet/minecraftforge/client/model/ModelLoader$DefaultTextureGetter;
[11:32:10] [main/DEBUG]: Skipping Lnet/minecraftforge/client/model/ModelLoader$BakedModelCacheKey;
[11:32:10] [main/DEBUG]: Skipping Lnet/minecraftforge/client/model/ModelFluid;
[11:32:10] [main/DEBUG]: Skipping Lnet/minecraftforge/client/model/ModelFluid$FluidLoader;
[11:32:10] [main/DEBUG]: Skipping Lnet/minecraftforge/client/model/ModelFluid$CachingBakedFluid;
[11:32:10] [main/DEBUG]: Skipping Lnet/minecraftforge/client/model/ModelFluid$CachingBakedFluid$1;
[11:32:10] [main/DEBUG]: Skipping Lnet/minecraftforge/client/model/ModelFluid$BakedFluid;
[11:32:10] [main/DEBUG]: Skipping Lnet/minecraftforge/client/model/ModelFluid$BakedFluid$VertexParameter;
[11:32:10] [main/DEBUG]: Skipping Lnet/minecraftforge/client/model/ModelFluid$1;
[11:32:10] [main/DEBUG]: Skipping Lnet/minecraftforge/client/model/ModelDynBucket;
[11:32:10] [main/DEBUG]: Skipping Lnet/minecraftforge/client/model/ModelDynBucket$LoaderDynBucket;
[11:32:10] [main/DEBUG]: Skipping Lnet/minecraftforge/client/model/ModelDynBucket$BucketCoverSprite;
[11:32:10] [main/DEBUG]: Skipping Lnet/minecraftforge/client/model/ModelDynBucket$BucketBaseSprite;
[11:32:10] [main/DEBUG]: Skipping Lnet/minecraftforge/client/model/ModelDynBucket$BakedDynBucketOverrideHandler;
[11:32:10] [main/DEBUG]: Skipping Lnet/minecraftforge/client/model/ModelDynBucket$BakedDynBucket;
[11:32:10] [main/DEBUG]: Skipping Lnet/minecraftforge/client/model/ModelDynBucket$1;
[11:32:10] [main/DEBUG]: Skipping Lnet/minecraftforge/client/model/MapModelState;
[11:32:10] [main/DEBUG]: Skipping Lnet/minecraftforge/client/model/MapModelState$Wrapper;
[11:32:10] [main/DEBUG]: Skipping Lnet/minecraftforge/client/model/ItemTextureQuadConverter;
[11:32:10] [main/DEBUG]: Skipping Lnet/minecraftforge/client/model/ItemTextureQuadConverter$1;
[11:32:10] [main/DEBUG]: Skipping Lnet/minecraftforge/client/model/ItemLayerModel;
[11:32:10] [main/DEBUG]: Skipping Lnet/minecraftforge/client/model/ItemLayerModel$Loader;
[11:32:10] [main/DEBUG]: Skipping Lnet/minecraftforge/client/model/ItemLayerModel$FaceData;
[11:32:10] [main/DEBUG]: Skipping Lnet/minecraftforge/client/model/ItemLayerModel$1;
[11:32:10] [main/DEBUG]: Skipping Lnet/minecraftforge/client/model/ISmartVariant;
[11:32:10] [main/DEBUG]: Skipping Lnet/minecraftforge/client/model/IModel;
[11:32:10] [main/DEBUG]: Skipping Lnet/minecraftforge/client/model/ICustomModelLoader;
[11:32:10] [main/DEBUG]: Skipping Lnet/minecraftforge/client/model/ForgeBlockStateV1;
[11:32:10] [main/DEBUG]: Skipping Lnet/minecraftforge/client/model/ForgeBlockStateV1$Variant;
[11:32:10] [main/DEBUG]: Skipping Lnet/minecraftforge/client/model/ForgeBlockStateV1$Variant$Deserializer;
[11:32:10] [main/DEBUG]: Skipping Lnet/minecraftforge/client/model/ForgeBlockStateV1$Transforms;
[11:32:10] [main/DEBUG]: Skipping Lnet/minecraftforge/client/model/ForgeBlockStateV1$TRSRDeserializer;
[11:32:10] [main/DEBUG]: Skipping Lnet/minecraftforge/client/model/ForgeBlockStateV1$Deserializer;
[11:32:10] [main/DEBUG]: Skipping Lnet/minecraftforge/client/model/ForgeBlockStateV1$1;
[11:32:10] [main/DEBUG]: Skipping Lnet/minecraftforge/client/model/FancyMissingModel;
[11:32:10] [main/DEBUG]: Skipping Lnet/minecraftforge/client/model/FancyMissingModel$BakedModel;
[11:32:10] [main/DEBUG]: Skipping Lnet/minecraftforge/client/model/FancyMissingModel$2;
[11:32:10] [main/DEBUG]: Skipping Lnet/minecraftforge/client/model/FancyMissingModel$1;
[11:32:10] [main/DEBUG]: Skipping Lnet/minecraftforge/client/model/FancyMissingModel$1$1;
[11:32:10] [main/DEBUG]: Skipping Lnet/minecraftforge/client/model/BlockStateLoader;
[11:32:10] [main/DEBUG]: Skipping Lnet/minecraftforge/client/model/BlockStateLoader$SubModel;
[11:32:10] [main/DEBUG]: Skipping Lnet/minecraftforge/client/model/BlockStateLoader$Marker;
[11:32:10] [main/DEBUG]: Skipping Lnet/minecraftforge/client/model/BlockStateLoader$ForgeVariant;
[11:32:10] [main/DEBUG]: Skipping Lnet/minecraftforge/client/model/BakedModelWrapper;
[11:32:10] [main/DEBUG]: Skipping Lnet/minecraftforge/client/model/BakedItemModel;
[11:32:10] [main/DEBUG]: Skipping Lnet/minecraftforge/client/model/BakedItemModel$BakedGuiItemModel;
[11:32:10] [main/DEBUG]: Skipping Lnet/minecraftforge/client/model/Attributes;
[11:32:10] [main/DEBUG]: Skipping Lnet/minecraftforge/client/gui/NotificationModUpdateScreen;
[11:32:10] [main/DEBUG]: Skipping Lnet/minecraftforge/client/gui/ForgeGuiFactory;
[11:32:10] [main/DEBUG]: Skipping Lnet/minecraftforge/client/gui/ForgeGuiFactory$ForgeConfigGui;
[11:32:10] [main/DEBUG]: Skipping Lnet/minecraftforge/client/gui/ForgeGuiFactory$ForgeConfigGui$VersionCheckEntry;
[11:32:10] [main/DEBUG]: Skipping Lnet/minecraftforge/client/gui/ForgeGuiFactory$ForgeConfigGui$ModOverridesEntry;
[11:32:10] [main/DEBUG]: Skipping Lnet/minecraftforge/client/gui/ForgeGuiFactory$ForgeConfigGui$ModIDEntry;
[11:32:10] [main/DEBUG]: Skipping Lnet/minecraftforge/client/gui/ForgeGuiFactory$ForgeConfigGui$GeneralEntry;
[11:32:10] [main/DEBUG]: Skipping Lnet/minecraftforge/client/gui/ForgeGuiFactory$ForgeConfigGui$ClientEntry;
[11:32:10] [main/DEBUG]: Skipping Lnet/minecraftforge/client/gui/ForgeGuiFactory$ForgeConfigGui$ChunkLoaderEntry;
[11:32:10] [main/DEBUG]: Skipping Lnet/minecraftforge/client/gui/ForgeGuiFactory$ForgeConfigGui$AddModOverrideEntry;
[11:32:10] [main/DEBUG]: Skipping Lnet/minecraftforge/client/event/sound/SoundSetupEvent;
[11:32:10] [main/DEBUG]: Skipping Lnet/minecraftforge/client/event/sound/SoundLoadEvent;
[11:32:10] [main/DEBUG]: Skipping Lnet/minecraftforge/client/event/sound/SoundEvent;
[11:32:10] [main/DEBUG]: Skipping Lnet/minecraftforge/client/event/sound/SoundEvent$SoundSourceEvent;
[11:32:10] [main/DEBUG]: Skipping Lnet/minecraftforge/client/event/sound/PlayStreamingSourceEvent;
[11:32:10] [main/DEBUG]: Skipping Lnet/minecraftforge/client/event/sound/PlaySoundSourceEvent;
[11:32:10] [main/DEBUG]: Skipping Lnet/minecraftforge/client/event/sound/PlaySoundEvent;
[11:32:10] [main/DEBUG]: Skipping Lnet/minecraftforge/client/event/TextureStitchEvent;
[11:32:10] [main/DEBUG]: Skipping Lnet/minecraftforge/client/event/TextureStitchEvent$Pre;
[11:32:10] [main/DEBUG]: Skipping Lnet/minecraftforge/client/event/TextureStitchEvent$Post;
[11:32:10] [main/DEBUG]: Skipping Lnet/minecraftforge/client/event/ScreenshotEvent;
[11:32:10] [main/DEBUG]: Skipping Lnet/minecraftforge/client/event/RenderWorldLastEvent;
[11:32:10] [main/DEBUG]: Skipping Lnet/minecraftforge/client/event/RenderTooltipEvent;
[11:32:10] [main/DEBUG]: Skipping Lnet/minecraftforge/client/event/RenderTooltipEvent$Pre;
[11:32:10] [main/DEBUG]: Skipping Lnet/minecraftforge/client/event/RenderTooltipEvent$PostText;
[11:32:10] [main/DEBUG]: Skipping Lnet/minecraftforge/client/event/RenderTooltipEvent$PostBackground;
[11:32:10] [main/DEBUG]: Skipping Lnet/minecraftforge/client/event/RenderTooltipEvent$Post;
[11:32:10] [main/DEBUG]: Skipping Lnet/minecraftforge/client/event/RenderTooltipEvent$Color;
[11:32:10] [main/DEBUG]: Skipping Lnet/minecraftforge/client/event/RenderSpecificHandEvent;
[11:32:10] [main/DEBUG]: Skipping Lnet/minecraftforge/client/event/RenderPlayerEvent;
[11:32:10] [main/DEBUG]: Skipping Lnet/minecraftforge/client/event/RenderPlayerEvent$Specials;
[11:32:10] [main/DEBUG]: Skipping Lnet/minecraftforge/client/event/RenderPlayerEvent$Specials$Pre;
[11:32:10] [main/DEBUG]: Skipping Lnet/minecraftforge/client/event/RenderPlayerEvent$Specials$Post;
[11:32:10] [main/DEBUG]: Skipping Lnet/minecraftforge/client/event/RenderPlayerEvent$SetArmorModel;
[11:32:10] [main/DEBUG]: Skipping Lnet/minecraftforge/client/event/RenderPlayerEvent$Pre;
[11:32:10] [main/DEBUG]: Skipping Lnet/minecraftforge/client/event/RenderPlayerEvent$Post;
[11:32:10] [main/DEBUG]: Skipping Lnet/minecraftforge/client/event/RenderLivingEvent;
[11:32:10] [main/DEBUG]: Skipping Lnet/minecraftforge/client/event/RenderLivingEvent$Specials;
[11:32:10] [main/DEBUG]: Skipping Lnet/minecraftforge/client/event/RenderLivingEvent$Specials$Pre;
[11:32:10] [main/DEBUG]: Skipping Lnet/minecraftforge/client/event/RenderLivingEvent$Specials$Post;
[11:32:10] [main/DEBUG]: Skipping Lnet/minecraftforge/client/event/RenderLivingEvent$Pre;
[11:32:10] [main/DEBUG]: Skipping Lnet/minecraftforge/client/event/RenderLivingEvent$Post;
[11:32:10] [main/DEBUG]: Skipping Lnet/minecraftforge/client/event/RenderItemInFrameEvent;
[11:32:10] [main/DEBUG]: Skipping Lnet/minecraftforge/client/event/RenderHandEvent;
[11:32:10] [main/DEBUG]: Skipping Lnet/minecraftforge/client/event/RenderGameOverlayEvent;
[11:32:10] [main/DEBUG]: Skipping Lnet/minecraftforge/client/event/RenderGameOverlayEvent$Text;
[11:32:10] [main/DEBUG]: Skipping Lnet/minecraftforge/client/event/RenderGameOverlayEvent$Pre;
[11:32:10] [main/DEBUG]: Skipping Lnet/minecraftforge/client/event/RenderGameOverlayEvent$Post;
[11:32:10] [main/DEBUG]: Skipping Lnet/minecraftforge/client/event/RenderGameOverlayEvent$ElementType;
[11:32:10] [main/DEBUG]: Skipping Lnet/minecraftforge/client/event/RenderGameOverlayEvent$Chat;
[11:32:10] [main/DEBUG]: Skipping Lnet/minecraftforge/client/event/RenderGameOverlayEvent$BossInfo;
[11:32:10] [main/DEBUG]: Skipping Lnet/minecraftforge/client/event/RenderGameOverlayEvent$1;
[11:32:10] [main/DEBUG]: Skipping Lnet/minecraftforge/client/event/RenderBlockOverlayEvent;
[11:32:10] [main/DEBUG]: Skipping Lnet/minecraftforge/client/event/RenderBlockOverlayEvent$OverlayType;
[11:32:10] [main/DEBUG]: Skipping Lnet/minecraftforge/client/event/PlayerSPPushOutOfBlocksEvent;
[11:32:10] [main/DEBUG]: Skipping Lnet/minecraftforge/client/event/MouseEvent;
[11:32:10] [main/DEBUG]: Skipping Lnet/minecraftforge/client/event/ModelRegistryEvent;
[11:32:10] [main/DEBUG]: Skipping Lnet/minecraftforge/client/event/ModelBakeEvent;
[11:32:10] [main/DEBUG]: Skipping Lnet/minecraftforge/client/event/InputUpdateEvent;
[11:32:10] [main/DEBUG]: Skipping Lnet/minecraftforge/client/event/GuiScreenEvent;
[11:32:10] [main/DEBUG]: Skipping Lnet/minecraftforge/client/event/GuiScreenEvent$PotionShiftEvent;
[11:32:10] [main/DEBUG]: Skipping Lnet/minecraftforge/client/event/GuiScreenEvent$MouseInputEvent;
[11:32:10] [main/DEBUG]: Skipping Lnet/minecraftforge/client/event/GuiScreenEvent$MouseInputEvent$Pre;
[11:32:10] [main/DEBUG]: Skipping Lnet/minecraftforge/client/event/GuiScreenEvent$MouseInputEvent$Post;
[11:32:10] [main/DEBUG]: Skipping Lnet/minecraftforge/client/event/GuiScreenEvent$KeyboardInputEvent;
[11:32:10] [main/DEBUG]: Skipping Lnet/minecraftforge/client/event/GuiScreenEvent$KeyboardInputEvent$Pre;
[11:32:10] [main/DEBUG]: Skipping Lnet/minecraftforge/client/event/GuiScreenEvent$KeyboardInputEvent$Post;
[11:32:10] [main/DEBUG]: Skipping Lnet/minecraftforge/client/event/GuiScreenEvent$InitGuiEvent;
[11:32:10] [main/DEBUG]: Skipping Lnet/minecraftforge/client/event/GuiScreenEvent$InitGuiEvent$Pre;
[11:32:10] [main/DEBUG]: Skipping Lnet/minecraftforge/client/event/GuiScreenEvent$InitGuiEvent$Post;
[11:32:10] [main/DEBUG]: Skipping Lnet/minecraftforge/client/event/GuiScreenEvent$DrawScreenEvent;
[11:32:10] [main/DEBUG]: Skipping Lnet/minecraftforge/client/event/GuiScreenEvent$DrawScreenEvent$Pre;
[11:32:10] [main/DEBUG]: Skipping Lnet/minecraftforge/client/event/GuiScreenEvent$DrawScreenEvent$Post;
[11:32:10] [main/DEBUG]: Skipping Lnet/minecraftforge/client/event/GuiScreenEvent$BackgroundDrawnEvent;
[11:32:10] [main/DEBUG]: Skipping Lnet/minecraftforge/client/event/GuiScreenEvent$ActionPerformedEvent;
[11:32:10] [main/DEBUG]: Skipping Lnet/minecraftforge/client/event/GuiScreenEvent$ActionPerformedEvent$Pre;
[11:32:10] [main/DEBUG]: Skipping Lnet/minecraftforge/client/event/GuiScreenEvent$ActionPerformedEvent$Post;
[11:32:10] [main/DEBUG]: Skipping Lnet/minecraftforge/client/event/GuiOpenEvent;
[11:32:10] [main/DEBUG]: Skipping Lnet/minecraftforge/client/event/GuiContainerEvent;
[11:32:10] [main/DEBUG]: Skipping Lnet/minecraftforge/client/event/GuiContainerEvent$DrawForeground;
[11:32:10] [main/DEBUG]: Skipping Lnet/minecraftforge/client/event/FOVUpdateEvent;
[11:32:10] [main/DEBUG]: Skipping Lnet/minecraftforge/client/event/EntityViewRenderEvent;
[11:32:10] [main/DEBUG]: Skipping Lnet/minecraftforge/client/event/EntityViewRenderEvent$RenderFogEvent;
[11:32:10] [main/DEBUG]: Skipping Lnet/minecraftforge/client/event/EntityViewRenderEvent$FogDensity;
[11:32:10] [main/DEBUG]: Skipping Lnet/minecraftforge/client/event/EntityViewRenderEvent$FogColors;
[11:32:10] [main/DEBUG]: Skipping Lnet/minecraftforge/client/event/EntityViewRenderEvent$FOVModifier;
[11:32:10] [main/DEBUG]: Skipping Lnet/minecraftforge/client/event/EntityViewRenderEvent$CameraSetup;
[11:32:10] [main/DEBUG]: Skipping Lnet/minecraftforge/client/event/DrawBlockHighlightEvent;
[11:32:10] [main/DEBUG]: Skipping Lnet/minecraftforge/client/event/ColorHandlerEvent;
[11:32:10] [main/DEBUG]: Skipping Lnet/minecraftforge/client/event/ColorHandlerEvent$Item;
[11:32:10] [main/DEBUG]: Skipping Lnet/minecraftforge/client/event/ColorHandlerEvent$Block;
[11:32:10] [main/DEBUG]: Skipping Lnet/minecraftforge/client/event/ClientChatReceivedEvent;
[11:32:10] [main/DEBUG]: Skipping Lnet/minecraftforge/client/event/ClientChatEvent;
[11:32:10] [main/DEBUG]: Skipping Lnet/minecraftforge/client/MinecraftForgeClient;
[11:32:10] [main/DEBUG]: Skipping Lnet/minecraftforge/client/MinecraftForgeClient$1;
[11:32:10] [main/DEBUG]: Skipping Lnet/minecraftforge/client/ItemModelMesherForge;
[11:32:10] [main/DEBUG]: Skipping Lnet/minecraftforge/client/IRenderHandler;
[11:32:10] [main/DEBUG]: Skipping Lnet/minecraftforge/client/IRenderContextHandler;
[11:32:10] [main/DEBUG]: Skipping Lnet/minecraftforge/client/IClientCommand;
[11:32:10] [main/DEBUG]: Skipping Lnet/minecraftforge/client/GuiIngameForge;
[11:32:10] [main/DEBUG]: Skipping Lnet/minecraftforge/client/GuiIngameForge$GuiOverlayDebugForge;
[11:32:10] [main/DEBUG]: Skipping Lnet/minecraftforge/client/GuiIngameForge$1;
[11:32:10] [main/DEBUG]: Skipping Lnet/minecraftforge/client/ForgeHooksClient;
[11:32:10] [main/DEBUG]: Skipping Lnet/minecraftforge/client/ForgeHooksClient$LightGatheringTransformer;
[11:32:10] [main/DEBUG]: Skipping Lnet/minecraftforge/client/ForgeHooksClient$1;
[11:32:10] [main/DEBUG]: Skipping Lnet/minecraftforge/client/ForgeClientHandler;
[11:32:10] [main/DEBUG]: Skipping Lnet/minecraftforge/client/FluidContainerColorer;
[11:32:10] [main/DEBUG]: Skipping Lnet/minecraftforge/client/EnumHelperClient;
[11:32:10] [main/DEBUG]: Skipping Lnet/minecraftforge/client/CloudRenderer;
[11:32:10] [main/DEBUG]: Skipping Lnet/minecraftforge/client/ClientCommandHandler;
[11:32:10] [main/DEBUG]: Skipping Lnet/minecraftforge/classloading/FMLForgePlugin;
[11:32:10] [main/DEBUG]: Skipping Lnet/minecraftforge/advancements/critereon/OredictItemPredicate;
[11:32:10] [main/DEBUG]: Skipping Lnet/minecraftforge/advancements/critereon/ItemPredicates;
[11:32:10] [main/DEBUG]: Skipping Lnet/minecraftforge/fml/server/FMLServerHandler;
[11:32:10] [main/DEBUG]: Skipping Lnet/minecraftforge/fml/repackage/com/nothome/delta/SeekableSource;
[11:32:10] [main/DEBUG]: Skipping Lnet/minecraftforge/fml/repackage/com/nothome/delta/RandomAccessFileSeekableSource;
[11:32:10] [main/DEBUG]: Skipping Lnet/minecraftforge/fml/repackage/com/nothome/delta/PatchException;
[11:32:10] [main/DEBUG]: Skipping Lnet/minecraftforge/fml/repackage/com/nothome/delta/GDiffWriter;
[11:32:10] [main/DEBUG]: Skipping Lnet/minecraftforge/fml/repackage/com/nothome/delta/GDiffPatcher;
[11:32:10] [main/DEBUG]: Skipping Lnet/minecraftforge/fml/repackage/com/nothome/delta/DiffWriter;
[11:32:10] [main/DEBUG]: Skipping Lnet/minecraftforge/fml/repackage/com/nothome/delta/Delta;
[11:32:10] [main/DEBUG]: Skipping Lnet/minecraftforge/fml/repackage/com/nothome/delta/Delta$TargetState;
[11:32:10] [main/DEBUG]: Skipping Lnet/minecraftforge/fml/repackage/com/nothome/delta/Delta$SourceState;
[11:32:10] [main/DEBUG]: Skipping Lnet/minecraftforge/fml/repackage/com/nothome/delta/DebugDiffWriter;
[11:32:10] [main/DEBUG]: Skipping Lnet/minecraftforge/fml/repackage/com/nothome/delta/Checksum;
[11:32:10] [main/DEBUG]: Skipping Lnet/minecraftforge/fml/repackage/com/nothome/delta/ByteBufferSeekableSource;
[11:32:10] [main/DEBUG]: Skipping Lnet/minecraftforge/fml/common/versioning/VersionRange;
[11:32:10] [main/DEBUG]: Skipping Lnet/minecraftforge/fml/common/versioning/VersionParser;
[11:32:10] [main/DEBUG]: Skipping Lnet/minecraftforge/fml/common/versioning/Restriction;
[11:32:10] [main/DEBUG]: Skipping Lnet/minecraftforge/fml/common/versioning/InvalidVersionSpecificationException;
[11:32:10] [main/DEBUG]: Skipping Lnet/minecraftforge/fml/common/versioning/DependencyParser;
[11:32:10] [main/DEBUG]: Skipping Lnet/minecraftforge/fml/common/versioning/DependencyParser$DependencyParserException;
[11:32:10] [main/DEBUG]: Skipping Lnet/minecraftforge/fml/common/versioning/DependencyParser$DependencyInfo;
[11:32:10] [main/DEBUG]: Skipping Lnet/minecraftforge/fml/common/versioning/DefaultArtifactVersion;
[11:32:10] [main/DEBUG]: Skipping Lnet/minecraftforge/fml/common/versioning/ComparableVersion;
[11:32:10] [main/DEBUG]: Skipping Lnet/minecraftforge/fml/common/versioning/ComparableVersion$StringItem;
[11:32:10] [main/DEBUG]: Skipping Lnet/minecraftforge/fml/common/versioning/ComparableVersion$ListItem;
[11:32:10] [main/DEBUG]: Skipping Lnet/minecraftforge/fml/common/versioning/ComparableVersion$Item;
[11:32:10] [main/DEBUG]: Skipping Lnet/minecraftforge/fml/common/versioning/ComparableVersion$IntegerItem;
[11:32:10] [main/DEBUG]: Skipping Lnet/minecraftforge/fml/common/versioning/ComparableVersion$1;
[11:32:10] [main/DEBUG]: Skipping Lnet/minecraftforge/fml/common/versioning/ArtifactVersion;
[11:32:10] [main/DEBUG]: Skipping Lnet/minecraftforge/fml/common/toposort/TopologicalSort;
[11:32:10] [main/DEBUG]: Skipping Lnet/minecraftforge/fml/common/toposort/TopologicalSort$DirectedGraph;
[11:32:10] [main/DEBUG]: Skipping Lnet/minecraftforge/fml/common/toposort/ModSortingException;
[11:32:10] [main/DEBUG]: Skipping Lnet/minecraftforge/fml/common/toposort/ModSortingException$SortingExceptionData;
[11:32:10] [main/DEBUG]: Skipping Lnet/minecraftforge/fml/common/toposort/ModSorter;
[11:32:10] [main/DEBUG]: Skipping Lnet/minecraftforge/fml/common/thread/SidedThreadGroups;
[11:32:10] [main/DEBUG]: Skipping Lnet/minecraftforge/fml/common/thread/SidedThreadGroup;
[11:32:10] [main/DEBUG]: Skipping Lnet/minecraftforge/fml/common/registry/VillagerRegistry;
[11:32:10] [main/DEBUG]: Skipping Lnet/minecraftforge/fml/common/registry/VillagerRegistry$VillagerProfession;
[11:32:10] [main/DEBUG]: Skipping Lnet/minecraftforge/fml/common/registry/VillagerRegistry$VillagerCareer;
[11:32:10] [main/DEBUG]: Skipping Lnet/minecraftforge/fml/common/registry/VillagerRegistry$VanillaTrades;
[11:32:10] [main/DEBUG]: Skipping Lnet/minecraftforge/fml/common/registry/VillagerRegistry$IVillageCreationHandler;
[11:32:10] [main/DEBUG]: Skipping Lnet/minecraftforge/fml/common/registry/ItemStackHolderRef;
[11:32:10] [main/DEBUG]: Skipping Lnet/minecraftforge/fml/common/registry/ItemStackHolderInjector;
[11:32:10] [main/DEBUG]: Skipping Lnet/minecraftforge/fml/common/registry/IThrowableEntity;
[11:32:10] [main/DEBUG]: Skipping Lnet/minecraftforge/fml/common/registry/IEntityAdditionalSpawnData;
[11:32:10] [main/DEBUG]: Skipping Lnet/minecraftforge/fml/common/registry/GameRegistry;
[11:32:10] [main/DEBUG]: Skipping Lnet/minecraftforge/fml/common/registry/GameRegistry$ObjectHolder;
[11:32:10] [main/DEBUG]: Skipping Lnet/minecraftforge/fml/common/registry/GameRegistry$ItemStackHolder;
[11:32:10] [main/DEBUG]: Skipping Lnet/minecraftforge/fml/common/registry/ForgeRegistries;
[11:32:10] [main/DEBUG]: Skipping Lnet/minecraftforge/fml/common/registry/ExistingSubstitutionException;
[11:32:10] [main/DEBUG]: Skipping Lnet/minecraftforge/fml/common/registry/EntityRegistry;
[11:32:10] [main/DEBUG]: Skipping Lnet/minecraftforge/fml/common/registry/EntityRegistry$EntityRegistration;
[11:32:10] [main/DEBUG]: Skipping Lnet/minecraftforge/fml/common/registry/EntityRegistry$EntityRegistration$1;
[11:32:10] [main/DEBUG]: Skipping Lnet/minecraftforge/fml/common/registry/EntityEntryBuilder;
[11:32:10] [main/DEBUG]: Skipping Lnet/minecraftforge/fml/common/registry/EntityEntryBuilder$Spawn;
[11:32:10] [main/DEBUG]: Skipping Lnet/minecraftforge/fml/common/registry/EntityEntryBuilder$ConstructorFactory;
[11:32:10] [main/DEBUG]: Skipping Lnet/minecraftforge/fml/common/registry/EntityEntryBuilder$BuiltEntityEntry;
[11:32:10] [main/DEBUG]: Skipping Lnet/minecraftforge/fml/common/registry/EntityEntryBuilder$1;
[11:32:10] [main/DEBUG]: Skipping Lnet/minecraftforge/fml/common/registry/EntityEntry;
[11:32:10] [main/DEBUG]: Skipping Lnet/minecraftforge/fml/common/registry/EntityEntry$1;
[11:32:10] [main/DEBUG]: Skipping Lnet/minecraftforge/fml/common/patcher/GenDiffSet;
[11:32:10] [main/DEBUG]: Skipping Lnet/minecraftforge/fml/common/patcher/ClassPatchManager;
[11:32:10] [main/DEBUG]: Skipping Lnet/minecraftforge/fml/common/patcher/ClassPatch;
[11:32:10] [main/DEBUG]: Skipping Lnet/minecraftforge/fml/common/network/simpleimpl/SimpleNetworkWrapper;
[11:32:10] [main/DEBUG]: Skipping Lnet/minecraftforge/fml/common/network/simpleimpl/SimpleIndexedCodec;
[11:32:10] [main/DEBUG]: Skipping Lnet/minecraftforge/fml/common/network/simpleimpl/SimpleChannelHandlerWrapper;
[11:32:10] [main/DEBUG]: Skipping Lnet/minecraftforge/fml/common/network/simpleimpl/MessageContext;
[11:32:10] [main/DEBUG]: Skipping Lnet/minecraftforge/fml/common/network/simpleimpl/IMessageHandler;
[11:32:10] [main/DEBUG]: Skipping Lnet/minecraftforge/fml/common/network/simpleimpl/IMessage;
[11:32:10] [main/DEBUG]: Skipping Lnet/minecraftforge/fml/common/network/internal/OpenGuiHandler;
[11:32:10] [main/DEBUG]: Skipping Lnet/minecraftforge/fml/common/network/internal/NetworkModHolder;
[11:32:10] [main/DEBUG]: Skipping Lnet/minecraftforge/fml/common/network/internal/NetworkModHolder$NetworkChecker;
[11:32:10] [main/DEBUG]: Skipping Lnet/minecraftforge/fml/common/network/internal/NetworkModHolder$MethodNetworkChecker;
[11:32:10] [main/DEBUG]: Skipping Lnet/minecraftforge/fml/common/network/internal/NetworkModHolder$IgnoredChecker;
[11:32:10] [main/DEBUG]: Skipping Lnet/minecraftforge/fml/common/network/internal/NetworkModHolder$DefaultNetworkChecker;
[11:32:10] [main/DEBUG]: Skipping Lnet/minecraftforge/fml/common/network/internal/NetworkModHolder$1;
[11:32:10] [main/DEBUG]: Skipping Lnet/minecraftforge/fml/common/network/internal/HandshakeCompletionHandler;
[11:32:10] [main/DEBUG]: Skipping Lnet/minecraftforge/fml/common/network/internal/FMLRuntimeCodec;
[11:32:10] [main/DEBUG]: Skipping Lnet/minecraftforge/fml/common/network/internal/FMLProxyPacket;
[11:32:10] [main/DEBUG]: Skipping Lnet/minecraftforge/fml/common/network/internal/FMLNetworkHandler;
[11:32:10] [main/DEBUG]: Skipping Lnet/minecraftforge/fml/common/network/internal/FMLMessage;
[11:32:10] [main/DEBUG]: Skipping Lnet/minecraftforge/fml/common/network/internal/FMLMessage$OpenGui;
[11:32:10] [main/DEBUG]: Skipping Lnet/minecraftforge/fml/common/network/internal/FMLMessage$EntitySpawnMessage;
[11:32:10] [main/DEBUG]: Skipping Lnet/minecraftforge/fml/common/network/internal/FMLMessage$EntityMessage;
[11:32:10] [main/DEBUG]: Skipping Lnet/minecraftforge/fml/common/network/internal/FMLMessage$CompleteHandshake;
[11:32:10] [main/DEBUG]: Skipping Lnet/minecraftforge/fml/common/network/internal/EntitySpawnHandler;
[11:32:10] [main/DEBUG]: Skipping Lnet/minecraftforge/fml/common/network/handshake/NetworkDispatcher;
[11:32:10] [main/DEBUG]: Skipping Lnet/minecraftforge/fml/common/network/handshake/NetworkDispatcher$MultiPartCustomPayload;
[11:32:10] [main/DEBUG]: Skipping Lnet/minecraftforge/fml/common/network/handshake/NetworkDispatcher$ConnectionType;
[11:32:10] [main/DEBUG]: Skipping Lnet/minecraftforge/fml/common/network/handshake/NetworkDispatcher$ConnectionState;
[11:32:10] [main/DEBUG]: Skipping Lnet/minecraftforge/fml/common/network/handshake/NetworkDispatcher$2;
[11:32:10] [main/DEBUG]: Skipping Lnet/minecraftforge/fml/common/network/handshake/NetworkDispatcher$1;
[11:32:10] [main/DEBUG]: Skipping Lnet/minecraftforge/fml/common/network/handshake/IHandshakeState;
[11:32:10] [main/DEBUG]: Skipping Lnet/minecraftforge/fml/common/network/handshake/HandshakeMessageHandler;
[11:32:10] [main/DEBUG]: Skipping Lnet/minecraftforge/fml/common/network/handshake/HandshakeInjector;
[11:32:10] [main/DEBUG]: Skipping Lnet/minecraftforge/fml/common/network/handshake/FMLHandshakeServerState;
[11:32:10] [main/DEBUG]: Skipping Lnet/minecraftforge/fml/common/network/handshake/FMLHandshakeServerState$6;
[11:32:10] [main/DEBUG]: Skipping Lnet/minecraftforge/fml/common/network/handshake/FMLHandshakeServerState$5;
[11:32:10] [main/DEBUG]: Skipping Lnet/minecraftforge/fml/common/network/handshake/FMLHandshakeServerState$4;
[11:32:10] [main/DEBUG]: Skipping Lnet/minecraftforge/fml/common/network/handshake/FMLHandshakeServerState$3;
[11:32:10] [main/DEBUG]: Skipping Lnet/minecraftforge/fml/common/network/handshake/FMLHandshakeServerState$2;
[11:32:10] [main/DEBUG]: Skipping Lnet/minecraftforge/fml/common/network/handshake/FMLHandshakeServerState$1;
[11:32:10] [main/DEBUG]: Skipping Lnet/minecraftforge/fml/common/network/handshake/FMLHandshakeMessage;
[11:32:10] [main/DEBUG]: Skipping Lnet/minecraftforge/fml/common/network/handshake/FMLHandshakeMessage$ServerHello;
[11:32:10] [main/DEBUG]: Skipping Lnet/minecraftforge/fml/common/network/handshake/FMLHandshakeMessage$RegistryData;
[11:32:10] [main/DEBUG]: Skipping Lnet/minecraftforge/fml/common/network/handshake/FMLHandshakeMessage$ModList;
[11:32:10] [main/DEBUG]: Skipping Lnet/minecraftforge/fml/common/network/handshake/FMLHandshakeMessage$HandshakeReset;
[11:32:10] [main/DEBUG]: Skipping Lnet/minecraftforge/fml/common/network/handshake/FMLHandshakeMessage$HandshakeAck;
[11:32:10] [main/DEBUG]: Skipping Lnet/minecraftforge/fml/common/network/handshake/FMLHandshakeMessage$ClientHello;
[11:32:10] [main/DEBUG]: Skipping Lnet/minecraftforge/fml/common/network/handshake/FMLHandshakeCodec;
[11:32:10] [main/DEBUG]: Skipping Lnet/minecraftforge/fml/common/network/handshake/FMLHandshakeClientState;
[11:32:10] [main/DEBUG]: Skipping Lnet/minecraftforge/fml/common/network/handshake/FMLHandshakeClientState$8;
[11:32:10] [main/DEBUG]: Skipping Lnet/minecraftforge/fml/common/network/handshake/FMLHandshakeClientState$7;
[11:32:10] [main/DEBUG]: Skipping Lnet/minecraftforge/fml/common/network/handshake/FMLHandshakeClientState$6;
[11:32:10] [main/DEBUG]: Skipping Lnet/minecraftforge/fml/common/network/handshake/FMLHandshakeClientState$5;
[11:32:10] [main/DEBUG]: Skipping Lnet/minecraftforge/fml/common/network/handshake/FMLHandshakeClientState$4;
[11:32:10] [main/DEBUG]: Skipping Lnet/minecraftforge/fml/common/network/handshake/FMLHandshakeClientState$3;
[11:32:10] [main/DEBUG]: Skipping Lnet/minecraftforge/fml/common/network/handshake/FMLHandshakeClientState$2;
[11:32:10] [main/DEBUG]: Skipping Lnet/minecraftforge/fml/common/network/handshake/FMLHandshakeClientState$1;
[11:32:10] [main/DEBUG]: Skipping Lnet/minecraftforge/fml/common/network/handshake/ChannelRegistrationHandler;
[11:32:10] [main/DEBUG]: Skipping Lnet/minecraftforge/fml/common/network/PacketLoggingHandler;
[11:32:10] [main/DEBUG]: Skipping Lnet/minecraftforge/fml/common/network/PacketLoggingHandler$4;
[11:32:10] [main/DEBUG]: Skipping Lnet/minecraftforge/fml/common/network/PacketLoggingHandler$3;
[11:32:10] [main/DEBUG]: Skipping Lnet/minecraftforge/fml/common/network/PacketLoggingHandler$2;
[11:32:10] [main/DEBUG]: Skipping Lnet/minecraftforge/fml/common/network/PacketLoggingHandler$1;
[11:32:10] [main/DEBUG]: Skipping Lnet/minecraftforge/fml/common/network/NetworkRegistry;
[11:32:10] [main/DEBUG]: Skipping Lnet/minecraftforge/fml/common/network/NetworkRegistry$TargetPoint;
[11:32:10] [main/DEBUG]: Skipping Lnet/minecraftforge/fml/common/network/NetworkHandshakeEstablished;
[11:32:10] [main/DEBUG]: Skipping Lnet/minecraftforge/fml/common/network/NetworkEventFiringHandler;
[11:32:10] [main/DEBUG]: Skipping Lnet/minecraftforge/fml/common/network/NetworkCheckHandler;
[11:32:10] [main/DEBUG]: Skipping Lnet/minecraftforge/fml/common/network/IGuiHandler;
[11:32:10] [main/DEBUG]: Skipping Lnet/minecraftforge/fml/common/network/FMLOutboundHandler;
[11:32:10] [main/DEBUG]: Skipping Lnet/minecraftforge/fml/common/network/FMLOutboundHandler$OutboundTarget;
[11:32:10] [main/DEBUG]: Skipping Lnet/minecraftforge/fml/common/network/FMLOutboundHandler$OutboundTarget$9;
[11:32:10] [main/DEBUG]: Skipping Lnet/minecraftforge/fml/common/network/FMLOutboundHandler$OutboundTarget$8;
[11:32:10] [main/DEBUG]: Skipping Lnet/minecraftforge/fml/common/network/FMLOutboundHandler$OutboundTarget$7;
[11:32:10] [main/DEBUG]: Skipping Lnet/minecraftforge/fml/common/network/FMLOutboundHandler$OutboundTarget$6;
[11:32:10] [main/DEBUG]: Skipping Lnet/minecraftforge/fml/common/network/FMLOutboundHandler$OutboundTarget$5;
[11:32:10] [main/DEBUG]: Skipping Lnet/minecraftforge/fml/common/network/FMLOutboundHandler$OutboundTarget$4;
[11:32:10] [main/DEBUG]: Skipping Lnet/minecraftforge/fml/common/network/FMLOutboundHandler$OutboundTarget$3;
[11:32:10] [main/DEBUG]: Skipping Lnet/minecraftforge/fml/common/network/FMLOutboundHandler$OutboundTarget$2;
[11:32:10] [main/DEBUG]: Skipping Lnet/minecraftforge/fml/common/network/FMLOutboundHandler$OutboundTarget$10;
[11:32:10] [main/DEBUG]: Skipping Lnet/minecraftforge/fml/common/network/FMLOutboundHandler$OutboundTarget$1;
[11:32:10] [main/DEBUG]: Skipping Lnet/minecraftforge/fml/common/network/FMLOutboundHandler$1;
[11:32:10] [main/DEBUG]: Skipping Lnet/minecraftforge/fml/common/network/FMLNetworkException;
[11:32:10] [main/DEBUG]: Skipping Lnet/minecraftforge/fml/common/network/FMLNetworkEvent;
[11:32:10] [main/DEBUG]: Skipping Lnet/minecraftforge/fml/common/network/FMLNetworkEvent$ServerDisconnectionFromClientEvent;
[11:32:10] [main/DEBUG]: Skipping Lnet/minecraftforge/fml/common/network/FMLNetworkEvent$ServerCustomPacketEvent;
[11:32:10] [main/DEBUG]: Skipping Lnet/minecraftforge/fml/common/network/FMLNetworkEvent$ServerConnectionFromClientEvent;
[11:32:10] [main/DEBUG]: Skipping Lnet/minecraftforge/fml/common/network/FMLNetworkEvent$CustomPacketRegistrationEvent;
[11:32:10] [main/DEBUG]: Skipping Lnet/minecraftforge/fml/common/network/FMLNetworkEvent$CustomPacketEvent;
[11:32:10] [main/DEBUG]: Skipping Lnet/minecraftforge/fml/common/network/FMLNetworkEvent$CustomNetworkEvent;
[11:32:10] [main/DEBUG]: Skipping Lnet/minecraftforge/fml/common/network/FMLNetworkEvent$ClientDisconnectionFromServerEvent;
[11:32:10] [main/DEBUG]: Skipping Lnet/minecraftforge/fml/common/network/FMLNetworkEvent$ClientCustomPacketEvent;
[11:32:10] [main/DEBUG]: Skipping Lnet/minecraftforge/fml/common/network/FMLNetworkEvent$ClientConnectedToServerEvent;
[11:32:10] [main/DEBUG]: Skipping Lnet/minecraftforge/fml/common/network/FMLIndexedMessageToMessageCodec;
[11:32:10] [main/DEBUG]: Skipping Lnet/minecraftforge/fml/common/network/FMLEventChannel;
[11:32:10] [main/DEBUG]: Skipping Lnet/minecraftforge/fml/common/network/FMLEventChannel$EventFactory;
[11:32:10] [main/DEBUG]: Skipping Lnet/minecraftforge/fml/common/network/FMLEventChannel$EventFactory$2;
[11:32:10] [main/DEBUG]: Skipping Lnet/minecraftforge/fml/common/network/FMLEventChannel$EventFactory$1;
[11:32:10] [main/DEBUG]: Skipping Lnet/minecraftforge/fml/common/network/FMLEventChannel$1;
[11:32:10] [main/DEBUG]: Skipping Lnet/minecraftforge/fml/common/network/FMLEmbeddedChannel;
[11:32:10] [main/DEBUG]: Skipping Lnet/minecraftforge/fml/common/network/ByteBufUtils;
[11:32:10] [main/DEBUG]: Skipping Lnet/minecraftforge/fml/common/launcher/Yggdrasil;
[11:32:10] [main/DEBUG]: Skipping Lnet/minecraftforge/fml/common/launcher/TerminalTweaker;
[11:32:10] [main/DEBUG]: Skipping Lnet/minecraftforge/fml/common/launcher/FMLTweaker;
[11:32:10] [main/DEBUG]: Skipping Lnet/minecraftforge/fml/common/launcher/FMLServerTweaker;
[11:32:10] [main/DEBUG]: Skipping Lnet/minecraftforge/fml/common/launcher/FMLInjectionAndSortingTweaker;
[11:32:10] [main/DEBUG]: Skipping Lnet/minecraftforge/fml/common/launcher/FMLDeobfTweaker;
[11:32:10] [main/DEBUG]: Skipping Lnet/minecraftforge/fml/common/gameevent/TickEvent;
[11:32:10] [main/DEBUG]: Skipping Lnet/minecraftforge/fml/common/gameevent/TickEvent$WorldTickEvent;
[11:32:10] [main/DEBUG]: Skipping Lnet/minecraftforge/fml/common/gameevent/TickEvent$Type;
[11:32:10] [main/DEBUG]: Skipping Lnet/minecraftforge/fml/common/gameevent/TickEvent$ServerTickEvent;
[11:32:10] [main/DEBUG]: Skipping Lnet/minecraftforge/fml/common/gameevent/TickEvent$RenderTickEvent;
[11:32:10] [main/DEBUG]: Skipping Lnet/minecraftforge/fml/common/gameevent/TickEvent$PlayerTickEvent;
[11:32:10] [main/DEBUG]: Skipping Lnet/minecraftforge/fml/common/gameevent/TickEvent$Phase;
[11:32:10] [main/DEBUG]: Skipping Lnet/minecraftforge/fml/common/gameevent/TickEvent$ClientTickEvent;
[11:32:10] [main/DEBUG]: Skipping Lnet/minecraftforge/fml/common/gameevent/PlayerEvent;
[11:32:10] [main/DEBUG]: Skipping Lnet/minecraftforge/fml/common/gameevent/PlayerEvent$PlayerRespawnEvent;
[11:32:10] [main/DEBUG]: Skipping Lnet/minecraftforge/fml/common/gameevent/PlayerEvent$PlayerLoggedOutEvent;
[11:32:10] [main/DEBUG]: Skipping Lnet/minecraftforge/fml/common/gameevent/PlayerEvent$PlayerLoggedInEvent;
[11:32:10] [main/DEBUG]: Skipping Lnet/minecraftforge/fml/common/gameevent/PlayerEvent$PlayerChangedDimensionEvent;
[11:32:10] [main/DEBUG]: Skipping Lnet/minecraftforge/fml/common/gameevent/PlayerEvent$ItemSmeltedEvent;
[11:32:10] [main/DEBUG]: Skipping Lnet/minecraftforge/fml/common/gameevent/PlayerEvent$ItemPickupEvent;
[11:32:10] [main/DEBUG]: Skipping Lnet/minecraftforge/fml/common/gameevent/PlayerEvent$ItemCraftedEvent;
[11:32:10] [main/DEBUG]: Skipping Lnet/minecraftforge/fml/common/gameevent/PlayerEvent$1;
[11:32:10] [main/DEBUG]: Skipping Lnet/minecraftforge/fml/common/gameevent/InputEvent;
[11:32:10] [main/DEBUG]: Skipping Lnet/minecraftforge/fml/common/gameevent/InputEvent$MouseInputEvent;
[11:32:10] [main/DEBUG]: Skipping Lnet/minecraftforge/fml/common/gameevent/InputEvent$KeyInputEvent;
[11:32:10] [main/DEBUG]: Skipping Lnet/minecraftforge/fml/common/eventhandler/SubscribeEvent;
[11:32:10] [main/DEBUG]: Skipping Lnet/minecraftforge/fml/common/eventhandler/ListenerList;
[11:32:10] [main/DEBUG]: Skipping Lnet/minecraftforge/fml/common/eventhandler/ListenerList$ListenerListInst;
[11:32:10] [main/DEBUG]: Skipping Lnet/minecraftforge/fml/common/eventhandler/ListenerList$1;
[11:32:10] [main/DEBUG]: Skipping Lnet/minecraftforge/fml/common/eventhandler/IGenericEvent;
[11:32:10] [main/DEBUG]: Skipping Lnet/minecraftforge/fml/common/eventhandler/IEventListener;
[11:32:10] [main/DEBUG]: Skipping Lnet/minecraftforge/fml/common/eventhandler/IEventExceptionHandler;
[11:32:10] [main/DEBUG]: Skipping Lnet/minecraftforge/fml/common/eventhandler/IContextSetter;
[11:32:10] [main/DEBUG]: Skipping Lnet/minecraftforge/fml/common/eventhandler/GenericEvent;
[11:32:10] [main/DEBUG]: Skipping Lnet/minecraftforge/fml/common/eventhandler/FMLThrowingEventBus;
[11:32:10] [main/DEBUG]: Skipping Lnet/minecraftforge/fml/common/eventhandler/FMLThrowingEventBus$1;
[11:32:10] [main/DEBUG]: Skipping Lnet/minecraftforge/fml/common/eventhandler/EventPriority;
[11:32:10] [main/DEBUG]: Skipping Lnet/minecraftforge/fml/common/eventhandler/EventBus;
[11:32:10] [main/DEBUG]: Skipping Lnet/minecraftforge/fml/common/eventhandler/EventBus$1;
[11:32:10] [main/DEBUG]: Skipping Lnet/minecraftforge/fml/common/eventhandler/Event;
[11:32:10] [main/DEBUG]: Skipping Lnet/minecraftforge/fml/common/eventhandler/Event$Result;
[11:32:10] [main/DEBUG]: Skipping Lnet/minecraftforge/fml/common/eventhandler/Event$HasResult;
[11:32:10] [main/DEBUG]: Skipping Lnet/minecraftforge/fml/common/eventhandler/Cancelable;
[11:32:10] [main/DEBUG]: Skipping Lnet/minecraftforge/fml/common/eventhandler/ASMEventHandler;
[11:32:10] [main/DEBUG]: Skipping Lnet/minecraftforge/fml/common/eventhandler/ASMEventHandler$ASMClassLoader;
[11:32:10] [main/DEBUG]: Skipping Lnet/minecraftforge/fml/common/eventhandler/ASMEventHandler$1;
[11:32:10] [main/DEBUG]: Skipping Lnet/minecraftforge/fml/common/event/FMLStateEvent;
[11:32:10] [main/DEBUG]: Skipping Lnet/minecraftforge/fml/common/event/FMLServerStoppingEvent;
[11:32:10] [main/DEBUG]: Skipping Lnet/minecraftforge/fml/common/event/FMLServerStoppedEvent;
[11:32:10] [main/DEBUG]: Skipping Lnet/minecraftforge/fml/common/event/FMLServerStartingEvent;
[11:32:10] [main/DEBUG]: Skipping Lnet/minecraftforge/fml/common/event/FMLServerStartedEvent;
[11:32:10] [main/DEBUG]: Skipping Lnet/minecraftforge/fml/common/event/FMLServerAboutToStartEvent;
[11:32:10] [main/DEBUG]: Skipping Lnet/minecraftforge/fml/common/event/FMLPreInitializationEvent;
[11:32:10] [main/DEBUG]: Skipping Lnet/minecraftforge/fml/common/event/FMLPostInitializationEvent;
[11:32:10] [main/DEBUG]: Skipping Lnet/minecraftforge/fml/common/event/FMLModIdMappingEvent;
[11:32:10] [main/DEBUG]: Skipping Lnet/minecraftforge/fml/common/event/FMLModIdMappingEvent$ModRemapping;
[11:32:10] [main/DEBUG]: Skipping Lnet/minecraftforge/fml/common/event/FMLModIdMappingEvent$1;
[11:32:10] [main/DEBUG]: Skipping Lnet/minecraftforge/fml/common/event/FMLModDisabledEvent;
[11:32:10] [main/DEBUG]: Skipping Lnet/minecraftforge/fml/common/event/FMLLoadEvent;
[11:32:10] [main/DEBUG]: Skipping Lnet/minecraftforge/fml/common/event/FMLLoadCompleteEvent;
[11:32:10] [main/DEBUG]: Skipping Lnet/minecraftforge/fml/common/event/FMLInterModComms;
[11:32:10] [main/DEBUG]: Skipping Lnet/minecraftforge/fml/common/event/FMLInterModComms$IMCMessage;
[11:32:10] [main/DEBUG]: Skipping Lnet/minecraftforge/fml/common/event/FMLInterModComms$IMCEvent;
[11:32:10] [main/DEBUG]: Skipping Lnet/minecraftforge/fml/common/event/FMLInterModComms$1;
[11:32:10] [main/DEBUG]: Skipping Lnet/minecraftforge/fml/common/event/FMLInitializationEvent;
[11:32:10] [main/DEBUG]: Skipping Lnet/minecraftforge/fml/common/event/FMLFingerprintViolationEvent;
[11:32:10] [main/DEBUG]: Skipping Lnet/minecraftforge/fml/common/event/FMLEvent;
[11:32:10] [main/DEBUG]: Skipping Lnet/minecraftforge/fml/common/event/FMLConstructionEvent;
[11:32:10] [main/DEBUG]: Skipping Lnet/minecraftforge/fml/common/discovery/json/JsonAnnotationLoader;
[11:32:10] [main/DEBUG]: Skipping Lnet/minecraftforge/fml/common/discovery/json/JsonAnnotationLoader$1;
[11:32:10] [main/DEBUG]: Skipping Lnet/minecraftforge/fml/common/discovery/json/ASMInfo;
[11:32:10] [main/DEBUG]: Skipping Lnet/minecraftforge/fml/common/discovery/json/ASMInfo$ValueType;
[11:32:10] [main/DEBUG]: Skipping Lnet/minecraftforge/fml/common/discovery/json/ASMInfo$ValueHolder;
[11:32:10] [main/DEBUG]: Skipping Lnet/minecraftforge/fml/common/discovery/json/ASMInfo$TargetType;
[11:32:10] [main/DEBUG]: Skipping Lnet/minecraftforge/fml/common/discovery/json/ASMInfo$Annotation;
[11:32:10] [main/DEBUG]: Skipping Lnet/minecraftforge/fml/common/discovery/asm/ModMethodVisitor;
[11:32:10] [main/DEBUG]: Skipping Lnet/minecraftforge/fml/common/discovery/asm/ModFieldVisitor;
[11:32:10] [main/DEBUG]: Skipping Lnet/minecraftforge/fml/common/discovery/asm/ModClassVisitor;
[11:32:10] [main/DEBUG]: Skipping Lnet/minecraftforge/fml/common/discovery/asm/ModAnnotationVisitor;
[11:32:10] [main/DEBUG]: Skipping Lnet/minecraftforge/fml/common/discovery/asm/ModAnnotation;
[11:32:10] [main/DEBUG]: Skipping Lnet/minecraftforge/fml/common/discovery/asm/ModAnnotation$EnumHolder;
[11:32:10] [main/DEBUG]: Skipping Lnet/minecraftforge/fml/common/discovery/asm/ASMModParser;
[11:32:10] [main/DEBUG]: Skipping Lnet/minecraftforge/fml/common/discovery/asm/ASMModParser$AnnotationType;
[11:32:10] [main/DEBUG]: Skipping Lnet/minecraftforge/fml/common/discovery/ModDiscoverer;
[11:32:10] [main/DEBUG]: Skipping Lnet/minecraftforge/fml/common/discovery/ModCandidate;
[11:32:10] [main/DEBUG]: Skipping Lnet/minecraftforge/fml/common/discovery/JarDiscoverer;
[11:32:10] [main/DEBUG]: Skipping Lnet/minecraftforge/fml/common/discovery/ITypeDiscoverer;
[11:32:10] [main/DEBUG]: Skipping Lnet/minecraftforge/fml/common/discovery/DirectoryDiscoverer;
[11:32:10] [main/DEBUG]: Skipping Lnet/minecraftforge/fml/common/discovery/DirectoryDiscoverer$ClassFilter;
[11:32:10] [main/DEBUG]: Skipping Lnet/minecraftforge/fml/common/discovery/DirectoryDiscoverer$1;
[11:32:10] [main/DEBUG]: Skipping Lnet/minecraftforge/fml/common/discovery/ContainerType;
[11:32:10] [main/DEBUG]: Skipping Lnet/minecraftforge/fml/common/discovery/ASMDataTable;
[11:32:10] [main/DEBUG]: Skipping Lnet/minecraftforge/fml/common/discovery/ASMDataTable$ModContainerPredicate;
[11:32:10] [main/DEBUG]: Skipping Lnet/minecraftforge/fml/common/discovery/ASMDataTable$ASMData;
[11:32:10] [main/DEBUG]: Skipping Lnet/minecraftforge/fml/common/asm/transformers/deobf/LZMAInputSupplier;
[11:32:10] [main/DEBUG]: Skipping Lnet/minecraftforge/fml/common/asm/transformers/deobf/FMLRemappingAdapter;
[11:32:10] [main/DEBUG]: Skipping Lnet/minecraftforge/fml/common/asm/transformers/deobf/FMLRemappingAdapter$StaticFixingMethodVisitor;
[11:32:10] [main/DEBUG]: Skipping Lnet/minecraftforge/fml/common/asm/transformers/deobf/FMLDeobfuscatingRemapper;
[11:32:10] [main/DEBUG]: Skipping Lnet/minecraftforge/fml/common/asm/transformers/TerminalTransformer;
[11:32:10] [main/DEBUG]: Skipping Lnet/minecraftforge/fml/common/asm/transformers/TerminalTransformer$ExitVisitor;
[11:32:10] [main/DEBUG]: Skipping Lnet/minecraftforge/fml/common/asm/transformers/TerminalTransformer$ExitVisitor$1;
[11:32:10] [main/DEBUG]: Skipping Lnet/minecraftforge/fml/common/asm/transformers/TerminalTransformer$1;
[11:32:10] [main/DEBUG]: Skipping Lnet/minecraftforge/fml/common/asm/transformers/SoundEngineFixTransformer;
[11:32:10] [main/DEBUG]: Skipping Lnet/minecraftforge/fml/common/asm/transformers/SideTransformer;
[11:32:10] [main/DEBUG]: Skipping Lnet/minecraftforge/fml/common/asm/transformers/SideTransformer$LambdaGatherer;
[11:32:10] [main/DEBUG]: Skipping Lnet/minecraftforge/fml/common/asm/transformers/PotionEffectTransformer;
[11:32:10] [main/DEBUG]: Skipping Lnet/minecraftforge/fml/common/asm/transformers/PatchingTransformer;
[11:32:10] [main/DEBUG]: Skipping Lnet/minecraftforge/fml/common/asm/transformers/ModAccessTransformer;
[11:32:10] [main/DEBUG]: Skipping Lnet/minecraftforge/fml/common/asm/transformers/ModAccessTransformer$JarByteSource;
[11:32:10] [main/DEBUG]: Skipping Lnet/minecraftforge/fml/common/asm/transformers/ModAPITransformer;
[11:32:10] [main/DEBUG]: Skipping Lnet/minecraftforge/fml/common/asm/transformers/ModAPITransformer$RemovingSignatureWriter;
[11:32:10] [main/DEBUG]: Skipping Lnet/minecraftforge/fml/common/asm/transformers/MarkerTransformer;
[11:32:10] [main/DEBUG]: Skipping Lnet/minecraftforge/fml/common/asm/transformers/MarkerTransformer$1;
[11:32:10] [main/DEBUG]: Skipping Lnet/minecraftforge/fml/common/asm/transformers/ItemStackTransformer;
[11:32:10] [main/DEBUG]: Skipping Lnet/minecraftforge/fml/common/asm/transformers/ItemBlockTransformer;
[11:32:10] [main/DEBUG]: Skipping Lnet/minecraftforge/fml/common/asm/transformers/ItemBlockSpecialTransformer;
[11:32:10] [main/DEBUG]: Skipping Lnet/minecraftforge/fml/common/asm/transformers/FieldRedirectTransformer;
[11:32:10] [main/DEBUG]: Skipping Lnet/minecraftforge/fml/common/asm/transformers/EventSubscriptionTransformer;
[11:32:10] [main/DEBUG]: Skipping Lnet/minecraftforge/fml/common/asm/transformers/EventSubscriberTransformer;
[11:32:10] [main/DEBUG]: Skipping Lnet/minecraftforge/fml/common/asm/transformers/EventSubscriberTransformer$SubscribeEventPredicate;
[11:32:10] [main/DEBUG]: Skipping Lnet/minecraftforge/fml/common/asm/transformers/DeobfuscationTransformer;
[11:32:10] [main/DEBUG]: Skipping Lnet/minecraftforge/fml/common/asm/transformers/AccessTransformer;
[11:32:10] [main/DEBUG]: Skipping Lnet/minecraftforge/fml/common/asm/transformers/AccessTransformer$Modifier;
[11:32:10] [main/DEBUG]: Skipping Lnet/minecraftforge/fml/common/asm/transformers/AccessTransformer$1;
[11:32:10] [main/DEBUG]: Skipping Lnet/minecraftforge/fml/common/asm/ReobfuscationMarker;
[11:32:10] [main/DEBUG]: Skipping Lnet/minecraftforge/fml/common/asm/FMLSanityChecker;
[11:32:10] [main/DEBUG]: Skipping Lnet/minecraftforge/fml/common/asm/ASMTransformerWrapper;
[11:32:10] [main/DEBUG]: Skipping Lnet/minecraftforge/fml/common/asm/ASMTransformerWrapper$WrapperVisitor;
[11:32:10] [main/DEBUG]: Skipping Lnet/minecraftforge/fml/common/asm/ASMTransformerWrapper$TransformerWrapper;
[11:32:10] [main/DEBUG]: Skipping Lnet/minecraftforge/fml/common/asm/ASMTransformerWrapper$TransformerException;
[11:32:10] [main/DEBUG]: Skipping Lnet/minecraftforge/fml/common/asm/ASMTransformerWrapper$ASMGenHandler;
[11:32:10] [main/DEBUG]: Skipping Lnet/minecraftforge/fml/common/asm/ASMTransformerWrapper$ASMGenHandler$1;
[11:32:10] [main/DEBUG]: Skipping Lnet/minecraftforge/fml/common/asm/ASMTransformerWrapper$ASMGenConnection;
[11:32:10] [main/DEBUG]: Skipping Lnet/minecraftforge/fml/common/asm/ASMTransformerWrapper$1;
[11:32:10] [main/DEBUG]: Skipping Lnet/minecraftforge/fml/common/ZipperUtil;
[11:32:10] [main/DEBUG]: Skipping Lnet/minecraftforge/fml/common/WrongMinecraftVersionException;
[11:32:10] [main/DEBUG]: Skipping Lnet/minecraftforge/fml/common/WorldAccessContainer;
[11:32:10] [main/DEBUG]: Skipping Lnet/minecraftforge/fml/common/TracingPrintStream;
[11:32:10] [main/DEBUG]: Skipping Lnet/minecraftforge/fml/common/StartupQuery;
[11:32:10] [main/DEBUG]: Skipping Lnet/minecraftforge/fml/common/StartupQuery$AbortedException;
[11:32:10] [main/DEBUG]: Skipping Lnet/minecraftforge/fml/common/StartupQuery$1;
[11:32:10] [main/DEBUG]: Skipping Lnet/minecraftforge/fml/common/SidedProxy;
[11:32:10] [main/DEBUG]: Skipping Lnet/minecraftforge/fml/common/SaveInspectionHandler;
[11:32:10] [main/DEBUG]: Skipping Lnet/minecraftforge/fml/common/ProxyInjector;
[11:32:10] [main/DEBUG]: Skipping Lnet/minecraftforge/fml/common/ProgressManager;
[11:32:10] [main/DEBUG]: Skipping Lnet/minecraftforge/fml/common/ProgressManager$ProgressBar;
[11:32:10] [main/DEBUG]: Skipping Lnet/minecraftforge/fml/common/ProgressManager$1;
[11:32:10] [main/DEBUG]: Skipping Lnet/minecraftforge/fml/common/Optional;
[11:32:10] [main/DEBUG]: Skipping Lnet/minecraftforge/fml/common/Optional$Method;
[11:32:10] [main/DEBUG]: Skipping Lnet/minecraftforge/fml/common/Optional$InterfaceList;
[11:32:10] [main/DEBUG]: Skipping Lnet/minecraftforge/fml/common/Optional$Interface;
[11:32:10] [main/DEBUG]: Skipping Lnet/minecraftforge/fml/common/ObfuscationReflectionHelper;
[11:32:10] [main/DEBUG]: Skipping Lnet/minecraftforge/fml/common/MultipleModsErrored;
[11:32:10] [main/DEBUG]: Skipping Lnet/minecraftforge/fml/common/ModMetadata;
[11:32:10] [main/DEBUG]: Skipping Lnet/minecraftforge/fml/common/ModContainerFactory;
[11:32:10] [main/DEBUG]: Skipping Lnet/minecraftforge/fml/common/ModContainer;
[11:32:10] [main/DEBUG]: Skipping Lnet/minecraftforge/fml/common/ModContainer$Disableable;
[11:32:10] [main/DEBUG]: Skipping Lnet/minecraftforge/fml/common/ModClassLoader;
[11:32:10] [main/DEBUG]: Skipping Lnet/minecraftforge/fml/common/ModAPIManager;
[11:32:10] [main/DEBUG]: Skipping Lnet/minecraftforge/fml/common/ModAPIManager$APIContainer;
[11:32:10] [main/DEBUG]: Skipping Lnet/minecraftforge/fml/common/Mod;
[11:32:10] [main/DEBUG]: Skipping Lnet/minecraftforge/fml/common/Mod$Metadata;
[11:32:10] [main/DEBUG]: Skipping Lnet/minecraftforge/fml/common/Mod$InstanceFactory;
[11:32:10] [main/DEBUG]: Skipping Lnet/minecraftforge/fml/common/Mod$Instance;
[11:32:10] [main/DEBUG]: Skipping Lnet/minecraftforge/fml/common/Mod$EventHandler;
[11:32:10] [main/DEBUG]: Skipping Lnet/minecraftforge/fml/common/Mod$EventBusSubscriber;
[11:32:10] [main/DEBUG]: Skipping Lnet/minecraftforge/fml/common/Mod$CustomProperty;
[11:32:10] [main/DEBUG]: Skipping Lnet/minecraftforge/fml/common/MissingModsException;
[11:32:10] [main/DEBUG]: Skipping Lnet/minecraftforge/fml/common/MissingModsException$MissingModInfo;
[11:32:10] [main/DEBUG]: Skipping Lnet/minecraftforge/fml/common/MissingModsException$1;
[11:32:10] [main/DEBUG]: Skipping Lnet/minecraftforge/fml/common/MinecraftDummyContainer;
[11:32:10] [main/DEBUG]: Skipping Lnet/minecraftforge/fml/common/MetadataCollection;
[11:32:10] [main/DEBUG]: Skipping Lnet/minecraftforge/fml/common/MetadataCollection$ArtifactVersionAdapter;
[11:32:10] [main/DEBUG]: Skipping Lnet/minecraftforge/fml/common/MCPDummyContainer;
[11:32:10] [main/DEBUG]: Skipping Lnet/minecraftforge/fml/common/LoaderState;
[11:32:10] [main/DEBUG]: Skipping Lnet/minecraftforge/fml/common/LoaderState$ModState;
[11:32:10] [main/DEBUG]: Skipping Lnet/minecraftforge/fml/common/LoaderExceptionModCrash;
[11:32:10] [main/DEBUG]: Skipping Lnet/minecraftforge/fml/common/LoaderException;
[11:32:10] [main/DEBUG]: Skipping Lnet/minecraftforge/fml/common/Loader;
[11:32:10] [main/DEBUG]: Skipping Lnet/minecraftforge/fml/common/Loader$ModIdComparator;
[11:32:10] [main/DEBUG]: Skipping Lnet/minecraftforge/fml/common/Loader$1;
[11:32:10] [main/DEBUG]: Skipping Lnet/minecraftforge/fml/common/LoadController;
[11:32:10] [main/DEBUG]: Skipping Lnet/minecraftforge/fml/common/LoadController$FMLSecurityManager;
[11:32:10] [main/DEBUG]: Skipping Lnet/minecraftforge/fml/common/InjectedModContainer;
[11:32:10] [main/DEBUG]: Skipping Lnet/minecraftforge/fml/common/IWorldGenerator;
[11:32:10] [main/DEBUG]: Skipping Lnet/minecraftforge/fml/common/ILanguageAdapter;
[11:32:10] [main/DEBUG]: Skipping Lnet/minecraftforge/fml/common/ILanguageAdapter$ScalaAdapter;
[11:32:10] [main/DEBUG]: Skipping Lnet/minecraftforge/fml/common/ILanguageAdapter$JavaAdapter;
[11:32:10] [main/DEBUG]: Skipping Lnet/minecraftforge/fml/common/IFuelHandler;
[11:32:10] [main/DEBUG]: Skipping Lnet/minecraftforge/fml/common/IFMLSidedHandler;
[11:32:10] [main/DEBUG]: Skipping Lnet/minecraftforge/fml/common/IFMLHandledException;
[11:32:10] [main/DEBUG]: Skipping Lnet/minecraftforge/fml/common/IEntitySelectorFactory;
[11:32:10] [main/DEBUG]: Skipping Lnet/minecraftforge/fml/common/ICrashCallable;
[11:32:10] [main/DEBUG]: Skipping Lnet/minecraftforge/fml/common/FMLModContainer;
[11:32:10] [main/DEBUG]: Skipping Lnet/minecraftforge/fml/common/FMLLog;
[11:32:10] [main/DEBUG]: Skipping Lnet/minecraftforge/fml/common/FMLContainerHolder;
[11:32:10] [main/DEBUG]: Skipping Lnet/minecraftforge/fml/common/FMLContainer;
[11:32:10] [main/DEBUG]: Skipping Lnet/minecraftforge/fml/common/FMLCommonHandler;
[11:32:10] [main/DEBUG]: Skipping Lnet/minecraftforge/fml/common/FMLCommonHandler$1;
[11:32:10] [main/DEBUG]: Skipping Lnet/minecraftforge/fml/common/EnhancedRuntimeException;
[11:32:10] [main/DEBUG]: Skipping Lnet/minecraftforge/fml/common/EnhancedRuntimeException$WrappedPrintStream;
[11:32:10] [main/DEBUG]: Skipping Lnet/minecraftforge/fml/common/EnhancedRuntimeException$3;
[11:32:10] [main/DEBUG]: Skipping Lnet/minecraftforge/fml/common/EnhancedRuntimeException$2;
[11:32:10] [main/DEBUG]: Skipping Lnet/minecraftforge/fml/common/EnhancedRuntimeException$1;
[11:32:10] [main/DEBUG]: Skipping Lnet/minecraftforge/fml/common/DuplicateModsFoundException;
[11:32:10] [main/DEBUG]: Skipping Lnet/minecraftforge/fml/common/DummyModContainer;
[11:32:10] [main/DEBUG]: Skipping Lnet/minecraftforge/fml/common/ClassNameUtils;
[11:32:10] [main/DEBUG]: Skipping Lnet/minecraftforge/fml/common/CertificateHelper;
[11:32:10] [main/DEBUG]: Skipping Lnet/minecraftforge/fml/common/AutomaticEventSubscriber;
[11:32:10] [main/DEBUG]: Skipping Lnet/minecraftforge/fml/common/API;
[11:32:10] [main/DEBUG]: Skipping Lnet/minecraftforge/fml/client/registry/RenderingRegistry;
[11:32:10] [main/DEBUG]: Skipping Lnet/minecraftforge/fml/client/registry/IRenderFactory;
[11:32:10] [main/DEBUG]: Skipping Lnet/minecraftforge/fml/client/registry/ClientRegistry;
[11:32:10] [main/DEBUG]: Skipping Lnet/minecraftforge/fml/client/event/ConfigChangedEvent;
[11:32:10] [main/DEBUG]: Skipping Lnet/minecraftforge/fml/client/event/ConfigChangedEvent$PostConfigChangedEvent;
[11:32:10] [main/DEBUG]: Skipping Lnet/minecraftforge/fml/client/event/ConfigChangedEvent$OnConfigChangedEvent;
[11:32:10] [main/DEBUG]: Skipping Lnet/minecraftforge/fml/client/config/IConfigElement;
[11:32:10] [main/DEBUG]: Skipping Lnet/minecraftforge/fml/client/config/HoverChecker;
[11:32:10] [main/DEBUG]: Skipping Lnet/minecraftforge/fml/client/config/GuiUtils;
[11:32:10] [main/DEBUG]: Skipping Lnet/minecraftforge/fml/client/config/GuiUnicodeGlyphButton;
[11:32:10] [main/DEBUG]: Skipping Lnet/minecraftforge/fml/client/config/GuiSlider;
[11:32:10] [main/DEBUG]: Skipping Lnet/minecraftforge/fml/client/config/GuiSlider$ISlider;
[11:32:10] [main/DEBUG]: Skipping Lnet/minecraftforge/fml/client/config/GuiSelectStringEntries;
[11:32:10] [main/DEBUG]: Skipping Lnet/minecraftforge/fml/client/config/GuiSelectStringEntries$ListEntry;
[11:32:10] [main/DEBUG]: Skipping Lnet/minecraftforge/fml/client/config/GuiSelectStringEntries$IGuiSelectStringListEntry;
[11:32:10] [main/DEBUG]: Skipping Lnet/minecraftforge/fml/client/config/GuiSelectStringEntries$EntryComparator;
[11:32:10] [main/DEBUG]: Skipping Lnet/minecraftforge/fml/client/config/GuiSelectString;
[11:32:10] [main/DEBUG]: Skipping Lnet/minecraftforge/fml/client/config/GuiMessageDialog;
[11:32:10] [main/DEBUG]: Skipping Lnet/minecraftforge/fml/client/config/GuiEditArrayEntries;
[11:32:10] [main/DEBUG]: Skipping Lnet/minecraftforge/fml/client/config/GuiEditArrayEntries$StringEntry;
[11:32:10] [main/DEBUG]: Skipping Lnet/minecraftforge/fml/client/config/GuiEditArrayEntries$IntegerEntry;
[11:32:10] [main/DEBUG]: Skipping Lnet/minecraftforge/fml/client/config/GuiEditArrayEntries$IArrayEntry;
[11:32:10] [main/DEBUG]: Skipping Lnet/minecraftforge/fml/client/config/GuiEditArrayEntries$DoubleEntry;
[11:32:10] [main/DEBUG]: Skipping Lnet/minecraftforge/fml/client/config/GuiEditArrayEntries$BooleanEntry;
[11:32:10] [main/DEBUG]: Skipping Lnet/minecraftforge/fml/client/config/GuiEditArrayEntries$BaseEntry;
[11:32:10] [main/DEBUG]: Skipping Lnet/minecraftforge/fml/client/config/GuiEditArrayEntries$1;
[11:32:10] [main/DEBUG]: Skipping Lnet/minecraftforge/fml/client/config/GuiEditArray;
[11:32:10] [main/DEBUG]: Skipping Lnet/minecraftforge/fml/client/config/GuiConfigEntries;
[11:32:10] [main/DEBUG]: Skipping Lnet/minecraftforge/fml/client/config/GuiConfigEntries$StringEntry;
[11:32:10] [main/DEBUG]: Skipping Lnet/minecraftforge/fml/client/config/GuiConfigEntries$SelectValueEntry;
[11:32:10] [main/DEBUG]: Skipping Lnet/minecraftforge/fml/client/config/GuiConfigEntries$NumberSliderEntry;
[11:32:10] [main/DEBUG]: Skipping Lnet/minecraftforge/fml/client/config/GuiConfigEntries$ListEntryBase;
[11:32:10] [main/DEBUG]: Skipping Lnet/minecraftforge/fml/client/config/GuiConfigEntries$IntegerEntry;
[11:32:10] [main/DEBUG]: Skipping Lnet/minecraftforge/fml/client/config/GuiConfigEntries$IConfigEntry;
[11:32:10] [main/DEBUG]: Skipping Lnet/minecraftforge/fml/client/config/GuiConfigEntries$DoubleEntry;
[11:32:10] [main/DEBUG]: Skipping Lnet/minecraftforge/fml/client/config/GuiConfigEntries$CycleValueEntry;
[11:32:10] [main/DEBUG]: Skipping Lnet/minecraftforge/fml/client/config/GuiConfigEntries$ChatColorEntry;
[11:32:10] [main/DEBUG]: Skipping Lnet/minecraftforge/fml/client/config/GuiConfigEntries$CategoryEntry;
[11:32:10] [main/DEBUG]: Skipping Lnet/minecraftforge/fml/client/config/GuiConfigEntries$ButtonEntry;
[11:32:10] [main/DEBUG]: Skipping Lnet/minecraftforge/fml/client/config/GuiConfigEntries$BooleanEntry;
[11:32:10] [main/DEBUG]: Skipping Lnet/minecraftforge/fml/client/config/GuiConfigEntries$ArrayEntry;
[11:32:10] [main/DEBUG]: Skipping Lnet/minecraftforge/fml/client/config/GuiConfigEntries$1;
[11:32:10] [main/DEBUG]: Skipping Lnet/minecraftforge/fml/client/config/GuiConfig;
[11:32:10] [main/DEBUG]: Skipping Lnet/minecraftforge/fml/client/config/GuiCheckBox;
[11:32:10] [main/DEBUG]: Skipping Lnet/minecraftforge/fml/client/config/GuiButtonExt;
[11:32:10] [main/DEBUG]: Skipping Lnet/minecraftforge/fml/client/config/DummyConfigElement;
[11:32:10] [main/DEBUG]: Skipping Lnet/minecraftforge/fml/client/config/DummyConfigElement$DummyListElement;
[11:32:10] [main/DEBUG]: Skipping Lnet/minecraftforge/fml/client/config/DummyConfigElement$DummyCategoryElement;
[11:32:10] [main/DEBUG]: Skipping Lnet/minecraftforge/fml/client/config/ConfigGuiType;
[11:32:10] [main/DEBUG]: Skipping Lnet/minecraftforge/fml/client/SplashProgress;
[11:32:10] [main/DEBUG]: Skipping Lnet/minecraftforge/fml/client/SplashProgress$Texture;
[11:32:10] [main/DEBUG]: Skipping Lnet/minecraftforge/fml/client/SplashProgress$SplashFontRenderer;
[11:32:10] [main/DEBUG]: Skipping Lnet/minecraftforge/fml/client/SplashProgress$5;
[11:32:10] [main/DEBUG]: Skipping Lnet/minecraftforge/fml/client/SplashProgress$4;
[11:32:10] [main/DEBUG]: Skipping Lnet/minecraftforge/fml/client/SplashProgress$3;
[11:32:10] [main/DEBUG]: Skipping Lnet/minecraftforge/fml/client/SplashProgress$2;
[11:32:10] [main/DEBUG]: Skipping Lnet/minecraftforge/fml/client/SplashProgress$1;
[11:32:10] [main/DEBUG]: Skipping Lnet/minecraftforge/fml/client/IModGuiFactory;
[11:32:10] [main/DEBUG]: Skipping Lnet/minecraftforge/fml/client/IModGuiFactory$RuntimeOptionCategoryElement;
[11:32:10] [main/DEBUG]: Skipping Lnet/minecraftforge/fml/client/IDisplayableError;
[11:32:10] [main/DEBUG]: Skipping Lnet/minecraftforge/fml/client/GuiWrongMinecraft;
[11:32:10] [main/DEBUG]: Skipping Lnet/minecraftforge/fml/client/GuiSortingProblem;
[11:32:10] [main/DEBUG]: Skipping Lnet/minecraftforge/fml/client/GuiSlotModList;
[11:32:10] [main/DEBUG]: Skipping Lnet/minecraftforge/fml/client/GuiScrollingList;
[11:32:10] [main/DEBUG]: Skipping Lnet/minecraftforge/fml/client/GuiOldSaveLoadConfirm;
[11:32:10] [main/DEBUG]: Skipping Lnet/minecraftforge/fml/client/GuiNotification;
[11:32:10] [main/DEBUG]: Skipping Lnet/minecraftforge/fml/client/GuiMultipleModsErrored;
[11:32:10] [main/DEBUG]: Skipping Lnet/minecraftforge/fml/client/GuiMultipleModsErrored$GuiList;
[11:32:10] [main/DEBUG]: Skipping Lnet/minecraftforge/fml/client/GuiModsMissingForServer;
[11:32:10] [main/DEBUG]: Skipping Lnet/minecraftforge/fml/client/GuiModsMissing;
[11:32:10] [main/DEBUG]: Skipping Lnet/minecraftforge/fml/client/GuiModList;
[11:32:10] [main/DEBUG]: Skipping Lnet/minecraftforge/fml/client/GuiModList$SortType;
[11:32:10] [main/DEBUG]: Skipping Lnet/minecraftforge/fml/client/GuiModList$SortType$2;
[11:32:10] [main/DEBUG]: Skipping Lnet/minecraftforge/fml/client/GuiModList$SortType$1;
[11:32:10] [main/DEBUG]: Skipping Lnet/minecraftforge/fml/client/GuiModList$Info;
[11:32:10] [main/DEBUG]: Skipping Lnet/minecraftforge/fml/client/GuiModList$1;
[11:32:10] [main/DEBUG]: Skipping Lnet/minecraftforge/fml/client/GuiErrorBase;
[11:32:10] [main/DEBUG]: Skipping Lnet/minecraftforge/fml/client/GuiDupesFound;
[11:32:10] [main/DEBUG]: Skipping Lnet/minecraftforge/fml/client/GuiCustomModLoadingErrorScreen;
[11:32:10] [main/DEBUG]: Skipping Lnet/minecraftforge/fml/client/GuiConfirmation;
[11:32:10] [main/DEBUG]: Skipping Lnet/minecraftforge/fml/client/GuiBackupFailed;
[11:32:10] [main/DEBUG]: Skipping Lnet/minecraftforge/fml/client/GuiAccessDenied;
[11:32:10] [main/DEBUG]: Skipping Lnet/minecraftforge/fml/client/FMLFolderResourcePack;
[11:32:10] [main/DEBUG]: Skipping Lnet/minecraftforge/fml/client/FMLFileResourcePack;
[11:32:10] [main/DEBUG]: Skipping Lnet/minecraftforge/fml/client/FMLConfigGuiFactory;
[11:32:10] [main/DEBUG]: Skipping Lnet/minecraftforge/fml/client/FMLConfigGuiFactory$FMLConfigGuiScreen;
[11:32:10] [main/DEBUG]: Skipping Lnet/minecraftforge/fml/client/FMLConfigGuiFactory$CustomArrayEntry;
[11:32:10] [main/DEBUG]: Skipping Lnet/minecraftforge/fml/client/FMLClientHandler;
[11:32:10] [main/DEBUG]: Skipping Lnet/minecraftforge/fml/client/ExtendedServerListData;
[11:32:10] [main/DEBUG]: Skipping Lnet/minecraftforge/fml/client/DefaultGuiFactory;
[11:32:10] [main/DEBUG]: Skipping Lnet/minecraftforge/fml/client/CustomModLoadingErrorDisplayException;
[11:32:10] [main/DEBUG]: Skipping Lnet/minecraftforge/fml/relauncher/libraries/SnapshotJson;
[11:32:10] [main/DEBUG]: Skipping Lnet/minecraftforge/fml/relauncher/libraries/SnapshotJson$Entry;
[11:32:10] [main/DEBUG]: Skipping Lnet/minecraftforge/fml/relauncher/libraries/Repository;
[11:32:10] [main/DEBUG]: Skipping Lnet/minecraftforge/fml/relauncher/libraries/ModList;
[11:32:10] [main/DEBUG]: Skipping Lnet/minecraftforge/fml/relauncher/libraries/ModList$JsonModList;
[11:32:10] [main/DEBUG]: Skipping Lnet/minecraftforge/fml/relauncher/libraries/ModList$1;
[11:32:10] [main/DEBUG]: Skipping Lnet/minecraftforge/fml/relauncher/libraries/MemoryModList;
[11:32:10] [main/DEBUG]: Skipping Lnet/minecraftforge/fml/relauncher/libraries/LinkRepository;
[11:32:10] [main/DEBUG]: Skipping Lnet/minecraftforge/fml/relauncher/libraries/LibraryManager;
[11:32:10] [main/DEBUG]: Skipping Lnet/minecraftforge/fml/relauncher/libraries/Artifact;
[11:32:10] [main/DEBUG]: Skipping Lnet/minecraftforge/fml/relauncher/ServerLaunchWrapper;
[11:32:10] [main/DEBUG]: Skipping Lnet/minecraftforge/fml/relauncher/ReflectionHelper;
[11:32:10] [main/DEBUG]: Skipping Lnet/minecraftforge/fml/relauncher/ReflectionHelper$UnknownConstructorException;
[11:32:10] [main/DEBUG]: Skipping Lnet/minecraftforge/fml/relauncher/ReflectionHelper$UnableToFindMethodException;
[11:32:10] [main/DEBUG]: Skipping Lnet/minecraftforge/fml/relauncher/ReflectionHelper$UnableToFindFieldException;
[11:32:10] [main/DEBUG]: Skipping Lnet/minecraftforge/fml/relauncher/ReflectionHelper$UnableToFindClassException;
[11:32:10] [main/DEBUG]: Skipping Lnet/minecraftforge/fml/relauncher/ReflectionHelper$UnableToAccessFieldException;
[11:32:10] [main/DEBUG]: Skipping Lnet/minecraftforge/fml/relauncher/IFMLLoadingPlugin;
[11:32:10] [main/DEBUG]: Skipping Lnet/minecraftforge/fml/relauncher/IFMLLoadingPlugin$TransformerExclusions;
[11:32:10] [main/DEBUG]: Skipping Lnet/minecraftforge/fml/relauncher/IFMLLoadingPlugin$SortingIndex;
[11:32:10] [main/DEBUG]: Skipping Lnet/minecraftforge/fml/relauncher/IFMLLoadingPlugin$Name;
[11:32:10] [main/DEBUG]: Skipping Lnet/minecraftforge/fml/relauncher/IFMLLoadingPlugin$MCVersion;
[11:32:10] [main/DEBUG]: Skipping Lnet/minecraftforge/fml/relauncher/IFMLLoadingPlugin$DependsOn;
[11:32:10] [main/DEBUG]: Skipping Lnet/minecraftforge/fml/relauncher/IFMLCallHook;
[11:32:10] [main/DEBUG]: Skipping Lnet/minecraftforge/fml/relauncher/FileListHelper;
[11:32:10] [main/DEBUG]: Skipping Lnet/minecraftforge/fml/relauncher/FileListHelper$CaseInsensitiveFileComparator;
[11:32:10] [main/DEBUG]: Skipping Lnet/minecraftforge/fml/relauncher/FMLSecurityManager;
[11:32:10] [main/DEBUG]: Skipping Lnet/minecraftforge/fml/relauncher/FMLSecurityManager$ExitTrappedException;
[11:32:10] [main/DEBUG]: Skipping Lnet/minecraftforge/fml/relauncher/FMLRelaunchLog;
[11:32:10] [main/DEBUG]: Skipping Lnet/minecraftforge/fml/relauncher/FMLLaunchHandler;
[11:32:10] [main/DEBUG]: Skipping Lnet/minecraftforge/fml/relauncher/FMLInjectionData;
[11:32:10] [main/DEBUG]: Skipping Lnet/minecraftforge/fml/relauncher/FMLCorePlugin;
[11:32:10] [main/DEBUG]: Skipping Lnet/minecraftforge/fml/relauncher/CoreModManager;
[11:32:10] [main/DEBUG]: Skipping Lnet/minecraftforge/fml/relauncher/CoreModManager$FMLPluginWrapper;
[11:32:10] [main/DEBUG]: Skipping Lnet/minecraftforge/fml/relauncher/Side;
[11:32:10] [main/DEBUG]: Skipping Lnet/minecraftforge/fml/relauncher/SideOnly;
[11:32:10] [main/DEBUG]: Skipping Lnet/minecraft/dispenser/package-info;
[11:32:10] [main/DEBUG]: Skipping Lnet/minecraft/dispenser/IBehaviorDispenseItem$1;
[11:32:10] [main/DEBUG]: Skipping Lnet/minecraft/dispenser/IBlockSource;
[11:32:10] [main/DEBUG]: Skipping Lnet/minecraft/dispenser/BehaviorDefaultDispenseItem;
[11:32:10] [main/DEBUG]: Skipping Lnet/minecraft/dispenser/IBehaviorDispenseItem;
[11:32:10] [main/DEBUG]: Skipping Lnet/minecraft/dispenser/ILocatableSource;
[11:32:10] [main/DEBUG]: Skipping Lnet/minecraft/dispenser/ILocation;
[11:32:10] [main/DEBUG]: Skipping Lnet/minecraft/dispenser/IPosition;
[11:32:10] [main/DEBUG]: Skipping Lnet/minecraft/dispenser/PositionImpl;
[11:32:10] [main/DEBUG]: Skipping Lnet/minecraft/dispenser/BehaviorProjectileDispense;
[11:32:10] [main/DEBUG]: Skipping Lnet/minecraft/scoreboard/package-info;
[11:32:10] [main/DEBUG]: Skipping Lnet/minecraft/scoreboard/Score$1;
[11:32:10] [main/DEBUG]: Skipping Lnet/minecraft/scoreboard/IScoreCriteria$EnumRenderType;
[11:32:10] [main/DEBUG]: Skipping Lnet/minecraft/scoreboard/ServerScoreboard;
[11:32:10] [main/DEBUG]: Skipping Lnet/minecraft/scoreboard/Team$CollisionRule;
[11:32:10] [main/DEBUG]: Skipping Lnet/minecraft/scoreboard/Team$EnumVisible;
[11:32:10] [main/DEBUG]: Skipping Lnet/minecraft/scoreboard/ScoreObjective;
[11:32:10] [main/DEBUG]: Skipping Lnet/minecraft/scoreboard/ScorePlayerTeam;
[11:32:10] [main/DEBUG]: Skipping Lnet/minecraft/scoreboard/Score;
[11:32:10] [main/DEBUG]: Skipping Lnet/minecraft/scoreboard/Scoreboard;
[11:32:10] [main/DEBUG]: Skipping Lnet/minecraft/scoreboard/ScoreboardSaveData;
[11:32:10] [main/DEBUG]: Skipping Lnet/minecraft/scoreboard/Team;
[11:32:10] [main/DEBUG]: Skipping Lnet/minecraft/scoreboard/ScoreCriteriaColored;
[11:32:10] [main/DEBUG]: Skipping Lnet/minecraft/scoreboard/ScoreCriteria;
[11:32:10] [main/DEBUG]: Skipping Lnet/minecraft/scoreboard/ScoreCriteriaHealth;
[11:32:10] [main/DEBUG]: Skipping Lnet/minecraft/scoreboard/IScoreCriteria;
[11:32:10] [main/DEBUG]: Skipping Lnet/minecraft/scoreboard/ScoreCriteriaReadOnly;
[11:32:10] [main/DEBUG]: Skipping Lnet/minecraft/scoreboard/ScoreCriteriaStat;
[11:32:10] [main/DEBUG]: Skipping Lnet/minecraft/init/package-info;
[11:32:10] [main/DEBUG]: Skipping Lnet/minecraft/init/Bootstrap$13;
[11:32:10] [main/DEBUG]: Skipping Lnet/minecraft/init/SoundEvents;
[11:32:10] [main/DEBUG]: Skipping Lnet/minecraft/init/MobEffects;
[11:32:10] [main/DEBUG]: Skipping Lnet/minecraft/init/Items;
[11:32:10] [main/DEBUG]: Skipping Lnet/minecraft/init/PotionTypes;
[11:32:10] [main/DEBUG]: Skipping Lnet/minecraft/init/Enchantments;
[11:32:10] [main/DEBUG]: Skipping Lnet/minecraft/init/Biomes;
[11:32:10] [main/DEBUG]: Skipping Lnet/minecraft/init/Blocks;
[11:32:10] [main/DEBUG]: Skipping Lnet/minecraft/init/Bootstrap$1;
[11:32:10] [main/DEBUG]: Skipping Lnet/minecraft/init/Bootstrap$10;
[11:32:10] [main/DEBUG]: Skipping Lnet/minecraft/init/Bootstrap$11;
[11:32:10] [main/DEBUG]: Skipping Lnet/minecraft/init/Bootstrap$12;
[11:32:10] [main/DEBUG]: Skipping Lnet/minecraft/init/Bootstrap$14;
[11:32:10] [main/DEBUG]: Skipping Lnet/minecraft/init/Bootstrap$15;
[11:32:10] [main/DEBUG]: Skipping Lnet/minecraft/init/Bootstrap$16;
[11:32:10] [main/DEBUG]: Skipping Lnet/minecraft/init/Bootstrap$17;
[11:32:10] [main/DEBUG]: Skipping Lnet/minecraft/init/Bootstrap$BehaviorDispenseBoat;
[11:32:10] [main/DEBUG]: Skipping Lnet/minecraft/init/Bootstrap$BehaviorDispenseOptional;
[11:32:10] [main/DEBUG]: Skipping Lnet/minecraft/init/Bootstrap$BehaviorDispenseShulkerBox;
[11:32:10] [main/DEBUG]: Skipping Lnet/minecraft/init/Bootstrap$18;
[11:32:10] [main/DEBUG]: Skipping Lnet/minecraft/init/Bootstrap$2;
[11:32:10] [main/DEBUG]: Skipping Lnet/minecraft/init/Bootstrap$3;
[11:32:10] [main/DEBUG]: Skipping Lnet/minecraft/init/Bootstrap$4;
[11:32:10] [main/DEBUG]: Skipping Lnet/minecraft/init/Bootstrap$5;
[11:32:10] [main/DEBUG]: Skipping Lnet/minecraft/init/Bootstrap$6;
[11:32:10] [main/DEBUG]: Skipping Lnet/minecraft/init/Bootstrap$7;
[11:32:10] [main/DEBUG]: Skipping Lnet/minecraft/init/Bootstrap$8;
[11:32:10] [main/DEBUG]: Skipping Lnet/minecraft/init/Bootstrap$9;
[11:32:10] [main/DEBUG]: Skipping Lnet/minecraft/init/Bootstrap$7$1;
[11:32:10] [main/DEBUG]: Skipping Lnet/minecraft/init/Bootstrap$8$1;
[11:32:10] [main/DEBUG]: Skipping Lnet/minecraft/init/Bootstrap;
[11:32:10] [main/DEBUG]: Skipping Lnet/minecraft/stats/package-info;
[11:32:10] [main/DEBUG]: Skipping Lnet/minecraft/stats/StatBase$1;
[11:32:10] [main/DEBUG]: Skipping Lnet/minecraft/stats/StatBase$2;
[11:32:10] [main/DEBUG]: Skipping Lnet/minecraft/stats/StatBase$3;
[11:32:10] [main/DEBUG]: Skipping Lnet/minecraft/stats/StatBase$4;
[11:32:10] [main/DEBUG]: Skipping Lnet/minecraft/stats/StatBasic;
[11:32:10] [main/DEBUG]: Skipping Lnet/minecraft/stats/StatCrafting;
[11:32:10] [main/DEBUG]: Skipping Lnet/minecraft/stats/StatisticsManagerServer;
[11:32:10] [main/DEBUG]: Skipping Lnet/minecraft/stats/StatBase;
[11:32:10] [main/DEBUG]: Skipping Lnet/minecraft/stats/IStatType;
[11:32:10] [main/DEBUG]: Skipping Lnet/minecraft/stats/StatisticsManager;
[11:32:10] [main/DEBUG]: Skipping Lnet/minecraft/stats/RecipeBook;
[11:32:10] [main/DEBUG]: Skipping Lnet/minecraft/stats/RecipeBookServer;
[11:32:10] [main/DEBUG]: Skipping Lnet/minecraft/stats/StatList;
[11:32:10] [main/DEBUG]: Skipping Lnet/minecraft/village/package-info;
[11:32:10] [main/DEBUG]: Skipping Lnet/minecraft/village/VillageDoorInfo;
[11:32:10] [main/DEBUG]: Skipping Lnet/minecraft/village/MerchantRecipe;
[11:32:10] [main/DEBUG]: Skipping Lnet/minecraft/village/MerchantRecipeList;
[11:32:10] [main/DEBUG]: Skipping Lnet/minecraft/village/Village$VillageAggressor;
[11:32:10] [main/DEBUG]: Skipping Lnet/minecraft/village/Village;
[11:32:10] [main/DEBUG]: Skipping Lnet/minecraft/village/VillageSiege;
[11:32:10] [main/DEBUG]: Skipping Lnet/minecraft/village/VillageCollection;
[11:32:10] [main/DEBUG]: Skipping Lnet/minecraft/advancements/package-info;
[11:32:10] [main/DEBUG]: Skipping Lnet/minecraft/advancements/Advancement;
[11:32:10] [main/DEBUG]: Skipping Lnet/minecraft/advancements/AdvancementList;
[11:32:10] [main/DEBUG]: Skipping Lnet/minecraft/advancements/AdvancementProgress;
[11:32:10] [main/DEBUG]: Transforming class Lnet/minecraft/advancements/CriteriaTriggers;
[11:32:10] [main/DEBUG]: Transforming net.minecraft.advancements.CriteriaTriggers METHOD func_192118_a(Lnet/minecraft/advancements/ICriterionTrigger;)Lnet/minecraft/advancements/ICriterionTrigger; to access PUBLIC and LEAVE
[11:32:10] [main/DEBUG]: Skipping Lnet/minecraft/advancements/Criterion;
[11:32:10] [main/DEBUG]: Skipping Lnet/minecraft/advancements/CriterionProgress;
[11:32:10] [main/DEBUG]: Skipping Lnet/minecraft/advancements/ICriterionTrigger;
[11:32:10] [main/DEBUG]: Skipping Lnet/minecraft/advancements/ICriterionInstance;
[11:32:10] [main/DEBUG]: Skipping Lnet/minecraft/advancements/FrameType;
[11:32:10] [main/DEBUG]: Skipping Lnet/minecraft/advancements/AdvancementTreeNode;
[11:32:10] [main/DEBUG]: Skipping Lnet/minecraft/advancements/FunctionManager;
[11:32:10] [main/DEBUG]: Skipping Lnet/minecraft/advancements/Advancement$Builder;
[11:32:10] [main/DEBUG]: Skipping Lnet/minecraft/advancements/ICriterionTrigger$Listener;
[11:32:10] [main/DEBUG]: Skipping Lnet/minecraft/advancements/AdvancementList$Listener;
[11:32:10] [main/DEBUG]: Skipping Lnet/minecraft/advancements/FunctionManager$1;
[11:32:10] [main/DEBUG]: Skipping Lnet/minecraft/advancements/FunctionManager$QueuedCommand;
[11:32:10] [main/DEBUG]: Skipping Lnet/minecraft/advancements/AdvancementProgress$Serializer;
[11:32:10] [main/DEBUG]: Skipping Lnet/minecraft/advancements/AdvancementRewards;
[11:32:10] [main/DEBUG]: Skipping Lnet/minecraft/advancements/DisplayInfo;
[11:32:10] [main/DEBUG]: Skipping Lnet/minecraft/advancements/AdvancementRewards$1;
[11:32:10] [main/DEBUG]: Skipping Lnet/minecraft/advancements/AdvancementRewards$Deserializer;
[11:32:10] [main/DEBUG]: Skipping Lnet/minecraft/advancements/PlayerAdvancements$1;
[11:32:10] [main/DEBUG]: Skipping Lnet/minecraft/advancements/critereon/package-info;
[11:32:10] [main/DEBUG]: Skipping Lnet/minecraft/advancements/critereon/AbstractCriterionInstance;
[11:32:10] [main/DEBUG]: Skipping Lnet/minecraft/advancements/critereon/BredAnimalsTrigger;
[11:32:10] [main/DEBUG]: Skipping Lnet/minecraft/advancements/critereon/BrewedPotionTrigger;
[11:32:10] [main/DEBUG]: Skipping Lnet/minecraft/advancements/critereon/ChangeDimensionTrigger;
[11:32:10] [main/DEBUG]: Skipping Lnet/minecraft/advancements/critereon/ConstructBeaconTrigger;
[11:32:10] [main/DEBUG]: Skipping Lnet/minecraft/advancements/critereon/ConsumeItemTrigger;
[11:32:10] [main/DEBUG]: Skipping Lnet/minecraft/advancements/critereon/EntityHurtPlayerTrigger$Listeners;
[11:32:10] [main/DEBUG]: Skipping Lnet/minecraft/advancements/critereon/EntityHurtPlayerTrigger$Instance;
[11:32:10] [main/DEBUG]: Skipping Lnet/minecraft/advancements/critereon/NetherTravelTrigger$Listeners;
[11:32:10] [main/DEBUG]: Skipping Lnet/minecraft/advancements/critereon/NetherTravelTrigger$Instance;
[11:32:10] [main/DEBUG]: Skipping Lnet/minecraft/advancements/critereon/UsedEnderEyeTrigger$Listeners;
[11:32:10] [main/DEBUG]: Skipping Lnet/minecraft/advancements/critereon/UsedEnderEyeTrigger$Instance;
[11:32:10] [main/DEBUG]: Skipping Lnet/minecraft/advancements/critereon/ConstructBeaconTrigger$Listeners;
[11:32:10] [main/DEBUG]: Skipping Lnet/minecraft/advancements/critereon/ConstructBeaconTrigger$Instance;
[11:32:10] [main/DEBUG]: Skipping Lnet/minecraft/advancements/critereon/LevitationTrigger$Listeners;
[11:32:10] [main/DEBUG]: Skipping Lnet/minecraft/advancements/critereon/LevitationTrigger$Instance;
[11:32:10] [main/DEBUG]: Skipping Lnet/minecraft/advancements/critereon/PlacedBlockTrigger$Listeners;
[11:32:10] [main/DEBUG]: Skipping Lnet/minecraft/advancements/critereon/PlacedBlockTrigger$Instance;
[11:32:10] [main/DEBUG]: Skipping Lnet/minecraft/advancements/critereon/UsedTotemTrigger$Listeners;
[11:32:10] [main/DEBUG]: Skipping Lnet/minecraft/advancements/critereon/UsedTotemTrigger$Instance;
[11:32:10] [main/DEBUG]: Skipping Lnet/minecraft/advancements/critereon/ConsumeItemTrigger$Listeners;
[11:32:10] [main/DEBUG]: Skipping Lnet/minecraft/advancements/critereon/ConsumeItemTrigger$Instance;
[11:32:10] [main/DEBUG]: Skipping Lnet/minecraft/advancements/critereon/ImpossibleTrigger$Instance;
[11:32:10] [main/DEBUG]: Skipping Lnet/minecraft/advancements/critereon/PlayerHurtEntityTrigger$Listeners;
[11:32:10] [main/DEBUG]: Skipping Lnet/minecraft/advancements/critereon/PlayerHurtEntityTrigger$Instance;
[11:32:10] [main/DEBUG]: Skipping Lnet/minecraft/advancements/critereon/EffectsChangedTrigger$Listeners;
[11:32:10] [main/DEBUG]: Skipping Lnet/minecraft/advancements/critereon/EffectsChangedTrigger$Instance;
[11:32:10] [main/DEBUG]: Skipping Lnet/minecraft/advancements/critereon/PositionTrigger$Listeners;
[11:32:10] [main/DEBUG]: Skipping Lnet/minecraft/advancements/critereon/PositionTrigger$Instance;
[11:32:10] [main/DEBUG]: Skipping Lnet/minecraft/advancements/critereon/InventoryChangeTrigger$Listeners;
[11:32:10] [main/DEBUG]: Skipping Lnet/minecraft/advancements/critereon/InventoryChangeTrigger$Instance;
[11:32:10] [main/DEBUG]: Skipping Lnet/minecraft/advancements/critereon/CuredZombieVillagerTrigger;
[11:32:10] [main/DEBUG]: Skipping Lnet/minecraft/advancements/critereon/DamagePredicate;
[11:32:10] [main/DEBUG]: Skipping Lnet/minecraft/advancements/critereon/DamageSourcePredicate;
[11:32:10] [main/DEBUG]: Skipping Lnet/minecraft/advancements/critereon/DistancePredicate;
[11:32:10] [main/DEBUG]: Skipping Lnet/minecraft/advancements/critereon/EffectsChangedTrigger;
[11:32:10] [main/DEBUG]: Skipping Lnet/minecraft/advancements/critereon/EnchantedItemTrigger;
[11:32:10] [main/DEBUG]: Skipping Lnet/minecraft/advancements/critereon/EnchantmentPredicate;
[11:32:10] [main/DEBUG]: Skipping Lnet/minecraft/advancements/critereon/EnterBlockTrigger;
[11:32:10] [main/DEBUG]: Skipping Lnet/minecraft/advancements/critereon/EntityHurtPlayerTrigger;
[11:32:10] [main/DEBUG]: Skipping Lnet/minecraft/advancements/critereon/EntityPredicate;
[11:32:10] [main/DEBUG]: Skipping Lnet/minecraft/advancements/critereon/ImpossibleTrigger;
[11:32:10] [main/DEBUG]: Skipping Lnet/minecraft/advancements/critereon/InventoryChangeTrigger;
[11:32:10] [main/DEBUG]: Skipping Lnet/minecraft/advancements/critereon/ItemDurabilityTrigger;
[11:32:10] [main/DEBUG]: Skipping Lnet/minecraft/advancements/critereon/KilledTrigger;
[11:32:10] [main/DEBUG]: Skipping Lnet/minecraft/advancements/critereon/LevitationTrigger;
[11:32:10] [main/DEBUG]: Skipping Lnet/minecraft/advancements/critereon/LocationPredicate;
[11:32:10] [main/DEBUG]: Skipping Lnet/minecraft/advancements/critereon/PositionTrigger;
[11:32:10] [main/DEBUG]: Skipping Lnet/minecraft/advancements/critereon/MinMaxBounds;
[11:32:10] [main/DEBUG]: Skipping Lnet/minecraft/advancements/critereon/MobEffectsPredicate;
[11:32:10] [main/DEBUG]: Skipping Lnet/minecraft/advancements/critereon/NBTPredicate;
[11:32:10] [main/DEBUG]: Skipping Lnet/minecraft/advancements/critereon/NetherTravelTrigger;
[11:32:10] [main/DEBUG]: Skipping Lnet/minecraft/advancements/critereon/PlacedBlockTrigger;
[11:32:10] [main/DEBUG]: Skipping Lnet/minecraft/advancements/critereon/PlayerHurtEntityTrigger;
[11:32:10] [main/DEBUG]: Skipping Lnet/minecraft/advancements/critereon/RecipeUnlockedTrigger;
[11:32:10] [main/DEBUG]: Skipping Lnet/minecraft/advancements/critereon/SummonedEntityTrigger;
[11:32:10] [main/DEBUG]: Skipping Lnet/minecraft/advancements/critereon/TameAnimalTrigger;
[11:32:10] [main/DEBUG]: Skipping Lnet/minecraft/advancements/critereon/TickTrigger;
[11:32:10] [main/DEBUG]: Skipping Lnet/minecraft/advancements/critereon/VillagerTradeTrigger;
[11:32:10] [main/DEBUG]: Skipping Lnet/minecraft/advancements/critereon/UsedEnderEyeTrigger;
[11:32:10] [main/DEBUG]: Skipping Lnet/minecraft/advancements/critereon/UsedTotemTrigger;
[11:32:10] [main/DEBUG]: Skipping Lnet/minecraft/advancements/critereon/RecipeUnlockedTrigger$Listeners;
[11:32:10] [main/DEBUG]: Skipping Lnet/minecraft/advancements/critereon/RecipeUnlockedTrigger$Instance;
[11:32:10] [main/DEBUG]: Skipping Lnet/minecraft/advancements/critereon/EnchantedItemTrigger$Listeners;
[11:32:10] [main/DEBUG]: Skipping Lnet/minecraft/advancements/critereon/EnchantedItemTrigger$Instance;
[11:32:10] [main/DEBUG]: Skipping Lnet/minecraft/advancements/critereon/TameAnimalTrigger$Listeners;
[11:32:10] [main/DEBUG]: Skipping Lnet/minecraft/advancements/critereon/TameAnimalTrigger$Instance;
[11:32:10] [main/DEBUG]: Skipping Lnet/minecraft/advancements/critereon/BredAnimalsTrigger$Listeners;
[11:32:10] [main/DEBUG]: Skipping Lnet/minecraft/advancements/critereon/BredAnimalsTrigger$Instance;
[11:32:10] [main/DEBUG]: Skipping Lnet/minecraft/advancements/critereon/ItemDurabilityTrigger$Listeners;
[11:32:10] [main/DEBUG]: Skipping Lnet/minecraft/advancements/critereon/ItemDurabilityTrigger$Instance;
[11:32:10] [main/DEBUG]: Skipping Lnet/minecraft/advancements/critereon/SummonedEntityTrigger$Listeners;
[11:32:10] [main/DEBUG]: Skipping Lnet/minecraft/advancements/critereon/SummonedEntityTrigger$Instance;
[11:32:10] [main/DEBUG]: Skipping Lnet/minecraft/advancements/critereon/MobEffectsPredicate$InstancePredicate;
[11:32:10] [main/DEBUG]: Skipping Lnet/minecraft/advancements/critereon/CuredZombieVillagerTrigger$Listeners;
[11:32:10] [main/DEBUG]: Skipping Lnet/minecraft/advancements/critereon/CuredZombieVillagerTrigger$Instance;
[11:32:10] [main/DEBUG]: Skipping Lnet/minecraft/advancements/critereon/TickTrigger$Listeners;
[11:32:10] [main/DEBUG]: Skipping Lnet/minecraft/advancements/critereon/TickTrigger$Instance;
[11:32:10] [main/DEBUG]: Skipping Lnet/minecraft/advancements/critereon/BrewedPotionTrigger$Listeners;
[11:32:10] [main/DEBUG]: Skipping Lnet/minecraft/advancements/critereon/BrewedPotionTrigger$Instance;
[11:32:10] [main/DEBUG]: Skipping Lnet/minecraft/advancements/critereon/EnterBlockTrigger$Listeners;
[11:32:10] [main/DEBUG]: Skipping Lnet/minecraft/advancements/critereon/EnterBlockTrigger$Instance;
[11:32:10] [main/DEBUG]: Skipping Lnet/minecraft/advancements/critereon/VillagerTradeTrigger$Listeners;
[11:32:10] [main/DEBUG]: Skipping Lnet/minecraft/advancements/critereon/VillagerTradeTrigger$Instance;
[11:32:10] [main/DEBUG]: Skipping Lnet/minecraft/advancements/critereon/ChangeDimensionTrigger$Listeners;
[11:32:10] [main/DEBUG]: Skipping Lnet/minecraft/advancements/critereon/ChangeDimensionTrigger$Instance;
[11:32:10] [main/DEBUG]: Skipping Lnet/minecraft/advancements/critereon/KilledTrigger$Listeners;
[11:32:10] [main/DEBUG]: Skipping Lnet/minecraft/advancements/critereon/KilledTrigger$Instance;
[11:32:10] [main/DEBUG]: Skipping Lnet/minecraft/advancements/critereon/ItemPredicate;
[11:32:10] [main/DEBUG]: Skipping Lnet/minecraft/advancements/PlayerAdvancements;
[11:32:10] [main/DEBUG]: Transforming class Lnet/minecraft/advancements/AdvancementManager;
[11:32:10] [main/DEBUG]: Transforming net.minecraft.advancements.AdvancementManager FIELD field_192783_b to access PUBLIC and LEAVE
[11:32:10] [main/DEBUG]: Skipping Lnet/minecraft/advancements/AdvancementManager$1;
[11:32:10] [main/DEBUG]: Skipping Lnet/minecraft/crash/package-info;
[11:32:10] [main/DEBUG]: Skipping Lnet/minecraft/crash/ICrashReportDetail;
[11:32:10] [main/DEBUG]: Skipping Lnet/minecraft/crash/CrashReportCategory$6;
[11:32:10] [main/DEBUG]: Skipping Lnet/minecraft/crash/CrashReportCategory$7;
[11:32:10] [main/DEBUG]: Skipping Lnet/minecraft/crash/CrashReportCategory$5;
[11:32:10] [main/DEBUG]: Skipping Lnet/minecraft/crash/CrashReportCategory$4;
[11:32:10] [main/DEBUG]: Skipping Lnet/minecraft/crash/CrashReport;
[11:32:10] [main/DEBUG]: Skipping Lnet/minecraft/crash/CrashReportCategory;
[11:32:10] [main/DEBUG]: Skipping Lnet/minecraft/crash/CrashReport$1;
[11:32:10] [main/DEBUG]: Skipping Lnet/minecraft/crash/CrashReport$2;
[11:32:10] [main/DEBUG]: Skipping Lnet/minecraft/crash/CrashReport$3;
[11:32:10] [main/DEBUG]: Skipping Lnet/minecraft/crash/CrashReport$4;
[11:32:10] [main/DEBUG]: Skipping Lnet/minecraft/crash/CrashReport$5;
[11:32:10] [main/DEBUG]: Skipping Lnet/minecraft/crash/CrashReport$6;
[11:32:10] [main/DEBUG]: Skipping Lnet/minecraft/crash/CrashReport$7;
[11:32:10] [main/DEBUG]: Skipping Lnet/minecraft/crash/CrashReportCategory$1;
[11:32:10] [main/DEBUG]: Skipping Lnet/minecraft/crash/CrashReportCategory$2;
[11:32:10] [main/DEBUG]: Skipping Lnet/minecraft/crash/CrashReportCategory$3;
[11:32:10] [main/DEBUG]: Skipping Lnet/minecraft/crash/CrashReportCategory$Entry;
[11:32:10] [main/DEBUG]: Skipping Lnet/minecraft/potion/package-info;
[11:32:10] [main/DEBUG]: Skipping Lnet/minecraft/potion/PotionAbsorption;
[11:32:10] [main/DEBUG]: Skipping Lnet/minecraft/potion/PotionAttackDamage;
[11:32:10] [main/DEBUG]: Skipping Lnet/minecraft/potion/PotionHealthBoost;
[11:32:10] [main/DEBUG]: Skipping Lnet/minecraft/potion/PotionHealth;
[11:32:10] [main/DEBUG]: Skipping Lnet/minecraft/potion/PotionUtils;
[11:32:10] [main/DEBUG]: Skipping Lnet/minecraft/potion/PotionHelper$1;
[11:32:10] [main/DEBUG]: Skipping Lnet/minecraft/potion/PotionHelper$MixPredicate;
[11:32:10] [main/DEBUG]: Skipping Lnet/minecraft/potion/Potion;
[11:32:10] [main/DEBUG]: Skipping Lnet/minecraft/potion/PotionEffect;
[11:32:10] [main/DEBUG]: Skipping Lnet/minecraft/potion/PotionType;
[11:32:10] [main/DEBUG]: Transforming class Lnet/minecraft/potion/PotionHelper;
[11:32:10] [main/DEBUG]: Transforming net.minecraft.potion.PotionHelper METHOD func_193355_a(Lnet/minecraft/item/ItemPotion;Lnet/minecraft/item/Item;Lnet/minecraft/item/ItemPotion;)V to access PUBLIC and LEAVE
[11:32:10] [main/DEBUG]: Transforming net.minecraft.potion.PotionHelper METHOD func_193354_a(Lnet/minecraft/item/ItemPotion;)V to access PUBLIC and LEAVE
[11:32:10] [main/DEBUG]: Transforming net.minecraft.potion.PotionHelper METHOD func_193357_a(Lnet/minecraft/potion/PotionType;Lnet/minecraft/item/Item;Lnet/minecraft/potion/PotionType;)V to access PUBLIC and LEAVE
[11:32:10] [main/DEBUG]: Transforming net.minecraft.potion.PotionHelper METHOD func_193356_a(Lnet/minecraft/potion/PotionType;Lnet/minecraft/item/crafting/Ingredient;Lnet/minecraft/potion/PotionType;)V to access PUBLIC and LEAVE
[11:32:10] [main/DEBUG]: Skipping Lnet/minecraft/enchantment/package-info;
[11:32:10] [main/DEBUG]: Skipping Lnet/minecraft/enchantment/EnchantmentProtection$Type;
[11:32:10] [main/DEBUG]: Skipping Lnet/minecraft/enchantment/EnchantmentArrowDamage;
[11:32:10] [main/DEBUG]: Skipping Lnet/minecraft/enchantment/EnchantmentArrowFire;
[11:32:10] [main/DEBUG]: Skipping Lnet/minecraft/enchantment/EnchantmentArrowInfinite;
[11:32:10] [main/DEBUG]: Skipping Lnet/minecraft/enchantment/EnchantmentArrowKnockback;
[11:32:10] [main/DEBUG]: Skipping Lnet/minecraft/enchantment/EnchantmentBindingCurse;
[11:32:10] [main/DEBUG]: Skipping Lnet/minecraft/enchantment/EnchantmentDamage;
[11:32:10] [main/DEBUG]: Skipping Lnet/minecraft/enchantment/EnchantmentDurability;
[11:32:10] [main/DEBUG]: Skipping Lnet/minecraft/enchantment/EnchantmentDigging;
[11:32:10] [main/DEBUG]: Skipping Lnet/minecraft/enchantment/EnchantmentData;
[11:32:10] [main/DEBUG]: Skipping Lnet/minecraft/enchantment/EnchantmentFireAspect;
[11:32:10] [main/DEBUG]: Skipping Lnet/minecraft/enchantment/EnchantmentFishingSpeed;
[11:32:10] [main/DEBUG]: Skipping Lnet/minecraft/enchantment/EnchantmentKnockback;
[11:32:10] [main/DEBUG]: Skipping Lnet/minecraft/enchantment/EnchantmentLootBonus;
[11:32:10] [main/DEBUG]: Skipping Lnet/minecraft/enchantment/EnchantmentMending;
[11:32:10] [main/DEBUG]: Skipping Lnet/minecraft/enchantment/EnchantmentOxygen;
[11:32:10] [main/DEBUG]: Skipping Lnet/minecraft/enchantment/EnchantmentProtection;
[11:32:10] [main/DEBUG]: Skipping Lnet/minecraft/enchantment/EnchantmentSweepingEdge;
[11:32:10] [main/DEBUG]: Skipping Lnet/minecraft/enchantment/EnchantmentUntouching;
[11:32:10] [main/DEBUG]: Skipping Lnet/minecraft/enchantment/EnchantmentVanishingCurse;
[11:32:10] [main/DEBUG]: Skipping Lnet/minecraft/enchantment/EnchantmentWaterWalker;
[11:32:10] [main/DEBUG]: Skipping Lnet/minecraft/enchantment/EnchantmentWaterWorker;
[11:32:10] [main/DEBUG]: Skipping Lnet/minecraft/enchantment/Enchantment$Rarity;
[11:32:10] [main/DEBUG]: Skipping Lnet/minecraft/enchantment/EnumEnchantmentType$1;
[11:32:10] [main/DEBUG]: Skipping Lnet/minecraft/enchantment/EnumEnchantmentType$10;
[11:32:10] [main/DEBUG]: Skipping Lnet/minecraft/enchantment/EnumEnchantmentType$11;
[11:32:10] [main/DEBUG]: Skipping Lnet/minecraft/enchantment/EnumEnchantmentType$12;
[11:32:10] [main/DEBUG]: Skipping Lnet/minecraft/enchantment/EnumEnchantmentType$2;
[11:32:10] [main/DEBUG]: Skipping Lnet/minecraft/enchantment/EnumEnchantmentType$3;
[11:32:10] [main/DEBUG]: Skipping Lnet/minecraft/enchantment/EnumEnchantmentType$4;
[11:32:10] [main/DEBUG]: Skipping Lnet/minecraft/enchantment/EnumEnchantmentType$5;
[11:32:10] [main/DEBUG]: Skipping Lnet/minecraft/enchantment/EnumEnchantmentType$6;
[11:32:10] [main/DEBUG]: Skipping Lnet/minecraft/enchantment/EnumEnchantmentType$7;
[11:32:10] [main/DEBUG]: Skipping Lnet/minecraft/enchantment/EnumEnchantmentType$8;
[11:32:10] [main/DEBUG]: Skipping Lnet/minecraft/enchantment/EnumEnchantmentType$9;
[11:32:10] [main/DEBUG]: Skipping Lnet/minecraft/enchantment/EnchantmentHelper$1;
[11:32:10] [main/DEBUG]: Skipping Lnet/minecraft/enchantment/EnchantmentHelper$DamageIterator;
[11:32:10] [main/DEBUG]: Skipping Lnet/minecraft/enchantment/EnchantmentHelper$HurtIterator;
[11:32:10] [main/DEBUG]: Skipping Lnet/minecraft/enchantment/EnchantmentHelper$IModifier;
[11:32:10] [main/DEBUG]: Skipping Lnet/minecraft/enchantment/EnchantmentHelper$ModifierLiving;
[11:32:10] [main/DEBUG]: Skipping Lnet/minecraft/enchantment/EnchantmentHelper$ModifierDamage;
[11:32:10] [main/DEBUG]: Skipping Lnet/minecraft/enchantment/Enchantment;
[11:32:10] [main/DEBUG]: Skipping Lnet/minecraft/enchantment/EnumEnchantmentType;
[11:32:10] [main/DEBUG]: Skipping Lnet/minecraft/enchantment/EnchantmentHelper;
[11:32:10] [main/DEBUG]: Skipping Lnet/minecraft/enchantment/EnchantmentFrostWalker;
[11:32:10] [main/DEBUG]: Skipping Lnet/minecraft/enchantment/EnchantmentThorns;
[11:32:10] [main/DEBUG]: Skipping Lnet/minecraft/creativetab/package-info;
[11:32:10] [main/DEBUG]: Skipping Lnet/minecraft/creativetab/CreativeTabs$7;
[11:32:10] [main/DEBUG]: Skipping Lnet/minecraft/creativetab/CreativeTabs$8;
[11:32:10] [main/DEBUG]: Skipping Lnet/minecraft/creativetab/CreativeTabs$9;
[11:32:10] [main/DEBUG]: Transforming class Lnet/minecraft/creativetab/CreativeTabs;
[11:32:10] [main/DEBUG]: Transforming net.minecraft.creativetab.CreativeTabs FIELD field_78032_a to access PUBLIC and REMOVEFINAL
[11:32:10] [main/DEBUG]: Skipping Lnet/minecraft/creativetab/CreativeTabs$1;
[11:32:10] [main/DEBUG]: Skipping Lnet/minecraft/creativetab/CreativeTabs$10;
[11:32:10] [main/DEBUG]: Skipping Lnet/minecraft/creativetab/CreativeTabs$11;
[11:32:10] [main/DEBUG]: Skipping Lnet/minecraft/creativetab/CreativeTabs$12;
[11:32:10] [main/DEBUG]: Skipping Lnet/minecraft/creativetab/CreativeTabs$2;
[11:32:10] [main/DEBUG]: Skipping Lnet/minecraft/creativetab/CreativeTabs$3;
[11:32:10] [main/DEBUG]: Skipping Lnet/minecraft/creativetab/CreativeTabs$4;
[11:32:10] [main/DEBUG]: Skipping Lnet/minecraft/creativetab/CreativeTabs$5;
[11:32:10] [main/DEBUG]: Skipping Lnet/minecraft/creativetab/CreativeTabs$6;
[11:32:10] [main/DEBUG]: Skipping Lnet/minecraft/tileentity/package-info;
[11:32:10] [main/DEBUG]: Skipping Lnet/minecraft/tileentity/TileEntityMobSpawner$1;
[11:32:10] [main/DEBUG]: Skipping Lnet/minecraft/tileentity/TileEntityMobSpawner$2;
[11:32:10] [main/DEBUG]: Skipping Lnet/minecraft/tileentity/CommandBlockBaseLogic$1;
[11:32:10] [main/DEBUG]: Skipping Lnet/minecraft/tileentity/CommandBlockBaseLogic$2;
[11:32:10] [main/DEBUG]: Skipping Lnet/minecraft/tileentity/TileEntityCommandBlock$1;
[11:32:10] [main/DEBUG]: Skipping Lnet/minecraft/tileentity/TileEntityCommandBlock$Mode;
[11:32:10] [main/DEBUG]: Skipping Lnet/minecraft/tileentity/CommandBlockBaseLogic;
[11:32:10] [main/DEBUG]: Skipping Lnet/minecraft/tileentity/TileEntityBanner;
[11:32:10] [main/DEBUG]: Skipping Lnet/minecraft/tileentity/BannerPattern;
[11:32:10] [main/DEBUG]: Skipping Lnet/minecraft/tileentity/TileEntityBed;
[11:32:10] [main/DEBUG]: Skipping Lnet/minecraft/tileentity/TileEntityCommandBlock;
[11:32:10] [main/DEBUG]: Skipping Lnet/minecraft/tileentity/TileEntityComparator;
[11:32:10] [main/DEBUG]: Skipping Lnet/minecraft/tileentity/TileEntityDaylightDetector;
[11:32:10] [main/DEBUG]: Skipping Lnet/minecraft/tileentity/TileEntityDispenser;
[11:32:10] [main/DEBUG]: Skipping Lnet/minecraft/tileentity/TileEntityDropper;
[11:32:10] [main/DEBUG]: Skipping Lnet/minecraft/tileentity/TileEntityEnchantmentTable;
[11:32:10] [main/DEBUG]: Skipping Lnet/minecraft/tileentity/TileEntityEnderChest;
[11:32:10] [main/DEBUG]: Skipping Lnet/minecraft/tileentity/TileEntityFlowerPot;
[11:32:10] [main/DEBUG]: Skipping Lnet/minecraft/tileentity/IHopper;
[11:32:10] [main/DEBUG]: Skipping Lnet/minecraft/tileentity/TileEntityMobSpawner;
[11:32:10] [main/DEBUG]: Skipping Lnet/minecraft/tileentity/TileEntitySkull;
[11:32:10] [main/DEBUG]: Skipping Lnet/minecraft/tileentity/TileEntityStructure;
[11:32:10] [main/DEBUG]: Skipping Lnet/minecraft/tileentity/TileEntityEndGateway;
[11:32:10] [main/DEBUG]: Skipping Lnet/minecraft/tileentity/TileEntityEndPortal;
[11:32:10] [main/DEBUG]: Skipping Lnet/minecraft/tileentity/TileEntityStructure$1;
[11:32:10] [main/DEBUG]: Skipping Lnet/minecraft/tileentity/TileEntityStructure$2;
[11:32:10] [main/DEBUG]: Skipping Lnet/minecraft/tileentity/TileEntityStructure$Mode;
[11:32:10] [main/DEBUG]: Skipping Lnet/minecraft/tileentity/TileEntityChest$1;
[11:32:10] [main/DEBUG]: Skipping Lnet/minecraft/tileentity/TileEntityPiston$1;
[11:32:10] [main/DEBUG]: Skipping Lnet/minecraft/tileentity/TileEntityPiston$2;
[11:32:10] [main/DEBUG]: Skipping Lnet/minecraft/tileentity/TileEntityShulkerBox$1;
[11:32:10] [main/DEBUG]: Skipping Lnet/minecraft/tileentity/TileEntityShulkerBox$AnimationStatus;
[11:32:10] [main/DEBUG]: Skipping Lnet/minecraft/tileentity/TileEntityBeacon$BeamSegment;
[11:32:10] [main/DEBUG]: Skipping Lnet/minecraft/tileentity/TileEntitySign$1;
[11:32:10] [main/DEBUG]: Skipping Lnet/minecraft/tileentity/TileEntitySign$2;
[11:32:10] [main/DEBUG]: Skipping Lnet/minecraft/tileentity/TileEntity$1;
[11:32:10] [main/DEBUG]: Skipping Lnet/minecraft/tileentity/TileEntity$2;
[11:32:10] [main/DEBUG]: Skipping Lnet/minecraft/tileentity/TileEntity$3;
[11:32:10] [main/DEBUG]: Skipping Lnet/minecraft/tileentity/MobSpawnerBaseLogic;
[11:32:10] [main/DEBUG]: Skipping Lnet/minecraft/tileentity/TileEntityBeacon;
[11:32:10] [main/DEBUG]: Transforming class Lnet/minecraft/tileentity/TileEntity;
[11:32:10] [main/DEBUG]: Transforming net.minecraft.tileentity.TileEntity METHOD func_190560_a(Ljava/lang/String;Ljava/lang/Class;)V to access PUBLIC and LEAVE
[11:32:10] [main/DEBUG]: Skipping Lnet/minecraft/tileentity/TileEntityBrewingStand;
[11:32:10] [main/DEBUG]: Skipping Lnet/minecraft/tileentity/TileEntityChest;
[11:32:10] [main/DEBUG]: Skipping Lnet/minecraft/tileentity/TileEntityFurnace;
[11:32:10] [main/DEBUG]: Transforming class Lnet/minecraft/tileentity/TileEntityHopper;
[11:32:10] [main/DEBUG]: Transforming net.minecraft.tileentity.TileEntityHopper METHOD func_145887_i()Z to access PROTECTED and LEAVE
[11:32:10] [main/DEBUG]: Transforming net.minecraft.tileentity.TileEntityHopper METHOD func_145896_c(I)V to access PUBLIC and LEAVE
[11:32:10] [main/DEBUG]: Transforming net.minecraft.tileentity.TileEntityHopper METHOD func_174914_o()Z to access PUBLIC and LEAVE
[11:32:10] [main/DEBUG]: Skipping Lnet/minecraft/tileentity/TileEntityLockable;
[11:32:10] [main/DEBUG]: Skipping Lnet/minecraft/tileentity/TileEntityNote;
[11:32:10] [main/DEBUG]: Skipping Lnet/minecraft/tileentity/TileEntityLockableLoot;
[11:32:10] [main/DEBUG]: Skipping Lnet/minecraft/tileentity/TileEntityShulkerBox;
[11:32:10] [main/DEBUG]: Skipping Lnet/minecraft/tileentity/TileEntitySign;
[11:32:10] [main/DEBUG]: Skipping Lnet/minecraft/tileentity/TileEntityPiston;
[11:32:10] [main/DEBUG]: Skipping Lnet/minecraft/server/package-info;
[11:32:10] [main/DEBUG]: Skipping Lnet/minecraft/server/ServerEula;
[11:32:10] [main/DEBUG]: Skipping Lnet/minecraft/server/DebugLoggingPrintStream;
[11:32:10] [main/DEBUG]: Skipping Lnet/minecraft/server/gui/package-info;
[11:32:10] [main/DEBUG]: Skipping Lnet/minecraft/server/gui/PlayerListComponent;
[11:32:10] [main/DEBUG]: Skipping Lnet/minecraft/server/gui/StatsComponent;
[11:32:10] [main/DEBUG]: Skipping Lnet/minecraft/server/gui/StatsComponent$1;
[11:32:10] [main/DEBUG]: Skipping Lnet/minecraft/server/gui/MinecraftServerGui$1;
[11:32:10] [main/DEBUG]: Skipping Lnet/minecraft/server/gui/MinecraftServerGui$2;
[11:32:10] [main/DEBUG]: Skipping Lnet/minecraft/server/gui/MinecraftServerGui$3;
[11:32:10] [main/DEBUG]: Skipping Lnet/minecraft/server/gui/MinecraftServerGui$4;
[11:32:10] [main/DEBUG]: Skipping Lnet/minecraft/server/gui/MinecraftServerGui$5;
[11:32:10] [main/DEBUG]: Skipping Lnet/minecraft/server/gui/MinecraftServerGui;
[11:32:10] [main/DEBUG]: Skipping Lnet/minecraft/server/dedicated/package-info;
[11:32:10] [main/DEBUG]: Skipping Lnet/minecraft/server/dedicated/PendingCommand;
[11:32:10] [main/DEBUG]: Skipping Lnet/minecraft/server/dedicated/PropertyManager;
[11:32:10] [main/DEBUG]: Skipping Lnet/minecraft/server/dedicated/DedicatedPlayerList;
[11:32:10] [main/DEBUG]: Transforming class Lnet/minecraft/server/dedicated/DedicatedServer;
[11:32:10] [main/DEBUG]: Transforming net.minecraft.server.dedicated.DedicatedServer FIELD field_71341_l to access PUBLIC and LEAVE
[11:32:10] [main/DEBUG]: Skipping Lnet/minecraft/server/dedicated/ServerHangWatchdog;
[11:32:10] [main/DEBUG]: Skipping Lnet/minecraft/server/dedicated/ServerHangWatchdog$1;
[11:32:10] [main/DEBUG]: Skipping Lnet/minecraft/server/dedicated/DedicatedServer$1;
[11:32:10] [main/DEBUG]: Skipping Lnet/minecraft/server/dedicated/DedicatedServer$2;
[11:32:10] [main/DEBUG]: Skipping Lnet/minecraft/server/dedicated/DedicatedServer$3;
[11:32:10] [main/DEBUG]: Skipping Lnet/minecraft/server/dedicated/DedicatedServer$4;
[11:32:10] [main/DEBUG]: Skipping Lnet/minecraft/server/MinecraftServer$2;
[11:32:10] [main/DEBUG]: Transforming class Lnet/minecraft/server/MinecraftServer;
[11:32:10] [main/DEBUG]: Transforming net.minecraft.server.MinecraftServer FIELD field_175591_ab to access PROTECTED and LEAVE
[11:32:10] [main/DEBUG]: Skipping Lnet/minecraft/server/MinecraftServer$1;
[11:32:10] [main/DEBUG]: Skipping Lnet/minecraft/server/MinecraftServer$3;
[11:32:10] [main/DEBUG]: Skipping Lnet/minecraft/server/MinecraftServer$4;
[11:32:10] [main/DEBUG]: Skipping Lnet/minecraft/server/integrated/package-info;
[11:32:10] [main/DEBUG]: Skipping Lnet/minecraft/server/integrated/IntegratedPlayerList;
[11:32:10] [main/DEBUG]: Skipping Lnet/minecraft/server/integrated/IntegratedServerCommandManager;
[11:32:10] [main/DEBUG]: Skipping Lnet/minecraft/server/integrated/IntegratedServer;
[11:32:10] [main/DEBUG]: Skipping Lnet/minecraft/server/integrated/IntegratedServer$1;
[11:32:10] [main/DEBUG]: Skipping Lnet/minecraft/server/integrated/IntegratedServer$2;
[11:32:10] [main/DEBUG]: Skipping Lnet/minecraft/server/integrated/IntegratedServer$3;
[11:32:10] [main/DEBUG]: Skipping Lnet/minecraft/server/management/package-info;
[11:32:10] [main/DEBUG]: Skipping Lnet/minecraft/server/management/PreYggdrasilConverter$2;
[11:32:10] [main/DEBUG]: Skipping Lnet/minecraft/server/management/PreYggdrasilConverter$3;
[11:32:10] [main/DEBUG]: Skipping Lnet/minecraft/server/management/PreYggdrasilConverter$4;
[11:32:10] [main/DEBUG]: Skipping Lnet/minecraft/server/management/PreYggdrasilConverter$6;
[11:32:10] [main/DEBUG]: Skipping Lnet/minecraft/server/management/PreYggdrasilConverter$ConversionError;
[11:32:10] [main/DEBUG]: Skipping Lnet/minecraft/server/management/PreYggdrasilConverter$1;
[11:32:10] [main/DEBUG]: Skipping Lnet/minecraft/server/management/PreYggdrasilConverter$5;
[11:32:10] [main/DEBUG]: Skipping Lnet/minecraft/server/management/DemoPlayerInteractionManager;
[11:32:10] [main/DEBUG]: Skipping Lnet/minecraft/server/management/PlayerChunkMap;
[11:32:10] [main/DEBUG]: Skipping Lnet/minecraft/server/management/UserListEntryBan;
[11:32:10] [main/DEBUG]: Skipping Lnet/minecraft/server/management/PlayerProfileCache;
[11:32:10] [main/DEBUG]: Skipping Lnet/minecraft/server/management/UserListIPBans;
[11:32:10] [main/DEBUG]: Skipping Lnet/minecraft/server/management/UserListIPBansEntry;
[11:32:10] [main/DEBUG]: Skipping Lnet/minecraft/server/management/PreYggdrasilConverter;
[11:32:10] [main/DEBUG]: Skipping Lnet/minecraft/server/management/UserListOps;
[11:32:10] [main/DEBUG]: Skipping Lnet/minecraft/server/management/UserListOpsEntry;
[11:32:10] [main/DEBUG]: Skipping Lnet/minecraft/server/management/UserListEntry;
[11:32:10] [main/DEBUG]: Skipping Lnet/minecraft/server/management/UserList;
[11:32:10] [main/DEBUG]: Skipping Lnet/minecraft/server/management/UserListBans;
[11:32:10] [main/DEBUG]: Skipping Lnet/minecraft/server/management/UserListBansEntry;
[11:32:10] [main/DEBUG]: Skipping Lnet/minecraft/server/management/UserListWhitelist;
[11:32:10] [main/DEBUG]: Skipping Lnet/minecraft/server/management/UserListWhitelistEntry;
[11:32:10] [main/DEBUG]: Skipping Lnet/minecraft/server/management/PlayerProfileCache$1;
[11:32:10] [main/DEBUG]: Skipping Lnet/minecraft/server/management/PlayerProfileCache$2;
[11:32:10] [main/DEBUG]: Skipping Lnet/minecraft/server/management/PlayerProfileCache$ProfileEntry;
[11:32:10] [main/DEBUG]: Skipping Lnet/minecraft/server/management/PlayerProfileCache$Serializer;
[11:32:10] [main/DEBUG]: Skipping Lnet/minecraft/server/management/PlayerChunkMap$1;
[11:32:10] [main/DEBUG]: Skipping Lnet/minecraft/server/management/PlayerChunkMap$2;
[11:32:10] [main/DEBUG]: Skipping Lnet/minecraft/server/management/PlayerChunkMap$3;
[11:32:10] [main/DEBUG]: Skipping Lnet/minecraft/server/management/PlayerChunkMap$4;
[11:32:10] [main/DEBUG]: Skipping Lnet/minecraft/server/management/PlayerChunkMap$5;
[11:32:10] [main/DEBUG]: Skipping Lnet/minecraft/server/management/UserList$1;
[11:32:10] [main/DEBUG]: Skipping Lnet/minecraft/server/management/UserList$Serializer;
[11:32:10] [main/DEBUG]: Skipping Lnet/minecraft/server/management/PlayerChunkMapEntry$1;
[11:32:10] [main/DEBUG]: Skipping Lnet/minecraft/server/management/PlayerList$1;
[11:32:10] [main/DEBUG]: Skipping Lnet/minecraft/server/management/PlayerInteractionManager;
[11:32:10] [main/DEBUG]: Transforming class Lnet/minecraft/server/management/PlayerChunkMapEntry;
[11:32:10] [main/DEBUG]: Transforming net.minecraft.server.management.PlayerChunkMapEntry FIELD field_187285_e to access PRIVATE and REMOVEFINAL
[11:32:10] [main/DEBUG]: Skipping Lnet/minecraft/server/management/PlayerList;
[11:32:10] [main/DEBUG]: Skipping Lnet/minecraft/server/network/package-info;
[11:32:10] [main/DEBUG]: Skipping Lnet/minecraft/server/network/NetHandlerStatusServer;
[11:32:10] [main/DEBUG]: Skipping Lnet/minecraft/server/network/NetHandlerHandshakeTCP;
[11:32:10] [main/DEBUG]: Skipping Lnet/minecraft/server/network/NetHandlerLoginServer;
[11:32:10] [main/DEBUG]: Skipping Lnet/minecraft/server/network/NetHandlerHandshakeTCP$1;
[11:32:10] [main/DEBUG]: Skipping Lnet/minecraft/server/network/NetHandlerLoginServer$1;
[11:32:10] [main/DEBUG]: Skipping Lnet/minecraft/server/network/NetHandlerLoginServer$2;
[11:32:10] [main/DEBUG]: Skipping Lnet/minecraft/server/network/NetHandlerLoginServer$LoginState;
[11:32:10] [main/DEBUG]: Skipping Lnet/minecraft/pathfinding/package-info;
[11:32:10] [main/DEBUG]: Skipping Lnet/minecraft/pathfinding/PathNavigateFlying;
[11:32:10] [main/DEBUG]: Skipping Lnet/minecraft/pathfinding/PathNavigateGround;
[11:32:10] [main/DEBUG]: Skipping Lnet/minecraft/pathfinding/PathNavigate;
[11:32:10] [main/DEBUG]: Skipping Lnet/minecraft/pathfinding/PathWorldListener;
[11:32:10] [main/DEBUG]: Skipping Lnet/minecraft/pathfinding/PathNavigateClimber;
[11:32:10] [main/DEBUG]: Skipping Lnet/minecraft/pathfinding/PathNavigateSwimmer;
[11:32:10] [main/DEBUG]: Skipping Lnet/minecraft/pathfinding/PathHeap;
[11:32:10] [main/DEBUG]: Skipping Lnet/minecraft/pathfinding/PathNodeType;
[11:32:10] [main/DEBUG]: Skipping Lnet/minecraft/pathfinding/PathPoint;
[11:32:10] [main/DEBUG]: Skipping Lnet/minecraft/pathfinding/NodeProcessor;
[11:32:10] [main/DEBUG]: Skipping Lnet/minecraft/pathfinding/Path;
[11:32:10] [main/DEBUG]: Skipping Lnet/minecraft/pathfinding/PathFinder;
[11:32:10] [main/DEBUG]: Skipping Lnet/minecraft/pathfinding/SwimNodeProcessor;
[11:32:10] [main/DEBUG]: Skipping Lnet/minecraft/pathfinding/FlyingNodeProcessor;
[11:32:10] [main/DEBUG]: Skipping Lnet/minecraft/pathfinding/WalkNodeProcessor;
[11:32:10] [main/DEBUG]: Skipping Lnet/minecraft/inventory/package-info;
[11:32:10] [main/DEBUG]: Skipping Lnet/minecraft/inventory/EntityEquipmentSlot$Type;
[11:32:10] [main/DEBUG]: Skipping Lnet/minecraft/inventory/InventoryLargeChest;
[11:32:10] [main/DEBUG]: Skipping Lnet/minecraft/inventory/IInventory;
[11:32:10] [main/DEBUG]: Skipping Lnet/minecraft/inventory/ItemStackHelper;
[11:32:10] [main/DEBUG]: Skipping Lnet/minecraft/inventory/IInventoryChangedListener;
[11:32:10] [main/DEBUG]: Skipping Lnet/minecraft/inventory/InventoryHelper;
[11:32:10] [main/DEBUG]: Skipping Lnet/minecraft/inventory/InventoryBasic;
[11:32:10] [main/DEBUG]: Skipping Lnet/minecraft/inventory/ISidedInventory;
[11:32:10] [main/DEBUG]: Skipping Lnet/minecraft/inventory/EntityEquipmentSlot;
[11:32:10] [main/DEBUG]: Skipping Lnet/minecraft/inventory/ContainerHorseInventory$1;
[11:32:10] [main/DEBUG]: Skipping Lnet/minecraft/inventory/ContainerHorseInventory$2;
[11:32:10] [main/DEBUG]: Skipping Lnet/minecraft/inventory/ContainerChest;
[11:32:10] [main/DEBUG]: Skipping Lnet/minecraft/inventory/ClickType;
[11:32:10] [main/DEBUG]: Skipping Lnet/minecraft/inventory/IContainerListener;
[11:32:10] [main/DEBUG]: Skipping Lnet/minecraft/inventory/InventoryCrafting;
[11:32:10] [main/DEBUG]: Skipping Lnet/minecraft/inventory/ContainerWorkbench;
[11:32:10] [main/DEBUG]: Skipping Lnet/minecraft/inventory/ContainerDispenser;
[11:32:10] [main/DEBUG]: Skipping Lnet/minecraft/inventory/SlotFurnaceFuel;
[11:32:10] [main/DEBUG]: Skipping Lnet/minecraft/inventory/ContainerFurnace;
[11:32:10] [main/DEBUG]: Skipping Lnet/minecraft/inventory/ContainerHopper;
[11:32:10] [main/DEBUG]: Skipping Lnet/minecraft/inventory/ContainerHorseChest;
[11:32:10] [main/DEBUG]: Skipping Lnet/minecraft/inventory/ContainerHorseInventory;
[11:32:10] [main/DEBUG]: Skipping Lnet/minecraft/inventory/InventoryMerchant;
[11:32:10] [main/DEBUG]: Skipping Lnet/minecraft/inventory/ContainerMerchant;
[11:32:10] [main/DEBUG]: Skipping Lnet/minecraft/inventory/SlotMerchantResult;
[11:32:10] [main/DEBUG]: Skipping Lnet/minecraft/inventory/InventoryEnderChest;
[11:32:10] [main/DEBUG]: Skipping Lnet/minecraft/inventory/InventoryCraftResult;
[11:32:10] [main/DEBUG]: Skipping Lnet/minecraft/inventory/ContainerShulkerBox;
[11:32:10] [main/DEBUG]: Skipping Lnet/minecraft/inventory/SlotShulkerBox;
[11:32:11] [main/DEBUG]: Skipping Lnet/minecraft/inventory/ContainerRepair$1;
[11:32:11] [main/DEBUG]: Skipping Lnet/minecraft/inventory/ContainerRepair$2;
[11:32:11] [main/DEBUG]: Skipping Lnet/minecraft/inventory/ContainerRepair$3;
[11:32:11] [main/DEBUG]: Skipping Lnet/minecraft/inventory/ContainerBeacon$BeaconSlot;
[11:32:11] [main/DEBUG]: Skipping Lnet/minecraft/inventory/Container;
[11:32:11] [main/DEBUG]: Transforming class Lnet/minecraft/inventory/ContainerRepair;
[11:32:11] [main/DEBUG]: Transforming net.minecraft.inventory.ContainerRepair FIELD field_82856_l to access PUBLIC and LEAVE
[11:32:11] [main/DEBUG]: Skipping Lnet/minecraft/inventory/ContainerBeacon;
[11:32:11] [main/DEBUG]: Skipping Lnet/minecraft/inventory/ContainerBrewingStand;
[11:32:11] [main/DEBUG]: Skipping Lnet/minecraft/inventory/ContainerEnchantment;
[11:32:11] [main/DEBUG]: Skipping Lnet/minecraft/inventory/SlotFurnaceOutput;
[11:32:11] [main/DEBUG]: Skipping Lnet/minecraft/inventory/ContainerPlayer;
[11:32:11] [main/DEBUG]: Skipping Lnet/minecraft/inventory/SlotCrafting;
[11:32:11] [main/DEBUG]: Skipping Lnet/minecraft/inventory/Slot;
[11:32:11] [main/DEBUG]: Skipping Lnet/minecraft/inventory/ContainerEnchantment$1;
[11:32:11] [main/DEBUG]: Skipping Lnet/minecraft/inventory/ContainerEnchantment$2;
[11:32:11] [main/DEBUG]: Skipping Lnet/minecraft/inventory/ContainerEnchantment$3;
[11:32:11] [main/DEBUG]: Skipping Lnet/minecraft/inventory/ContainerPlayer$1;
[11:32:11] [main/DEBUG]: Skipping Lnet/minecraft/inventory/ContainerPlayer$2;
[11:32:11] [main/DEBUG]: Skipping Lnet/minecraft/inventory/ContainerBrewingStand$Fuel;
[11:32:11] [main/DEBUG]: Skipping Lnet/minecraft/inventory/ContainerBrewingStand$Ingredient;
[11:32:11] [main/DEBUG]: Skipping Lnet/minecraft/inventory/ContainerBrewingStand$Potion;
[11:32:11] [main/DEBUG]: Skipping Lnet/minecraft/item/package-info;
[11:32:11] [main/DEBUG]: Skipping Lnet/minecraft/item/ItemClock$1;
[11:32:11] [main/DEBUG]: Skipping Lnet/minecraft/item/ItemMultiTexture$1;
[11:32:11] [main/DEBUG]: Skipping Lnet/minecraft/item/ItemMultiTexture$Mapper;
[11:32:11] [main/DEBUG]: Skipping Lnet/minecraft/item/ItemGlassBottle$1;
[11:32:11] [main/DEBUG]: Skipping Lnet/minecraft/item/ItemFishFood$FishType;
[11:32:11] [main/DEBUG]: Skipping Lnet/minecraft/item/ItemFishingRod$1;
[11:32:11] [main/DEBUG]: Skipping Lnet/minecraft/item/ItemCompass$1;
[11:32:11] [main/DEBUG]: Skipping Lnet/minecraft/item/ItemAir;
[11:32:11] [main/DEBUG]: Skipping Lnet/minecraft/item/ItemAnvilBlock;
[11:32:11] [main/DEBUG]: Skipping Lnet/minecraft/item/ItemArmorStand;
[11:32:11] [main/DEBUG]: Skipping Lnet/minecraft/item/ItemBanner;
[11:32:11] [main/DEBUG]: Skipping Lnet/minecraft/item/ItemBoat;
[11:32:11] [main/DEBUG]: Skipping Lnet/minecraft/item/ItemBook;
[11:32:11] [main/DEBUG]: Skipping Lnet/minecraft/item/ItemGlassBottle;
[11:32:11] [main/DEBUG]: Skipping Lnet/minecraft/item/ItemSoup;
[11:32:11] [main/DEBUG]: Skipping Lnet/minecraft/item/ItemCarrotOnAStick;
[11:32:11] [main/DEBUG]: Skipping Lnet/minecraft/item/ItemChorusFruit;
[11:32:11] [main/DEBUG]: Skipping Lnet/minecraft/item/ItemClock;
[11:32:11] [main/DEBUG]: Skipping Lnet/minecraft/item/ItemCoal;
[11:32:11] [main/DEBUG]: Skipping Lnet/minecraft/item/ItemCompass;
[11:32:11] [main/DEBUG]: Skipping Lnet/minecraft/item/ItemMapBase;
[11:32:11] [main/DEBUG]: Skipping Lnet/minecraft/item/EnumDyeColor;
[11:32:11] [main/DEBUG]: Skipping Lnet/minecraft/item/ItemCloth;
[11:32:11] [main/DEBUG]: Skipping Lnet/minecraft/item/ItemEgg;
[11:32:11] [main/DEBUG]: Skipping Lnet/minecraft/item/ItemElytra;
[11:32:11] [main/DEBUG]: Skipping Lnet/minecraft/item/ItemEmptyMap;
[11:32:11] [main/DEBUG]: Skipping Lnet/minecraft/item/ItemEnchantedBook;
[11:32:11] [main/DEBUG]: Skipping Lnet/minecraft/item/ItemEndCrystal;
[11:32:11] [main/DEBUG]: Skipping Lnet/minecraft/item/ItemEnderEye;
[11:32:11] [main/DEBUG]: Skipping Lnet/minecraft/item/ItemEnderPearl;
[11:32:11] [main/DEBUG]: Skipping Lnet/minecraft/item/ItemExpBottle;
[11:32:11] [main/DEBUG]: Skipping Lnet/minecraft/item/ItemFireball;
[11:32:11] [main/DEBUG]: Skipping Lnet/minecraft/item/ItemFireworkCharge;
[11:32:11] [main/DEBUG]: Skipping Lnet/minecraft/item/ItemFirework;
[11:32:11] [main/DEBUG]: Skipping Lnet/minecraft/item/ItemFishFood;
[11:32:11] [main/DEBUG]: Skipping Lnet/minecraft/item/ItemFishingRod;
[11:32:11] [main/DEBUG]: Skipping Lnet/minecraft/item/ItemFood;
[11:32:11] [main/DEBUG]: Skipping Lnet/minecraft/item/ItemAppleGold;
[11:32:11] [main/DEBUG]: Skipping Lnet/minecraft/item/ItemHangingEntity;
[11:32:11] [main/DEBUG]: Skipping Lnet/minecraft/item/IItemPropertyGetter;
[11:32:11] [main/DEBUG]: Skipping Lnet/minecraft/item/ItemKnowledgeBook;
[11:32:11] [main/DEBUG]: Skipping Lnet/minecraft/item/ItemLead;
[11:32:11] [main/DEBUG]: Skipping Lnet/minecraft/item/ItemLeaves;
[11:32:11] [main/DEBUG]: Skipping Lnet/minecraft/item/ItemLingeringPotion;
[11:32:11] [main/DEBUG]: Skipping Lnet/minecraft/item/ItemMultiTexture;
[11:32:11] [main/DEBUG]: Skipping Lnet/minecraft/item/ItemNameTag;
[11:32:11] [main/DEBUG]: Skipping Lnet/minecraft/item/ItemPickaxe;
[11:32:11] [main/DEBUG]: Skipping Lnet/minecraft/item/ItemPiston;
[11:32:11] [main/DEBUG]: Skipping Lnet/minecraft/item/ItemPotion;
[11:32:11] [main/DEBUG]: Skipping Lnet/minecraft/item/ItemRecord;
[11:32:11] [main/DEBUG]: Skipping Lnet/minecraft/item/ItemSaddle;
[11:32:11] [main/DEBUG]: Skipping Lnet/minecraft/item/ItemShield;
[11:32:11] [main/DEBUG]: Skipping Lnet/minecraft/item/ItemSpade;
[11:32:11] [main/DEBUG]: Skipping Lnet/minecraft/item/ItemShulkerBox;
[11:32:11] [main/DEBUG]: Skipping Lnet/minecraft/item/ItemSign;
[11:32:11] [main/DEBUG]: Skipping Lnet/minecraft/item/ItemSimpleFoiled;
[11:32:11] [main/DEBUG]: Skipping Lnet/minecraft/item/ItemSnowball;
[11:32:11] [main/DEBUG]: Skipping Lnet/minecraft/item/ItemSpectralArrow;
[11:32:11] [main/DEBUG]: Skipping Lnet/minecraft/item/ItemSplashPotion;
[11:32:11] [main/DEBUG]: Skipping Lnet/minecraft/item/ItemColored;
[11:32:11] [main/DEBUG]: Skipping Lnet/minecraft/item/ItemTippedArrow;
[11:32:11] [main/DEBUG]: Skipping Lnet/minecraft/item/EnumAction;
[11:32:11] [main/DEBUG]: Skipping Lnet/minecraft/item/ItemWritableBook;
[11:32:11] [main/DEBUG]: Skipping Lnet/minecraft/item/ItemWrittenBook;
[11:32:11] [main/DEBUG]: Skipping Lnet/minecraft/item/ItemElytra$1;
[11:32:11] [main/DEBUG]: Skipping Lnet/minecraft/item/ItemShield$1;
[11:32:11] [main/DEBUG]: Skipping Lnet/minecraft/item/Item$22;
[11:32:11] [main/DEBUG]: Skipping Lnet/minecraft/item/ItemMinecart$1;
[11:32:11] [main/DEBUG]: Skipping Lnet/minecraft/item/ItemHoe$1;
[11:32:11] [main/DEBUG]: Skipping Lnet/minecraft/item/Item$18;
[11:32:11] [main/DEBUG]: Skipping Lnet/minecraft/item/Item$19;
[11:32:11] [main/DEBUG]: Skipping Lnet/minecraft/item/Item$2;
[11:32:11] [main/DEBUG]: Skipping Lnet/minecraft/item/Item$20;
[11:32:11] [main/DEBUG]: Skipping Lnet/minecraft/item/Item$21;
[11:32:11] [main/DEBUG]: Skipping Lnet/minecraft/item/Item$3;
[11:32:11] [main/DEBUG]: Skipping Lnet/minecraft/item/Item$4;
[11:32:11] [main/DEBUG]: Skipping Lnet/minecraft/item/Item$5;
[11:32:11] [main/DEBUG]: Skipping Lnet/minecraft/item/Item$6;
[11:32:11] [main/DEBUG]: Skipping Lnet/minecraft/item/Item$7;
[11:32:11] [main/DEBUG]: Skipping Lnet/minecraft/item/Item$8;
[11:32:11] [main/DEBUG]: Skipping Lnet/minecraft/item/Item$9;
[11:32:11] [main/DEBUG]: Skipping Lnet/minecraft/item/Item$1;
[11:32:11] [main/DEBUG]: Skipping Lnet/minecraft/item/Item$10;
[11:32:11] [main/DEBUG]: Skipping Lnet/minecraft/item/Item$11;
[11:32:11] [main/DEBUG]: Skipping Lnet/minecraft/item/Item$12;
[11:32:11] [main/DEBUG]: Skipping Lnet/minecraft/item/Item$13;
[11:32:11] [main/DEBUG]: Skipping Lnet/minecraft/item/Item$14;
[11:32:11] [main/DEBUG]: Skipping Lnet/minecraft/item/Item$15;
[11:32:11] [main/DEBUG]: Skipping Lnet/minecraft/item/Item$16;
[11:32:11] [main/DEBUG]: Skipping Lnet/minecraft/item/Item$17;
[11:32:11] [main/DEBUG]: Skipping Lnet/minecraft/item/Item$ToolMaterial;
[11:32:11] [main/DEBUG]: Skipping Lnet/minecraft/item/ItemBow$1;
[11:32:11] [main/DEBUG]: Skipping Lnet/minecraft/item/ItemBow$2;
[11:32:11] [main/DEBUG]: Skipping Lnet/minecraft/item/ItemArmor;
[11:32:11] [main/DEBUG]: Skipping Lnet/minecraft/item/ItemArrow;
[11:32:11] [main/DEBUG]: Skipping Lnet/minecraft/item/ItemAxe;
[11:32:11] [main/DEBUG]: Skipping Lnet/minecraft/item/ItemBed;
[11:32:11] [main/DEBUG]: Skipping Lnet/minecraft/item/ItemBlock;
[11:32:11] [main/DEBUG]: Skipping Lnet/minecraft/item/ItemBlockSpecial;
[11:32:11] [main/DEBUG]: Transforming class Lnet/minecraft/item/ItemBow;
[11:32:11] [main/DEBUG]: Transforming net.minecraft.item.ItemBow METHOD func_185060_a(Lnet/minecraft/entity/player/EntityPlayer;)Lnet/minecraft/item/ItemStack; to access PROTECTED and LEAVE
[11:32:11] [main/DEBUG]: Skipping Lnet/minecraft/item/ItemBucket;
[11:32:11] [main/DEBUG]: Skipping Lnet/minecraft/item/ItemTool;
[11:32:11] [main/DEBUG]: Skipping Lnet/minecraft/item/ItemDoor;
[11:32:11] [main/DEBUG]: Skipping Lnet/minecraft/item/ItemDye;
[11:32:11] [main/DEBUG]: Skipping Lnet/minecraft/item/ItemFlintAndSteel;
[11:32:11] [main/DEBUG]: Skipping Lnet/minecraft/item/ItemHoe;
[11:32:11] [main/DEBUG]: Transforming class Lnet/minecraft/item/Item;
[11:32:11] [main/DEBUG]: Transforming net.minecraft.item.Item METHOD func_77627_a(Z)Lnet/minecraft/item/Item; to access PUBLIC and LEAVE
[11:32:11] [main/DEBUG]: Transforming net.minecraft.item.Item METHOD func_77656_e(I)Lnet/minecraft/item/Item; to access PUBLIC and LEAVE
[11:32:11] [main/DEBUG]: Transforming class Lnet/minecraft/item/ItemStack;
[11:32:11] [main/DEBUG]: Transforming net.minecraft.item.ItemStack FIELD field_77991_e to access DEFAULT and LEAVE
[11:32:11] [main/DEBUG]: Skipping Lnet/minecraft/item/ItemMap;
[11:32:11] [main/DEBUG]: Skipping Lnet/minecraft/item/ItemBucketMilk;
[11:32:11] [main/DEBUG]: Skipping Lnet/minecraft/item/ItemMinecart;
[11:32:11] [main/DEBUG]: Skipping Lnet/minecraft/item/EnumRarity;
[11:32:11] [main/DEBUG]: Skipping Lnet/minecraft/item/ItemRedstone;
[11:32:11] [main/DEBUG]: Skipping Lnet/minecraft/item/ItemSeedFood;
[11:32:11] [main/DEBUG]: Skipping Lnet/minecraft/item/ItemSeeds;
[11:32:11] [main/DEBUG]: Skipping Lnet/minecraft/item/ItemShears;
[11:32:11] [main/DEBUG]: Skipping Lnet/minecraft/item/ItemSkull;
[11:32:11] [main/DEBUG]: Skipping Lnet/minecraft/item/ItemSlab;
[11:32:11] [main/DEBUG]: Skipping Lnet/minecraft/item/ItemSnow;
[11:32:11] [main/DEBUG]: Skipping Lnet/minecraft/item/ItemMonsterPlacer;
[11:32:11] [main/DEBUG]: Skipping Lnet/minecraft/item/ItemSword;
[11:32:11] [main/DEBUG]: Skipping Lnet/minecraft/item/ItemLilyPad;
[11:32:11] [main/DEBUG]: Skipping Lnet/minecraft/item/ItemArmor$1;
[11:32:11] [main/DEBUG]: Skipping Lnet/minecraft/item/ItemArmor$ArmorMaterial;
[11:32:11] [main/DEBUG]: Skipping Lnet/minecraft/item/crafting/package-info;
[11:32:11] [main/DEBUG]: Skipping Lnet/minecraft/item/crafting/RecipesMapExtending;
[11:32:11] [main/DEBUG]: Skipping Lnet/minecraft/item/crafting/Ingredient$1;
[11:32:11] [main/DEBUG]: Skipping Lnet/minecraft/item/crafting/RecipesArmorDyes;
[11:32:11] [main/DEBUG]: Transforming class Lnet/minecraft/item/crafting/RecipesBanners;
[11:32:11] [main/DEBUG]: Transforming net.minecraft.item.crafting.RecipesBanners INNERCLASS RecipeDuplicatePattern to access PUBLIC and LEAVE
[11:32:11] [main/DEBUG]: Transforming net.minecraft.item.crafting.RecipesBanners INNERCLASS RecipeAddPattern to access PUBLIC and LEAVE
[11:32:11] [main/DEBUG]: Skipping Lnet/minecraft/item/crafting/RecipeBookCloning;
[11:32:11] [main/DEBUG]: Skipping Lnet/minecraft/item/crafting/RecipeFireworks;
[11:32:11] [main/DEBUG]: Skipping Lnet/minecraft/item/crafting/FurnaceRecipes;
[11:32:11] [main/DEBUG]: Transforming class Lnet/minecraft/item/crafting/Ingredient;
[11:32:11] [main/DEBUG]: Transforming net.minecraft.item.crafting.Ingredient METHOD <init>([Lnet/minecraft/item/ItemStack;)V to access PROTECTED and LEAVE
[11:32:11] [main/DEBUG]: Skipping Lnet/minecraft/item/crafting/RecipesMapCloning;
[11:32:11] [main/DEBUG]: Skipping Lnet/minecraft/item/crafting/IRecipe;
[11:32:11] [main/DEBUG]: Skipping Lnet/minecraft/item/crafting/CraftingManager;
[11:32:11] [main/DEBUG]: Skipping Lnet/minecraft/item/crafting/RecipeRepairItem;
[11:32:11] [main/DEBUG]: Transforming class Lnet/minecraft/item/crafting/ShapedRecipes;
[11:32:11] [main/DEBUG]: Transforming net.minecraft.item.crafting.ShapedRecipes FIELD field_77576_b to access PUBLIC and MAKEFINAL
[11:32:11] [main/DEBUG]: Transforming net.minecraft.item.crafting.ShapedRecipes FIELD field_77577_c to access PUBLIC and MAKEFINAL
[11:32:11] [main/DEBUG]: Transforming net.minecraft.item.crafting.ShapedRecipes FIELD field_77574_d to access PUBLIC and MAKEFINAL
[11:32:11] [main/DEBUG]: Transforming class Lnet/minecraft/item/crafting/ShieldRecipes$Decoration;
[11:32:11] [main/DEBUG]: Transforming net.minecraft.item.crafting.ShieldRecipes$Decoration CLASS to access PUBLIC and LEAVE
[11:32:11] [main/DEBUG]: Transforming class Lnet/minecraft/item/crafting/ShapelessRecipes;
[11:32:11] [main/DEBUG]: Transforming net.minecraft.item.crafting.ShapelessRecipes FIELD field_77579_b to access PUBLIC and LEAVE
[11:32:11] [main/DEBUG]: Transforming class Lnet/minecraft/item/crafting/ShieldRecipes;
[11:32:11] [main/DEBUG]: Transforming net.minecraft.item.crafting.ShieldRecipes INNERCLASS Decoration to access PUBLIC and LEAVE
[11:32:11] [main/DEBUG]: Skipping Lnet/minecraft/item/crafting/ShulkerBoxRecipes;
[11:32:11] [main/DEBUG]: Transforming class Lnet/minecraft/item/crafting/RecipeTippedArrow;
[11:32:11] [main/DEBUG]: Transforming net.minecraft.item.crafting.RecipeTippedArrow CLASS to access PUBLIC and LEAVE
[11:32:11] [main/DEBUG]: Transforming class Lnet/minecraft/item/crafting/RecipesBanners$RecipeAddPattern;
[11:32:11] [main/DEBUG]: Transforming net.minecraft.item.crafting.RecipesBanners$RecipeAddPattern CLASS to access PUBLIC and LEAVE
[11:32:11] [main/DEBUG]: Transforming class Lnet/minecraft/item/crafting/RecipesBanners$RecipeDuplicatePattern;
[11:32:11] [main/DEBUG]: Transforming net.minecraft.item.crafting.RecipesBanners$RecipeDuplicatePattern CLASS to access PUBLIC and LEAVE
[11:32:11] [main/DEBUG]: Skipping Lnet/minecraft/item/crafting/ShulkerBoxRecipes$ShulkerBoxColoring;
[11:32:11] [main/DEBUG]: Skipping Lnet/minecraft/command/package-info;
[11:32:11] [main/DEBUG]: Skipping Lnet/minecraft/command/CommandClone$StaticCloneData;
[11:32:11] [main/DEBUG]: Skipping Lnet/minecraft/command/AdvancementCommand$1;
[11:32:11] [main/DEBUG]: Skipping Lnet/minecraft/command/AdvancementCommand$ActionType;
[11:32:11] [main/DEBUG]: Skipping Lnet/minecraft/command/AdvancementCommand$Mode;
[11:32:11] [main/DEBUG]: Skipping Lnet/minecraft/command/AdvancementCommand$ActionType$1;
[11:32:11] [main/DEBUG]: Skipping Lnet/minecraft/command/AdvancementCommand$ActionType$2;
[11:32:11] [main/DEBUG]: Skipping Lnet/minecraft/command/CommandSpreadPlayers$Position;
[11:32:11] [main/DEBUG]: Skipping Lnet/minecraft/command/FunctionObject$CacheableFunction;
[11:32:11] [main/DEBUG]: Skipping Lnet/minecraft/command/FunctionObject$CommandEntry;
[11:32:11] [main/DEBUG]: Skipping Lnet/minecraft/command/FunctionObject$Entry;
[11:32:11] [main/DEBUG]: Skipping Lnet/minecraft/command/FunctionObject$FunctionEntry;
[11:32:11] [main/DEBUG]: Skipping Lnet/minecraft/command/ICommandListener;
[11:32:11] [main/DEBUG]: Skipping Lnet/minecraft/command/ICommand;
[11:32:11] [main/DEBUG]: Skipping Lnet/minecraft/command/ICommandManager;
[11:32:11] [main/DEBUG]: Skipping Lnet/minecraft/command/FunctionObject;
[11:32:11] [main/DEBUG]: Skipping Lnet/minecraft/command/ICommandSender;
[11:32:11] [main/DEBUG]: Skipping Lnet/minecraft/command/CommandSenderWrapper;
[11:32:11] [main/DEBUG]: Skipping Lnet/minecraft/command/CommandResultStats;
[11:32:11] [main/DEBUG]: Skipping Lnet/minecraft/command/AdvancementCommand;
[11:32:11] [main/DEBUG]: Skipping Lnet/minecraft/command/CommandBlockData;
[11:32:11] [main/DEBUG]: Skipping Lnet/minecraft/command/CommandClearInventory;
[11:32:11] [main/DEBUG]: Skipping Lnet/minecraft/command/CommandClone;
[11:32:11] [main/DEBUG]: Skipping Lnet/minecraft/command/CommandDebug;
[11:32:11] [main/DEBUG]: Skipping Lnet/minecraft/command/CommandDefaultGameMode;
[11:32:11] [main/DEBUG]: Skipping Lnet/minecraft/command/CommandEffect;
[11:32:11] [main/DEBUG]: Skipping Lnet/minecraft/command/CommandEnchant;
[11:32:11] [main/DEBUG]: Skipping Lnet/minecraft/command/CommandEntityData;
[11:32:11] [main/DEBUG]: Skipping Lnet/minecraft/command/CommandExecuteAt;
[11:32:11] [main/DEBUG]: Skipping Lnet/minecraft/command/CommandXP;
[11:32:11] [main/DEBUG]: Skipping Lnet/minecraft/command/CommandFunction;
[11:32:11] [main/DEBUG]: Skipping Lnet/minecraft/command/CommandDifficulty;
[11:32:11] [main/DEBUG]: Skipping Lnet/minecraft/command/CommandGameMode;
[11:32:11] [main/DEBUG]: Skipping Lnet/minecraft/command/CommandGive;
[11:32:11] [main/DEBUG]: Skipping Lnet/minecraft/command/CommandHelp;
[11:32:11] [main/DEBUG]: Skipping Lnet/minecraft/command/CommandServerKick;
[11:32:11] [main/DEBUG]: Skipping Lnet/minecraft/command/CommandKill;
[11:32:11] [main/DEBUG]: Skipping Lnet/minecraft/command/CommandLocate;
[11:32:11] [main/DEBUG]: Skipping Lnet/minecraft/command/CommandParticle;
[11:32:11] [main/DEBUG]: Skipping Lnet/minecraft/command/CommandPlaySound;
[11:32:11] [main/DEBUG]: Skipping Lnet/minecraft/command/RecipeCommand;
[11:32:11] [main/DEBUG]: Skipping Lnet/minecraft/command/CommandReload;
[11:32:11] [main/DEBUG]: Skipping Lnet/minecraft/command/CommandReplaceItem;
[11:32:11] [main/DEBUG]: Skipping Lnet/minecraft/command/ServerCommandManager;
[11:32:11] [main/DEBUG]: Skipping Lnet/minecraft/command/CommandSetPlayerTimeout;
[11:32:11] [main/DEBUG]: Skipping Lnet/minecraft/command/CommandSetSpawnpoint;
[11:32:11] [main/DEBUG]: Skipping Lnet/minecraft/command/CommandShowSeed;
[11:32:11] [main/DEBUG]: Skipping Lnet/minecraft/command/CommandSpreadPlayers;
[11:32:11] [main/DEBUG]: Skipping Lnet/minecraft/command/CommandStats;
[11:32:11] [main/DEBUG]: Skipping Lnet/minecraft/command/CommandStopSound;
[11:32:11] [main/DEBUG]: Skipping Lnet/minecraft/command/CommandCompare;
[11:32:11] [main/DEBUG]: Skipping Lnet/minecraft/command/CommandTime;
[11:32:11] [main/DEBUG]: Skipping Lnet/minecraft/command/CommandTitle;
[11:32:11] [main/DEBUG]: Skipping Lnet/minecraft/command/CommandToggleDownfall;
[11:32:11] [main/DEBUG]: Skipping Lnet/minecraft/command/CommandTP;
[11:32:11] [main/DEBUG]: Skipping Lnet/minecraft/command/CommandTrigger;
[11:32:11] [main/DEBUG]: Skipping Lnet/minecraft/command/CommandWeather;
[11:32:11] [main/DEBUG]: Skipping Lnet/minecraft/command/CommandWorldBorder;
[11:32:11] [main/DEBUG]: Skipping Lnet/minecraft/command/CommandException;
[11:32:11] [main/DEBUG]: Skipping Lnet/minecraft/command/EntityNotFoundException;
[11:32:11] [main/DEBUG]: Skipping Lnet/minecraft/command/InvalidBlockStateException;
[11:32:11] [main/DEBUG]: Skipping Lnet/minecraft/command/NumberInvalidException;
[11:32:11] [main/DEBUG]: Skipping Lnet/minecraft/command/SyntaxErrorException;
[11:32:11] [main/DEBUG]: Skipping Lnet/minecraft/command/PlayerNotFoundException;
[11:32:11] [main/DEBUG]: Skipping Lnet/minecraft/command/CommandNotFoundException;
[11:32:11] [main/DEBUG]: Skipping Lnet/minecraft/command/WrongUsageException;
[11:32:11] [main/DEBUG]: Skipping Lnet/minecraft/command/CommandResultStats$1;
[11:32:11] [main/DEBUG]: Skipping Lnet/minecraft/command/CommandResultStats$Type;
[11:32:11] [main/DEBUG]: Skipping Lnet/minecraft/command/EntitySelector$1;
[11:32:11] [main/DEBUG]: Skipping Lnet/minecraft/command/EntitySelector$10;
[11:32:11] [main/DEBUG]: Skipping Lnet/minecraft/command/EntitySelector$11;
[11:32:11] [main/DEBUG]: Skipping Lnet/minecraft/command/EntitySelector$12;
[11:32:11] [main/DEBUG]: Skipping Lnet/minecraft/command/EntitySelector$13;
[11:32:11] [main/DEBUG]: Skipping Lnet/minecraft/command/EntitySelector$14;
[11:32:11] [main/DEBUG]: Skipping Lnet/minecraft/command/EntitySelector$2;
[11:32:11] [main/DEBUG]: Skipping Lnet/minecraft/command/EntitySelector$3;
[11:32:11] [main/DEBUG]: Skipping Lnet/minecraft/command/EntitySelector$4;
[11:32:11] [main/DEBUG]: Skipping Lnet/minecraft/command/CommandBase;
[11:32:11] [main/DEBUG]: Skipping Lnet/minecraft/command/CommandHandler;
[11:32:11] [main/DEBUG]: Transforming class Lnet/minecraft/command/EntitySelector;
[11:32:11] [main/DEBUG]: Transforming net.minecraft.command.EntitySelector METHOD func_190826_c(Ljava/lang/String;)Ljava/lang/String; to access PUBLIC and LEAVE
[11:32:11] [main/DEBUG]: Skipping Lnet/minecraft/command/CommandFill;
[11:32:11] [main/DEBUG]: Skipping Lnet/minecraft/command/CommandGameRule;
[11:32:11] [main/DEBUG]: Skipping Lnet/minecraft/command/server/package-info;
[11:32:11] [main/DEBUG]: Skipping Lnet/minecraft/command/server/CommandBanIp;
[11:32:11] [main/DEBUG]: Skipping Lnet/minecraft/command/server/CommandListBans;
[11:32:11] [main/DEBUG]: Skipping Lnet/minecraft/command/server/CommandBanPlayer;
[11:32:11] [main/DEBUG]: Skipping Lnet/minecraft/command/server/CommandDeOp;
[11:32:11] [main/DEBUG]: Skipping Lnet/minecraft/command/server/CommandEmote;
[11:32:11] [main/DEBUG]: Skipping Lnet/minecraft/command/server/CommandListPlayers;
[11:32:11] [main/DEBUG]: Skipping Lnet/minecraft/command/server/CommandMessage;
[11:32:11] [main/DEBUG]: Skipping Lnet/minecraft/command/server/CommandOp;
[11:32:11] [main/DEBUG]: Skipping Lnet/minecraft/command/server/CommandPardonIp;
[11:32:11] [main/DEBUG]: Skipping Lnet/minecraft/command/server/CommandPardonPlayer;
[11:32:11] [main/DEBUG]: Skipping Lnet/minecraft/command/server/CommandPublishLocalServer;
[11:32:11] [main/DEBUG]: Skipping Lnet/minecraft/command/server/CommandSaveAll;
[11:32:11] [main/DEBUG]: Skipping Lnet/minecraft/command/server/CommandSaveOff;
[11:32:11] [main/DEBUG]: Skipping Lnet/minecraft/command/server/CommandSaveOn;
[11:32:11] [main/DEBUG]: Skipping Lnet/minecraft/command/server/CommandBroadcast;
[11:32:11] [main/DEBUG]: Skipping Lnet/minecraft/command/server/CommandScoreboard;
[11:32:11] [main/DEBUG]: Skipping Lnet/minecraft/command/server/CommandSetDefaultSpawnpoint;
[11:32:11] [main/DEBUG]: Skipping Lnet/minecraft/command/server/CommandStop;
[11:32:11] [main/DEBUG]: Skipping Lnet/minecraft/command/server/CommandSummon;
[11:32:11] [main/DEBUG]: Skipping Lnet/minecraft/command/server/CommandTeleport;
[11:32:11] [main/DEBUG]: Skipping Lnet/minecraft/command/server/CommandMessageRaw;
[11:32:11] [main/DEBUG]: Skipping Lnet/minecraft/command/server/CommandTestForBlock;
[11:32:11] [main/DEBUG]: Skipping Lnet/minecraft/command/server/CommandTestFor;
[11:32:11] [main/DEBUG]: Skipping Lnet/minecraft/command/server/CommandWhitelist;
[11:32:11] [main/DEBUG]: Skipping Lnet/minecraft/command/server/CommandSetBlock;
[11:32:11] [main/DEBUG]: Skipping Lnet/minecraft/command/CommandBase$1;
[11:32:11] [main/DEBUG]: Skipping Lnet/minecraft/command/CommandBase$2;
[11:32:11] [main/DEBUG]: Skipping Lnet/minecraft/command/CommandBase$CoordinateArg;
[11:32:11] [main/DEBUG]: Skipping Lnet/minecraft/command/EntitySelector$5;
[11:32:11] [main/DEBUG]: Skipping Lnet/minecraft/command/EntitySelector$6;
[11:32:11] [main/DEBUG]: Skipping Lnet/minecraft/command/EntitySelector$7;
[11:32:11] [main/DEBUG]: Skipping Lnet/minecraft/command/EntitySelector$8;
[11:32:11] [main/DEBUG]: Skipping Lnet/minecraft/command/EntitySelector$9;
[11:32:11] [main/DEBUG]: Skipping Lnet/minecraft/profiler/package-info;
[11:32:11] [main/DEBUG]: Skipping Lnet/minecraft/profiler/Snooper$1;
[11:32:11] [main/DEBUG]: Skipping Lnet/minecraft/profiler/Snooper;
[11:32:11] [main/DEBUG]: Skipping Lnet/minecraft/profiler/ISnooperInfo;
[11:32:11] [main/DEBUG]: Skipping Lnet/minecraft/profiler/Profiler;
[11:32:11] [main/DEBUG]: Skipping Lnet/minecraft/profiler/Profiler$Result;
[11:32:11] [main/DEBUG]: Skipping Lnet/minecraft/util/package-info;
[11:32:11] [main/DEBUG]: Skipping Lnet/minecraft/util/ReportedException;
[11:32:11] [main/DEBUG]: Skipping Lnet/minecraft/util/Util;
[11:32:11] [main/DEBUG]: Transforming class Lnet/minecraft/util/WeightedRandom$Item;
[11:32:11] [main/DEBUG]: Transforming net.minecraft.util.WeightedRandom$Item FIELD field_76292_a to access PUBLIC and LEAVE
[11:32:11] [main/DEBUG]: Skipping Lnet/minecraft/util/IntHashMap$Entry;
[11:32:11] [main/DEBUG]: Skipping Lnet/minecraft/util/EntitySelectors$1;
[11:32:11] [main/DEBUG]: Skipping Lnet/minecraft/util/EntitySelectors$2;
[11:32:11] [main/DEBUG]: Skipping Lnet/minecraft/util/EntitySelectors$3;
[11:32:11] [main/DEBUG]: Skipping Lnet/minecraft/util/EntitySelectors$4;
[11:32:11] [main/DEBUG]: Skipping Lnet/minecraft/util/EntitySelectors$5;
[11:32:11] [main/DEBUG]: Skipping Lnet/minecraft/util/EntitySelectors$6;
[11:32:11] [main/DEBUG]: Skipping Lnet/minecraft/util/EntitySelectors$7;
[11:32:11] [main/DEBUG]: Skipping Lnet/minecraft/util/EntitySelectors$8;
[11:32:11] [main/DEBUG]: Skipping Lnet/minecraft/util/EntitySelectors$ArmoredMob;
[11:32:11] [main/DEBUG]: Skipping Lnet/minecraft/util/CooldownTracker$1;
[11:32:11] [main/DEBUG]: Skipping Lnet/minecraft/util/Util$EnumOS;
[11:32:11] [main/DEBUG]: Skipping Lnet/minecraft/util/CooldownTracker$Cooldown;
[11:32:11] [main/DEBUG]: Skipping Lnet/minecraft/util/Rotation$1;
[11:32:11] [main/DEBUG]: Skipping Lnet/minecraft/util/IObjectIntIterable;
[11:32:11] [main/DEBUG]: Transforming class Lnet/minecraft/util/ObjectIntIdentityMap;
[11:32:11] [main/DEBUG]: Transforming net.minecraft.util.ObjectIntIdentityMap FIELD field_148749_a to access PROTECTED and LEAVE
[11:32:11] [main/DEBUG]: Transforming net.minecraft.util.ObjectIntIdentityMap FIELD field_148748_b to access PROTECTED and LEAVE
[11:32:11] [main/DEBUG]: Skipping Lnet/minecraft/util/MapPopulator;
[11:32:11] [main/DEBUG]: Skipping Lnet/minecraft/util/NonNullList;
[11:32:11] [main/DEBUG]: Skipping Lnet/minecraft/util/EnumParticleTypes;
[11:32:11] [main/DEBUG]: Skipping Lnet/minecraft/util/registry/package-info;
[11:32:11] [main/DEBUG]: Skipping Lnet/minecraft/util/registry/RegistryNamespacedDefaultedByKey;
[11:32:11] [main/DEBUG]: Skipping Lnet/minecraft/util/registry/RegistryDefaulted;
[11:32:11] [main/DEBUG]: Skipping Lnet/minecraft/util/registry/RegistryNamespaced;
[11:32:11] [main/DEBUG]: Skipping Lnet/minecraft/util/registry/IRegistry;
[11:32:11] [main/DEBUG]: Skipping Lnet/minecraft/util/registry/RegistrySimple;
[11:32:11] [main/DEBUG]: Transforming class Lnet/minecraft/util/ResourceLocation;
[11:32:11] [main/DEBUG]: Transforming net.minecraft.util.ResourceLocation METHOD func_177516_a(Ljava/lang/String;)[Ljava/lang/String; to access PUBLIC and LEAVE
[11:32:11] [main/DEBUG]: Skipping Lnet/minecraft/util/LoggingPrintStream;
[11:32:11] [main/DEBUG]: Skipping Lnet/minecraft/util/ITickable;
[11:32:11] [main/DEBUG]: Skipping Lnet/minecraft/util/SoundCategory;
[11:32:11] [main/DEBUG]: Skipping Lnet/minecraft/util/TupleIntJsonSerializable;
[11:32:11] [main/DEBUG]: Skipping Lnet/minecraft/util/IJsonSerializable;
[11:32:11] [main/DEBUG]: Skipping Lnet/minecraft/util/BitArray;
[11:32:11] [main/DEBUG]: Skipping Lnet/minecraft/util/CryptManager;
[11:32:11] [main/DEBUG]: Skipping Lnet/minecraft/util/FrameTimer;
[11:32:11] [main/DEBUG]: Skipping Lnet/minecraft/util/JsonUtils;
[11:32:11] [main/DEBUG]: Skipping Lnet/minecraft/util/HttpUtil;
[11:32:11] [main/DEBUG]: Skipping Lnet/minecraft/util/LowerStringMap;
[11:32:11] [main/DEBUG]: Skipping Lnet/minecraft/util/IntegerCache;
[11:32:11] [main/DEBUG]: Skipping Lnet/minecraft/util/IntHashMap;
[11:32:11] [main/DEBUG]: Skipping Lnet/minecraft/util/LazyLoadBase;
[11:32:11] [main/DEBUG]: Skipping Lnet/minecraft/util/EnumTypeAdapterFactory;
[11:32:11] [main/DEBUG]: Skipping Lnet/minecraft/util/IProgressUpdate;
[11:32:11] [main/DEBUG]: Skipping Lnet/minecraft/util/MouseFilter;
[11:32:11] [main/DEBUG]: Skipping Lnet/minecraft/util/IStringSerializable;
[11:32:11] [main/DEBUG]: Skipping Lnet/minecraft/util/StringUtils;
[11:32:11] [main/DEBUG]: Skipping Lnet/minecraft/util/Tuple;
[11:32:11] [main/DEBUG]: Skipping Lnet/minecraft/util/WeightedRandom;
[11:32:11] [main/DEBUG]: Skipping Lnet/minecraft/util/IThreadListener;
[11:32:11] [main/DEBUG]: Skipping Lnet/minecraft/util/EnumHand;
[11:32:11] [main/DEBUG]: Skipping Lnet/minecraft/util/EnumActionResult;
[11:32:11] [main/DEBUG]: Skipping Lnet/minecraft/util/ResourceLocation$Serializer;
[11:32:11] [main/DEBUG]: Skipping Lnet/minecraft/util/CombatEntry;
[11:32:11] [main/DEBUG]: Skipping Lnet/minecraft/util/CombatRules;
[11:32:11] [main/DEBUG]: Skipping Lnet/minecraft/util/CombatTracker;
[11:32:11] [main/DEBUG]: Transforming class Lnet/minecraft/util/DamageSource;
[11:32:11] [main/DEBUG]: Transforming net.minecraft.util.DamageSource METHODWILDCARD to access PUBLIC and LEAVE
[11:32:11] [main/DEBUG]: Skipping Lnet/minecraft/util/EntityDamageSource;
[11:32:11] [main/DEBUG]: Skipping Lnet/minecraft/util/EntityDamageSourceIndirect;
[11:32:11] [main/DEBUG]: Skipping Lnet/minecraft/util/EntitySelectors;
[11:32:11] [main/DEBUG]: Skipping Lnet/minecraft/util/EnumHandSide;
[11:32:11] [main/DEBUG]: Skipping Lnet/minecraft/util/EnumTypeAdapterFactory$1;
[11:32:11] [main/DEBUG]: Skipping Lnet/minecraft/util/Mirror$1;
[11:32:11] [main/DEBUG]: Skipping Lnet/minecraft/util/HttpUtil$1;
[11:32:11] [main/DEBUG]: Skipping Lnet/minecraft/util/FoodStats;
[11:32:11] [main/DEBUG]: Skipping Lnet/minecraft/util/CooldownTracker;
[11:32:11] [main/DEBUG]: Skipping Lnet/minecraft/util/CooldownTrackerServer;
[11:32:11] [main/DEBUG]: Skipping Lnet/minecraft/util/WeightedSpawnerEntity;
[11:32:11] [main/DEBUG]: Skipping Lnet/minecraft/util/Mirror;
[11:32:11] [main/DEBUG]: Skipping Lnet/minecraft/util/EnumBlockRenderType;
[11:32:11] [main/DEBUG]: Skipping Lnet/minecraft/util/Rotation;
[11:32:11] [main/DEBUG]: Skipping Lnet/minecraft/util/MinecraftError;
[11:32:11] [main/DEBUG]: Skipping Lnet/minecraft/util/Timer;
[11:32:11] [main/DEBUG]: Skipping Lnet/minecraft/util/ITabCompleter;
[11:32:11] [main/DEBUG]: Skipping Lnet/minecraft/util/EnchantmentNameParts;
[11:32:11] [main/DEBUG]: Skipping Lnet/minecraft/util/MovementInput;
[11:32:11] [main/DEBUG]: Skipping Lnet/minecraft/util/MovementInputFromOptions;
[11:32:11] [main/DEBUG]: Skipping Lnet/minecraft/util/ChatAllowedCharacters;
[11:32:11] [main/DEBUG]: Skipping Lnet/minecraft/util/EnumFacing$1;
[11:32:11] [main/DEBUG]: Skipping Lnet/minecraft/util/EnumFacing$Axis;
[11:32:11] [main/DEBUG]: Skipping Lnet/minecraft/util/EnumFacing$AxisDirection;
[11:32:11] [main/DEBUG]: Skipping Lnet/minecraft/util/EnumFacing$Plane;
[11:32:11] [main/DEBUG]: Transforming class Lnet/minecraft/util/EnumFacing;
[11:32:11] [main/DEBUG]: Transforming net.minecraft.util.EnumFacing FIELD field_82609_l to access PUBLIC and LEAVE
[11:32:11] [main/DEBUG]: Transforming net.minecraft.util.EnumFacing FIELD field_176754_o to access PUBLIC and LEAVE
[11:32:11] [main/DEBUG]: Skipping Lnet/minecraft/util/ServerRecipeBookHelper;
[11:32:11] [main/DEBUG]: Skipping Lnet/minecraft/util/SoundEvent;
[11:32:11] [main/DEBUG]: Skipping Lnet/minecraft/util/ClassInheritanceMultiMap;
[11:32:11] [main/DEBUG]: Skipping Lnet/minecraft/util/IntIdentityHashBiMap;
[11:32:11] [main/DEBUG]: Skipping Lnet/minecraft/util/datafix/package-info;
[11:32:11] [main/DEBUG]: Skipping Lnet/minecraft/util/datafix/IFixableData;
[11:32:11] [main/DEBUG]: Skipping Lnet/minecraft/util/datafix/IFixType;
[11:32:11] [main/DEBUG]: Skipping Lnet/minecraft/util/datafix/FixTypes;
[11:32:11] [main/DEBUG]: Skipping Lnet/minecraft/util/datafix/IDataFixer;
[11:32:11] [main/DEBUG]: Transforming class Lnet/minecraft/util/datafix/DataFixer;
[11:32:11] [main/DEBUG]: Transforming net.minecraft.util.datafix.DataFixer FIELD field_188262_d to access PUBLIC and LEAVE
[11:32:11] [main/DEBUG]: Skipping Lnet/minecraft/util/datafix/IDataWalker;
[11:32:11] [main/DEBUG]: Skipping Lnet/minecraft/util/datafix/fixes/package-info;
[11:32:11] [main/DEBUG]: Skipping Lnet/minecraft/util/datafix/fixes/SignStrictJSON$1;
[11:32:11] [main/DEBUG]: Skipping Lnet/minecraft/util/datafix/fixes/AddBedTileEntity;
[11:32:11] [main/DEBUG]: Skipping Lnet/minecraft/util/datafix/fixes/BedItemColor;
[11:32:11] [main/DEBUG]: Skipping Lnet/minecraft/util/datafix/fixes/TileEntityId;
[11:32:11] [main/DEBUG]: Skipping Lnet/minecraft/util/datafix/fixes/SpawnerEntityTypes;
[11:32:11] [main/DEBUG]: Skipping Lnet/minecraft/util/datafix/fixes/ShulkerBoxTileColor;
[11:32:11] [main/DEBUG]: Skipping Lnet/minecraft/util/datafix/fixes/SignStrictJSON;
[11:32:11] [main/DEBUG]: Skipping Lnet/minecraft/util/datafix/fixes/ArmorStandSilent;
[11:32:11] [main/DEBUG]: Skipping Lnet/minecraft/util/datafix/fixes/ElderGuardianSplit;
[11:32:11] [main/DEBUG]: Skipping Lnet/minecraft/util/datafix/fixes/EntityArmorAndHeld;
[11:32:11] [main/DEBUG]: Skipping Lnet/minecraft/util/datafix/fixes/EntityHealth;
[11:32:11] [main/DEBUG]: Skipping Lnet/minecraft/util/datafix/fixes/HorseSaddle;
[11:32:11] [main/DEBUG]: Skipping Lnet/minecraft/util/datafix/fixes/HorseSplit;
[11:32:11] [main/DEBUG]: Skipping Lnet/minecraft/util/datafix/fixes/EntityId;
[11:32:11] [main/DEBUG]: Skipping Lnet/minecraft/util/datafix/fixes/MinecartEntityTypes;
[11:32:11] [main/DEBUG]: Skipping Lnet/minecraft/util/datafix/fixes/PaintingDirection;
[11:32:11] [main/DEBUG]: Skipping Lnet/minecraft/util/datafix/fixes/RedundantChanceTags;
[11:32:11] [main/DEBUG]: Skipping Lnet/minecraft/util/datafix/fixes/RidingToPassengers;
[11:32:11] [main/DEBUG]: Skipping Lnet/minecraft/util/datafix/fixes/ShulkerBoxEntityColor;
[11:32:11] [main/DEBUG]: Skipping Lnet/minecraft/util/datafix/fixes/SkeletonSplit;
[11:32:11] [main/DEBUG]: Skipping Lnet/minecraft/util/datafix/fixes/StringToUUID;
[11:32:11] [main/DEBUG]: Skipping Lnet/minecraft/util/datafix/fixes/ZombieSplit;
[11:32:11] [main/DEBUG]: Skipping Lnet/minecraft/util/datafix/fixes/ZombieProfToType;
[11:32:11] [main/DEBUG]: Skipping Lnet/minecraft/util/datafix/fixes/BannerItemColor;
[11:32:11] [main/DEBUG]: Skipping Lnet/minecraft/util/datafix/fixes/CookedFishIDTypo;
[11:32:11] [main/DEBUG]: Skipping Lnet/minecraft/util/datafix/fixes/ItemIntIDToString;
[11:32:11] [main/DEBUG]: Skipping Lnet/minecraft/util/datafix/fixes/PotionItems;
[11:32:11] [main/DEBUG]: Skipping Lnet/minecraft/util/datafix/fixes/ShulkerBoxItemColor;
[11:32:11] [main/DEBUG]: Skipping Lnet/minecraft/util/datafix/fixes/SpawnEggNames;
[11:32:11] [main/DEBUG]: Skipping Lnet/minecraft/util/datafix/fixes/TotemItemRename;
[11:32:11] [main/DEBUG]: Skipping Lnet/minecraft/util/datafix/fixes/PotionWater;
[11:32:11] [main/DEBUG]: Skipping Lnet/minecraft/util/datafix/fixes/BookPagesStrictJSON;
[11:32:11] [main/DEBUG]: Skipping Lnet/minecraft/util/datafix/fixes/ForceVBOOn;
[11:32:11] [main/DEBUG]: Skipping Lnet/minecraft/util/datafix/fixes/OptionsLowerCaseLanguage;
[11:32:11] [main/DEBUG]: Skipping Lnet/minecraft/util/datafix/walkers/package-info;
[11:32:11] [main/DEBUG]: Skipping Lnet/minecraft/util/datafix/walkers/ItemStackData;
[11:32:11] [main/DEBUG]: Skipping Lnet/minecraft/util/datafix/walkers/BlockEntityTag;
[11:32:11] [main/DEBUG]: Skipping Lnet/minecraft/util/datafix/walkers/EntityTag;
[11:32:11] [main/DEBUG]: Skipping Lnet/minecraft/util/datafix/walkers/ItemStackDataLists;
[11:32:11] [main/DEBUG]: Skipping Lnet/minecraft/util/datafix/walkers/Filtered;
[11:32:11] [main/DEBUG]: Skipping Lnet/minecraft/util/datafix/DataFixesManager;
[11:32:11] [main/DEBUG]: Skipping Lnet/minecraft/util/ActionResult;
[11:32:11] [main/DEBUG]: Skipping Lnet/minecraft/util/BlockRenderLayer;
[11:32:11] [main/DEBUG]: Skipping Lnet/minecraft/util/text/package-info;
[11:32:11] [main/DEBUG]: Skipping Lnet/minecraft/util/text/TextFormatting;
[11:32:11] [main/DEBUG]: Skipping Lnet/minecraft/util/text/ChatType;
[11:32:11] [main/DEBUG]: Skipping Lnet/minecraft/util/text/TextComponentUtils;
[11:32:11] [main/DEBUG]: Skipping Lnet/minecraft/util/text/TextComponentKeybind;
[11:32:11] [main/DEBUG]: Skipping Lnet/minecraft/util/text/TextComponentScore;
[11:32:11] [main/DEBUG]: Skipping Lnet/minecraft/util/text/TextComponentSelector;
[11:32:11] [main/DEBUG]: Skipping Lnet/minecraft/util/text/TextComponentString;
[11:32:11] [main/DEBUG]: Skipping Lnet/minecraft/util/text/TextComponentTranslation;
[11:32:11] [main/DEBUG]: Skipping Lnet/minecraft/util/text/TextComponentTranslationFormatException;
[11:32:11] [main/DEBUG]: Skipping Lnet/minecraft/util/text/event/package-info;
[11:32:11] [main/DEBUG]: Skipping Lnet/minecraft/util/text/event/HoverEvent$Action;
[11:32:11] [main/DEBUG]: Skipping Lnet/minecraft/util/text/event/ClickEvent;
[11:32:11] [main/DEBUG]: Skipping Lnet/minecraft/util/text/event/HoverEvent;
[11:32:11] [main/DEBUG]: Skipping Lnet/minecraft/util/text/event/ClickEvent$Action;
[11:32:11] [main/DEBUG]: Skipping Lnet/minecraft/util/text/TextComponentBase$1;
[11:32:11] [main/DEBUG]: Skipping Lnet/minecraft/util/text/TextComponentBase$2;
[11:32:11] [main/DEBUG]: Skipping Lnet/minecraft/util/text/translation/package-info;
[11:32:11] [main/DEBUG]: Skipping Lnet/minecraft/util/text/translation/I18n;
[11:32:11] [main/DEBUG]: Skipping Lnet/minecraft/util/text/translation/LanguageMap;
[11:32:11] [main/DEBUG]: Skipping Lnet/minecraft/util/text/TextComponentBase;
[11:32:11] [main/DEBUG]: Skipping Lnet/minecraft/util/text/ITextComponent;
[11:32:11] [main/DEBUG]: Skipping Lnet/minecraft/util/text/Style;
[11:32:11] [main/DEBUG]: Skipping Lnet/minecraft/util/text/Style$1;
[11:32:11] [main/DEBUG]: Skipping Lnet/minecraft/util/text/Style$Serializer;
[11:32:11] [main/DEBUG]: Skipping Lnet/minecraft/util/text/ITextComponent$Serializer;
[11:32:11] [main/DEBUG]: Skipping Lnet/minecraft/util/Session$Type;
[11:32:11] [main/DEBUG]: Skipping Lnet/minecraft/util/math/package-info;
[11:32:11] [main/DEBUG]: Skipping Lnet/minecraft/util/math/BlockPos$2$1;
[11:32:11] [main/DEBUG]: Skipping Lnet/minecraft/util/math/BlockPos$1;
[11:32:11] [main/DEBUG]: Skipping Lnet/minecraft/util/math/BlockPos$2;
[11:32:11] [main/DEBUG]: Skipping Lnet/minecraft/util/math/BlockPos$4;
[11:32:11] [main/DEBUG]: Skipping Lnet/minecraft/util/math/BlockPos$MutableBlockPos;
[11:32:11] [main/DEBUG]: Skipping Lnet/minecraft/util/math/BlockPos$PooledMutableBlockPos;
[11:32:11] [main/DEBUG]: Skipping Lnet/minecraft/util/math/BlockPos;
[11:32:11] [main/DEBUG]: Skipping Lnet/minecraft/util/math/Cartesian;
[11:32:11] [main/DEBUG]: Skipping Lnet/minecraft/util/math/Rotations;
[11:32:11] [main/DEBUG]: Skipping Lnet/minecraft/util/math/Vec3i;
[11:32:11] [main/DEBUG]: Skipping Lnet/minecraft/util/math/Cartesian$Product$ProductIterator;
[11:32:11] [main/DEBUG]: Skipping Lnet/minecraft/util/math/MathHelper;
[11:32:11] [main/DEBUG]: Skipping Lnet/minecraft/util/math/Cartesian$1;
[11:32:11] [main/DEBUG]: Skipping Lnet/minecraft/util/math/Cartesian$GetList;
[11:32:11] [main/DEBUG]: Skipping Lnet/minecraft/util/math/Cartesian$Product;
[11:32:11] [main/DEBUG]: Skipping Lnet/minecraft/util/math/ChunkPos;
[11:32:11] [main/DEBUG]: Skipping Lnet/minecraft/util/math/AxisAlignedBB;
[11:32:11] [main/DEBUG]: Skipping Lnet/minecraft/util/math/Vec2f;
[11:32:11] [main/DEBUG]: Skipping Lnet/minecraft/util/math/BlockPos$1$1;
[11:32:11] [main/DEBUG]: Skipping Lnet/minecraft/util/math/RayTraceResult$Type;
[11:32:11] [main/DEBUG]: Skipping Lnet/minecraft/util/math/RayTraceResult;
[11:32:11] [main/DEBUG]: Skipping Lnet/minecraft/util/math/Vec3d;
[11:32:11] [main/DEBUG]: Skipping Lnet/minecraft/util/MouseHelper;
[11:32:11] [main/DEBUG]: Skipping Lnet/minecraft/util/ScreenShotHelper;
[11:32:11] [main/DEBUG]: Skipping Lnet/minecraft/util/Session;
[11:32:11] [main/DEBUG]: Skipping Lnet/minecraft/util/TabCompleter;
[11:32:11] [main/DEBUG]: Skipping Lnet/minecraft/util/ClassInheritanceMultiMap$1;
[11:32:11] [main/DEBUG]: Skipping Lnet/minecraft/nbt/package-info;
[11:32:11] [main/DEBUG]: Skipping Lnet/minecraft/nbt/NBTTagByteArray;
[11:32:11] [main/DEBUG]: Skipping Lnet/minecraft/nbt/NBTTagByte;
[11:32:11] [main/DEBUG]: Skipping Lnet/minecraft/nbt/NBTTagDouble;
[11:32:11] [main/DEBUG]: Skipping Lnet/minecraft/nbt/NBTTagEnd;
[11:32:11] [main/DEBUG]: Skipping Lnet/minecraft/nbt/NBTTagFloat;
[11:32:11] [main/DEBUG]: Skipping Lnet/minecraft/nbt/NBTTagIntArray;
[11:32:11] [main/DEBUG]: Skipping Lnet/minecraft/nbt/NBTTagInt;
[11:32:11] [main/DEBUG]: Skipping Lnet/minecraft/nbt/NBTTagLongArray;
[11:32:11] [main/DEBUG]: Skipping Lnet/minecraft/nbt/NBTTagLong;
[11:32:11] [main/DEBUG]: Skipping Lnet/minecraft/nbt/NBTUtil;
[11:32:11] [main/DEBUG]: Transforming class Lnet/minecraft/nbt/NBTPrimitive;
[11:32:11] [main/DEBUG]: Transforming net.minecraft.nbt.NBTPrimitive CLASS to access PUBLIC and LEAVE
[11:32:11] [main/DEBUG]: Skipping Lnet/minecraft/nbt/NBTTagShort;
[11:32:11] [main/DEBUG]: Skipping Lnet/minecraft/nbt/NBTBase;
[11:32:11] [main/DEBUG]: Skipping Lnet/minecraft/nbt/NBTException;
[11:32:11] [main/DEBUG]: Skipping Lnet/minecraft/nbt/JsonToNBT;
[11:32:11] [main/DEBUG]: Skipping Lnet/minecraft/nbt/NBTTagCompound;
[11:32:11] [main/DEBUG]: Skipping Lnet/minecraft/nbt/NBTTagList;
[11:32:11] [main/DEBUG]: Skipping Lnet/minecraft/nbt/NBTSizeTracker;
[11:32:11] [main/DEBUG]: Skipping Lnet/minecraft/nbt/CompressedStreamTools;
[11:32:11] [main/DEBUG]: Skipping Lnet/minecraft/nbt/NBTTagString;
[11:32:11] [main/DEBUG]: Skipping Lnet/minecraft/nbt/NBTTagCompound$1;
[11:32:11] [main/DEBUG]: Skipping Lnet/minecraft/nbt/NBTTagCompound$2;
[11:32:11] [main/DEBUG]: Skipping Lnet/minecraft/nbt/NBTSizeTracker$1;
[11:32:11] [main/DEBUG]: Skipping Lnet/minecraft/world/package-info;
[11:32:11] [main/DEBUG]: Skipping Lnet/minecraft/world/WorldProviderHell$1;
[11:32:11] [main/DEBUG]: Skipping Lnet/minecraft/world/GameRules$Value;
[11:32:11] [main/DEBUG]: Skipping Lnet/minecraft/world/GameRules$ValueType;
[11:32:11] [main/DEBUG]: Skipping Lnet/minecraft/world/WorldServerDemo;
[11:32:11] [main/DEBUG]: Skipping Lnet/minecraft/world/EnumDifficulty;
[11:32:11] [main/DEBUG]: Skipping Lnet/minecraft/world/DifficultyInstance;
[11:32:11] [main/DEBUG]: Skipping Lnet/minecraft/world/IInteractionObject;
[11:32:11] [main/DEBUG]: Skipping Lnet/minecraft/world/LockCode;
[11:32:11] [main/DEBUG]: Skipping Lnet/minecraft/world/ILockableContainer;
[11:32:11] [main/DEBUG]: Skipping Lnet/minecraft/world/IWorldNameable;
[11:32:11] [main/DEBUG]: Skipping Lnet/minecraft/world/ColorizerFoliage;
[11:32:11] [main/DEBUG]: Skipping Lnet/minecraft/world/GameRules;
[11:32:11] [main/DEBUG]: Skipping Lnet/minecraft/world/GameType;
[11:32:11] [main/DEBUG]: Skipping Lnet/minecraft/world/ColorizerGrass;
[11:32:11] [main/DEBUG]: Skipping Lnet/minecraft/world/MinecraftException;
[11:32:11] [main/DEBUG]: Skipping Lnet/minecraft/world/IWorldEventListener;
[11:32:11] [main/DEBUG]: Skipping Lnet/minecraft/world/WorldSettings;
[11:32:11] [main/DEBUG]: Skipping Lnet/minecraft/world/EnumSkyBlock;
[11:32:11] [main/DEBUG]: Skipping Lnet/minecraft/world/NextTickListEntry;
[11:32:11] [main/DEBUG]: Skipping Lnet/minecraft/world/WorldProviderHell;
[11:32:11] [main/DEBUG]: Skipping Lnet/minecraft/world/WorldProvider$WorldSleepResult;
[11:32:11] [main/DEBUG]: Skipping Lnet/minecraft/world/WorldServerMulti$1;
[11:32:11] [main/DEBUG]: Skipping Lnet/minecraft/world/WorldServerMulti;
[11:32:11] [main/DEBUG]: Skipping Lnet/minecraft/world/BossInfoServer;
[11:32:11] [main/DEBUG]: Transforming class Lnet/minecraft/world/WorldServer;
[11:32:11] [main/DEBUG]: Transforming net.minecraft.world.WorldServer METHOD func_72923_a(Lnet/minecraft/entity/Entity;)V to access PUBLIC and LEAVE
[11:32:11] [main/DEBUG]: Transforming net.minecraft.world.WorldServer METHOD func_72847_b(Lnet/minecraft/entity/Entity;)V to access PUBLIC and LEAVE
[11:32:11] [main/DEBUG]: Skipping Lnet/minecraft/world/ServerWorldEventHandler;
[11:32:11] [main/DEBUG]: Skipping Lnet/minecraft/world/BossInfo;
[11:32:11] [main/DEBUG]: Skipping Lnet/minecraft/world/Explosion;
[11:32:11] [main/DEBUG]: Transforming class Lnet/minecraft/world/World;
[11:32:11] [main/DEBUG]: Transforming net.minecraft.world.World FIELD field_73003_n to access PUBLIC and LEAVE
[11:32:11] [main/DEBUG]: Transforming net.minecraft.world.World FIELD field_73004_o to access PUBLIC and LEAVE
[11:32:11] [main/DEBUG]: Transforming net.minecraft.world.World FIELD field_73018_p to access PUBLIC and LEAVE
[11:32:11] [main/DEBUG]: Transforming net.minecraft.world.World FIELD field_73017_q to access PUBLIC and LEAVE
[11:32:11] [main/DEBUG]: Transforming net.minecraft.world.World FIELD field_72982_D to access PUBLIC and REMOVEFINAL
[11:32:11] [main/DEBUG]: Transforming net.minecraft.world.World METHOD func_175701_a(Lnet/minecraft/util/math/BlockPos;)Z to access PUBLIC and LEAVE
[11:32:11] [main/DEBUG]: Transforming net.minecraft.world.World METHOD func_189509_E(Lnet/minecraft/util/math/BlockPos;)Z to access PUBLIC and LEAVE
[11:32:11] [main/DEBUG]: Transforming net.minecraft.world.World METHOD func_72923_a(Lnet/minecraft/entity/Entity;)V to access PUBLIC and LEAVE
[11:32:11] [main/DEBUG]: Transforming net.minecraft.world.World METHOD func_72847_b(Lnet/minecraft/entity/Entity;)V to access PUBLIC and LEAVE
[11:32:11] [main/DEBUG]: Skipping Lnet/minecraft/world/IBlockAccess;
[11:32:11] [main/DEBUG]: Transforming class Lnet/minecraft/world/WorldType;
[11:32:11] [main/DEBUG]: Transforming net.minecraft.world.WorldType FIELD field_77139_a to access PUBLIC and REMOVEFINAL
[11:32:11] [main/DEBUG]: Skipping Lnet/minecraft/world/WorldEntitySpawner;
[11:32:11] [main/DEBUG]: Transforming class Lnet/minecraft/world/Teleporter;
[11:32:11] [main/DEBUG]: Transforming net.minecraft.world.Teleporter FIELD field_85192_a to access PROTECTED and LEAVE
[11:32:11] [main/DEBUG]: Transforming net.minecraft.world.Teleporter FIELD field_77187_a to access PROTECTED and LEAVE
[11:32:11] [main/DEBUG]: Transforming net.minecraft.world.Teleporter FIELD field_85191_c to access PROTECTED and LEAVE
[11:32:11] [main/DEBUG]: Skipping Lnet/minecraft/world/ChunkCache;
[11:32:11] [main/DEBUG]: Skipping Lnet/minecraft/world/border/package-info;
[11:32:11] [main/DEBUG]: Skipping Lnet/minecraft/world/border/IBorderListener;
[11:32:11] [main/DEBUG]: Skipping Lnet/minecraft/world/border/EnumBorderStatus;
[11:32:11] [main/DEBUG]: Skipping Lnet/minecraft/world/border/WorldBorder;
[11:32:11] [main/DEBUG]: Skipping Lnet/minecraft/world/World$1;
[11:32:11] [main/DEBUG]: Skipping Lnet/minecraft/world/World$2;
[11:32:11] [main/DEBUG]: Skipping Lnet/minecraft/world/World$3;
[11:32:11] [main/DEBUG]: Skipping Lnet/minecraft/world/World$4;
[11:32:11] [main/DEBUG]: Skipping Lnet/minecraft/world/World$5;
[11:32:11] [main/DEBUG]: Skipping Lnet/minecraft/world/WorldProvider;
[11:32:11] [main/DEBUG]: Skipping Lnet/minecraft/world/DimensionType;
[11:32:11] [main/DEBUG]: Skipping Lnet/minecraft/world/WorldProviderSurface;
[11:32:11] [main/DEBUG]: Skipping Lnet/minecraft/world/end/package-info;
[11:32:11] [main/DEBUG]: Skipping Lnet/minecraft/world/end/DragonSpawnManager$1;
[11:32:11] [main/DEBUG]: Skipping Lnet/minecraft/world/end/DragonSpawnManager$2;
[11:32:11] [main/DEBUG]: Skipping Lnet/minecraft/world/end/DragonSpawnManager$3;
[11:32:11] [main/DEBUG]: Skipping Lnet/minecraft/world/end/DragonSpawnManager$4;
[11:32:11] [main/DEBUG]: Skipping Lnet/minecraft/world/end/DragonSpawnManager$5;
[11:32:11] [main/DEBUG]: Skipping Lnet/minecraft/world/end/DragonSpawnManager;
[11:32:11] [main/DEBUG]: Skipping Lnet/minecraft/world/end/DragonFightManager;
[11:32:11] [main/DEBUG]: Skipping Lnet/minecraft/world/WorldProviderEnd;
[11:32:11] [main/DEBUG]: Skipping Lnet/minecraft/world/Teleporter$PortalPosition;
[11:32:11] [main/DEBUG]: Skipping Lnet/minecraft/world/WorldServer$1;
[11:32:11] [main/DEBUG]: Skipping Lnet/minecraft/world/chunk/package-info;
[11:32:11] [main/DEBUG]: Skipping Lnet/minecraft/world/chunk/IChunkProvider;
[11:32:11] [main/DEBUG]: Skipping Lnet/minecraft/world/chunk/NibbleArray;
[11:32:11] [main/DEBUG]: Skipping Lnet/minecraft/world/chunk/EmptyChunk;
[11:32:11] [main/DEBUG]: Skipping Lnet/minecraft/world/chunk/BlockStatePaletteRegistry;
[11:32:11] [main/DEBUG]: Skipping Lnet/minecraft/world/chunk/BlockStatePaletteHashMap;
[11:32:11] [main/DEBUG]: Skipping Lnet/minecraft/world/chunk/BlockStatePaletteLinear;
[11:32:11] [main/DEBUG]: Skipping Lnet/minecraft/world/chunk/IBlockStatePalette;
[11:32:11] [main/DEBUG]: Skipping Lnet/minecraft/world/chunk/IBlockStatePaletteResizer;
[11:32:11] [main/DEBUG]: Skipping Lnet/minecraft/world/chunk/ChunkPrimer;
[11:32:11] [main/DEBUG]: Skipping Lnet/minecraft/world/chunk/Chunk$1;
[11:32:11] [main/DEBUG]: Skipping Lnet/minecraft/world/chunk/Chunk$EnumCreateEntityType;
[11:32:11] [main/DEBUG]: Skipping Lnet/minecraft/world/chunk/BlockStateContainer;
[11:32:11] [main/DEBUG]: Skipping Lnet/minecraft/world/chunk/Chunk;
[11:32:11] [main/DEBUG]: Skipping Lnet/minecraft/world/chunk/storage/package-info;
[11:32:11] [main/DEBUG]: Skipping Lnet/minecraft/world/chunk/storage/AnvilSaveConverter$1;
[11:32:11] [main/DEBUG]: Skipping Lnet/minecraft/world/chunk/storage/ChunkLoader$AnvilConverterData;
[11:32:11] [main/DEBUG]: Skipping Lnet/minecraft/world/chunk/storage/NibbleArrayReader;
[11:32:11] [main/DEBUG]: Skipping Lnet/minecraft/world/chunk/storage/IChunkLoader;
[11:32:11] [main/DEBUG]: Skipping Lnet/minecraft/world/chunk/storage/ChunkLoader;
[11:32:11] [main/DEBUG]: Skipping Lnet/minecraft/world/chunk/storage/RegionFileCache;
[11:32:11] [main/DEBUG]: Skipping Lnet/minecraft/world/chunk/storage/AnvilSaveConverter;
[11:32:11] [main/DEBUG]: Skipping Lnet/minecraft/world/chunk/storage/RegionFile$ChunkBuffer;
[11:32:11] [main/DEBUG]: Skipping Lnet/minecraft/world/chunk/storage/AnvilChunkLoader$1;
[11:32:11] [main/DEBUG]: Skipping Lnet/minecraft/world/chunk/storage/ExtendedBlockStorage;
[11:32:11] [main/DEBUG]: Transforming class Lnet/minecraft/world/chunk/storage/AnvilChunkLoader;
[11:32:11] [main/DEBUG]: Transforming net.minecraft.world.chunk.storage.AnvilChunkLoader FIELD field_75825_d to access PUBLIC and LEAVE
[11:32:11] [main/DEBUG]: Skipping Lnet/minecraft/world/chunk/storage/RegionFile;
[11:32:11] [main/DEBUG]: Skipping Lnet/minecraft/world/chunk/storage/AnvilSaveHandler;
[11:32:11] [main/DEBUG]: Skipping Lnet/minecraft/world/WorldServer$ServerBlockEventList;
[11:32:11] [main/DEBUG]: Skipping Lnet/minecraft/world/storage/package-info;
[11:32:11] [main/DEBUG]: Skipping Lnet/minecraft/world/storage/WorldSavedDataCallableSave;
[11:32:11] [main/DEBUG]: Skipping Lnet/minecraft/world/storage/ISaveHandler;
[11:32:11] [main/DEBUG]: Skipping Lnet/minecraft/world/storage/ISaveFormat;
[11:32:11] [main/DEBUG]: Skipping Lnet/minecraft/world/storage/WorldSummary;
[11:32:11] [main/DEBUG]: Skipping Lnet/minecraft/world/storage/SaveHandlerMP;
[11:32:11] [main/DEBUG]: Skipping Lnet/minecraft/world/storage/IPlayerFileData;
[11:32:11] [main/DEBUG]: Skipping Lnet/minecraft/world/storage/SaveDataMemoryStorage;
[11:32:11] [main/DEBUG]: Skipping Lnet/minecraft/world/storage/MapStorage;
[11:32:11] [main/DEBUG]: Skipping Lnet/minecraft/world/storage/ThreadedFileIOBase;
[11:32:11] [main/DEBUG]: Skipping Lnet/minecraft/world/storage/IThreadedFileIO;
[11:32:11] [main/DEBUG]: Skipping Lnet/minecraft/world/storage/WorldInfo$9;
[11:32:11] [main/DEBUG]: Skipping Lnet/minecraft/world/storage/MapDecoration$Type;
[11:32:11] [main/DEBUG]: Skipping Lnet/minecraft/world/storage/MapData$MapInfo;
[11:32:11] [main/DEBUG]: Skipping Lnet/minecraft/world/storage/WorldInfo$1;
[11:32:11] [main/DEBUG]: Skipping Lnet/minecraft/world/storage/WorldInfo$10;
[11:32:11] [main/DEBUG]: Skipping Lnet/minecraft/world/storage/WorldInfo$2;
[11:32:11] [main/DEBUG]: Skipping Lnet/minecraft/world/storage/WorldInfo$3;
[11:32:11] [main/DEBUG]: Skipping Lnet/minecraft/world/storage/WorldInfo$4;
[11:32:11] [main/DEBUG]: Skipping Lnet/minecraft/world/storage/WorldInfo$5;
[11:32:11] [main/DEBUG]: Skipping Lnet/minecraft/world/storage/WorldInfo$6;
[11:32:11] [main/DEBUG]: Skipping Lnet/minecraft/world/storage/WorldInfo$7;
[11:32:11] [main/DEBUG]: Skipping Lnet/minecraft/world/storage/WorldInfo$8;
[11:32:11] [main/DEBUG]: Skipping Lnet/minecraft/world/storage/WorldSavedData;
[11:32:11] [main/DEBUG]: Skipping Lnet/minecraft/world/storage/MapDecoration;
[11:32:11] [main/DEBUG]: Skipping Lnet/minecraft/world/storage/MapData;
[11:32:11] [main/DEBUG]: Skipping Lnet/minecraft/world/storage/DerivedWorldInfo;
[11:32:11] [main/DEBUG]: Skipping Lnet/minecraft/world/storage/SaveHandler;
[11:32:11] [main/DEBUG]: Transforming class Lnet/minecraft/world/storage/SaveFormatOld;
[11:32:11] [main/DEBUG]: Transforming net.minecraft.world.storage.SaveFormatOld FIELD field_75808_a to access PUBLIC and LEAVE
[11:32:11] [main/DEBUG]: Skipping Lnet/minecraft/world/storage/WorldInfo;
[11:32:11] [main/DEBUG]: Skipping Lnet/minecraft/world/storage/loot/package-info;
[11:32:11] [main/DEBUG]: Skipping Lnet/minecraft/world/storage/loot/RandomValueRange$Serializer;
[11:32:11] [main/DEBUG]: Skipping Lnet/minecraft/world/storage/loot/ILootContainer;
[11:32:11] [main/DEBUG]: Skipping Lnet/minecraft/world/storage/loot/LootTableList;
[11:32:11] [main/DEBUG]: Skipping Lnet/minecraft/world/storage/loot/RandomValueRange;
[11:32:11] [main/DEBUG]: Skipping Lnet/minecraft/world/storage/loot/properties/package-info;
[11:32:11] [main/DEBUG]: Skipping Lnet/minecraft/world/storage/loot/properties/EntityOnFire$Serializer;
[11:32:11] [main/DEBUG]: Skipping Lnet/minecraft/world/storage/loot/properties/EntityPropertyManager;
[11:32:11] [main/DEBUG]: Skipping Lnet/minecraft/world/storage/loot/properties/EntityProperty;
[11:32:11] [main/DEBUG]: Skipping Lnet/minecraft/world/storage/loot/properties/EntityOnFire;
[11:32:11] [main/DEBUG]: Skipping Lnet/minecraft/world/storage/loot/properties/EntityProperty$Serializer;
[11:32:11] [main/DEBUG]: Skipping Lnet/minecraft/world/storage/loot/LootContext$1;
[11:32:11] [main/DEBUG]: Skipping Lnet/minecraft/world/storage/loot/LootContext$Builder;
[11:32:11] [main/DEBUG]: Skipping Lnet/minecraft/world/storage/loot/LootContext$EntityTarget;
[11:32:11] [main/DEBUG]: Skipping Lnet/minecraft/world/storage/loot/LootContext$EntityTarget$Serializer;
[11:32:11] [main/DEBUG]: Skipping Lnet/minecraft/world/storage/loot/LootTableManager$1;
[11:32:11] [main/DEBUG]: Skipping Lnet/minecraft/world/storage/loot/LootTableManager$Loader;
[11:32:11] [main/DEBUG]: Skipping Lnet/minecraft/world/storage/loot/LootPool$Serializer;
[11:32:11] [main/DEBUG]: Skipping Lnet/minecraft/world/storage/loot/LootEntry$Serializer;
[11:32:11] [main/DEBUG]: Skipping Lnet/minecraft/world/storage/loot/LootEntryEmpty;
[11:32:11] [main/DEBUG]: Skipping Lnet/minecraft/world/storage/loot/LootEntryItem;
[11:32:11] [main/DEBUG]: Transforming class Lnet/minecraft/world/storage/loot/LootPool;
[11:32:11] [main/DEBUG]: Transforming net.minecraft.world.storage.loot.LootPool FIELD field_186455_c to access PRIVATE and REMOVEFINAL
[11:32:11] [main/DEBUG]: Transforming net.minecraft.world.storage.loot.LootPool FIELD field_186456_d to access PRIVATE and REMOVEFINAL
[11:32:11] [main/DEBUG]: Skipping Lnet/minecraft/world/storage/loot/LootEntry;
[11:32:11] [main/DEBUG]: Skipping Lnet/minecraft/world/storage/loot/LootTable;
[11:32:11] [main/DEBUG]: Skipping Lnet/minecraft/world/storage/loot/LootContext;
[11:32:11] [main/DEBUG]: Skipping Lnet/minecraft/world/storage/loot/LootEntryTable;
[11:32:11] [main/DEBUG]: Skipping Lnet/minecraft/world/storage/loot/LootTableManager;
[11:32:11] [main/DEBUG]: Skipping Lnet/minecraft/world/storage/loot/functions/package-info;
[11:32:11] [main/DEBUG]: Skipping Lnet/minecraft/world/storage/loot/functions/Smelt$Serializer;
[11:32:11] [main/DEBUG]: Skipping Lnet/minecraft/world/storage/loot/functions/SetAttributes$Modifier;
[11:32:11] [main/DEBUG]: Skipping Lnet/minecraft/world/storage/loot/functions/SetAttributes$Serializer;
[11:32:11] [main/DEBUG]: Skipping Lnet/minecraft/world/storage/loot/functions/SetCount$Serializer;
[11:32:11] [main/DEBUG]: Skipping Lnet/minecraft/world/storage/loot/functions/SetDamage$Serializer;
[11:32:11] [main/DEBUG]: Skipping Lnet/minecraft/world/storage/loot/functions/EnchantRandomly$Serializer;
[11:32:11] [main/DEBUG]: Skipping Lnet/minecraft/world/storage/loot/functions/SetMetadata$Serializer;
[11:32:11] [main/DEBUG]: Skipping Lnet/minecraft/world/storage/loot/functions/EnchantWithLevels$Serializer;
[11:32:11] [main/DEBUG]: Skipping Lnet/minecraft/world/storage/loot/functions/SetNBT$Serializer;
[11:32:11] [main/DEBUG]: Skipping Lnet/minecraft/world/storage/loot/functions/EnchantRandomly;
[11:32:11] [main/DEBUG]: Skipping Lnet/minecraft/world/storage/loot/functions/EnchantWithLevels;
[11:32:11] [main/DEBUG]: Skipping Lnet/minecraft/world/storage/loot/functions/LootFunction;
[11:32:11] [main/DEBUG]: Skipping Lnet/minecraft/world/storage/loot/functions/LootFunctionManager;
[11:32:11] [main/DEBUG]: Skipping Lnet/minecraft/world/storage/loot/functions/SetAttributes;
[11:32:11] [main/DEBUG]: Skipping Lnet/minecraft/world/storage/loot/functions/SetCount;
[11:32:11] [main/DEBUG]: Skipping Lnet/minecraft/world/storage/loot/functions/SetDamage;
[11:32:11] [main/DEBUG]: Skipping Lnet/minecraft/world/storage/loot/functions/SetMetadata;
[11:32:11] [main/DEBUG]: Skipping Lnet/minecraft/world/storage/loot/functions/SetNBT;
[11:32:11] [main/DEBUG]: Skipping Lnet/minecraft/world/storage/loot/functions/Smelt;
[11:32:11] [main/DEBUG]: Skipping Lnet/minecraft/world/storage/loot/functions/LootFunctionManager$Serializer;
[11:32:11] [main/DEBUG]: Skipping Lnet/minecraft/world/storage/loot/functions/LootFunction$Serializer;
[11:32:11] [main/DEBUG]: Skipping Lnet/minecraft/world/storage/loot/functions/LootingEnchantBonus$Serializer;
[11:32:11] [main/DEBUG]: Skipping Lnet/minecraft/world/storage/loot/functions/LootingEnchantBonus;
[11:32:11] [main/DEBUG]: Skipping Lnet/minecraft/world/storage/loot/conditions/package-info;
[11:32:11] [main/DEBUG]: Skipping Lnet/minecraft/world/storage/loot/conditions/KilledByPlayer$Serializer;
[11:32:11] [main/DEBUG]: Skipping Lnet/minecraft/world/storage/loot/conditions/RandomChance$Serializer;
[11:32:11] [main/DEBUG]: Skipping Lnet/minecraft/world/storage/loot/conditions/EntityHasScore$Serializer;
[11:32:11] [main/DEBUG]: Skipping Lnet/minecraft/world/storage/loot/conditions/LootCondition$Serializer;
[11:32:11] [main/DEBUG]: Skipping Lnet/minecraft/world/storage/loot/conditions/EntityHasScore;
[11:32:11] [main/DEBUG]: Skipping Lnet/minecraft/world/storage/loot/conditions/LootCondition;
[11:32:11] [main/DEBUG]: Skipping Lnet/minecraft/world/storage/loot/conditions/EntityHasProperty;
[11:32:11] [main/DEBUG]: Skipping Lnet/minecraft/world/storage/loot/conditions/KilledByPlayer;
[11:32:11] [main/DEBUG]: Skipping Lnet/minecraft/world/storage/loot/conditions/RandomChance;
[11:32:11] [main/DEBUG]: Skipping Lnet/minecraft/world/storage/loot/conditions/EntityHasProperty$Serializer;
[11:32:11] [main/DEBUG]: Skipping Lnet/minecraft/world/storage/loot/conditions/RandomChanceWithLooting$Serializer;
[11:32:11] [main/DEBUG]: Skipping Lnet/minecraft/world/storage/loot/conditions/LootConditionManager$Serializer;
[11:32:11] [main/DEBUG]: Skipping Lnet/minecraft/world/storage/loot/conditions/LootConditionManager;
[11:32:11] [main/DEBUG]: Skipping Lnet/minecraft/world/storage/loot/conditions/RandomChanceWithLooting;
[11:32:11] [main/DEBUG]: Skipping Lnet/minecraft/world/storage/loot/LootTable$Serializer;
[11:32:11] [main/DEBUG]: Skipping Lnet/minecraft/world/BossInfo$Color;
[11:32:11] [main/DEBUG]: Skipping Lnet/minecraft/world/BossInfo$Overlay;
[11:32:11] [main/DEBUG]: Skipping Lnet/minecraft/world/gen/package-info;
[11:32:11] [main/DEBUG]: Skipping Lnet/minecraft/world/gen/ChunkGeneratorSettings$1;
[11:32:11] [main/DEBUG]: Skipping Lnet/minecraft/world/gen/ChunkGeneratorSettings$Factory;
[11:32:11] [main/DEBUG]: Skipping Lnet/minecraft/world/gen/ChunkGeneratorSettings$Serializer;
[11:32:11] [main/DEBUG]: Skipping Lnet/minecraft/world/gen/IChunkGenerator;
[11:32:11] [main/DEBUG]: Skipping Lnet/minecraft/world/gen/ChunkGeneratorSettings;
[11:32:11] [main/DEBUG]: Skipping Lnet/minecraft/world/gen/ChunkGeneratorDebug;
[11:32:11] [main/DEBUG]: Skipping Lnet/minecraft/world/gen/MapGenBase;
[11:32:11] [main/DEBUG]: Skipping Lnet/minecraft/world/gen/MapGenCavesHell;
[11:32:11] [main/DEBUG]: Skipping Lnet/minecraft/world/gen/FlatGeneratorInfo;
[11:32:11] [main/DEBUG]: Skipping Lnet/minecraft/world/gen/FlatLayerInfo;
[11:32:11] [main/DEBUG]: Skipping Lnet/minecraft/world/gen/NoiseGeneratorImproved;
[11:32:11] [main/DEBUG]: Skipping Lnet/minecraft/world/gen/NoiseGeneratorOctaves;
[11:32:11] [main/DEBUG]: Skipping Lnet/minecraft/world/gen/NoiseGeneratorPerlin;
[11:32:11] [main/DEBUG]: Skipping Lnet/minecraft/world/gen/NoiseGeneratorSimplex;
[11:32:11] [main/DEBUG]: Skipping Lnet/minecraft/world/gen/NoiseGenerator;
[11:32:11] [main/DEBUG]: Transforming class Lnet/minecraft/world/gen/ChunkProviderServer;
[11:32:11] [main/DEBUG]: Transforming net.minecraft.world.gen.ChunkProviderServer FIELD field_186029_c to access PUBLIC and LEAVE
[11:32:11] [main/DEBUG]: Transforming net.minecraft.world.gen.ChunkProviderServer FIELD field_73247_e to access PUBLIC and LEAVE
[11:32:11] [main/DEBUG]: Transforming net.minecraft.world.gen.ChunkProviderServer FIELD field_73244_f to access PUBLIC and LEAVE
[11:32:11] [main/DEBUG]: Transforming net.minecraft.world.gen.ChunkProviderServer FIELD field_73251_h to access PUBLIC and LEAVE
[11:32:11] [main/DEBUG]: Skipping Lnet/minecraft/world/gen/MapGenRavine;
[11:32:11] [main/DEBUG]: Skipping Lnet/minecraft/world/gen/ChunkGeneratorFlat;
[11:32:11] [main/DEBUG]: Skipping Lnet/minecraft/world/gen/MapGenCaves;
[11:32:11] [main/DEBUG]: Transforming class Lnet/minecraft/world/gen/ChunkGeneratorHell;
[11:32:11] [main/DEBUG]: Transforming net.minecraft.world.gen.ChunkGeneratorHell FIELD field_185957_u to access PRIVATE and REMOVEFINAL
[11:32:11] [main/DEBUG]: Transforming net.minecraft.world.gen.ChunkGeneratorHell FIELD field_185958_v to access PRIVATE and REMOVEFINAL
[11:32:11] [main/DEBUG]: Transforming net.minecraft.world.gen.ChunkGeneratorHell FIELD field_185959_w to access PRIVATE and REMOVEFINAL
[11:32:11] [main/DEBUG]: Transforming net.minecraft.world.gen.ChunkGeneratorHell FIELD field_73177_m to access PRIVATE and REMOVEFINAL
[11:32:11] [main/DEBUG]: Transforming net.minecraft.world.gen.ChunkGeneratorHell FIELD field_73174_n to access PRIVATE and REMOVEFINAL
[11:32:11] [main/DEBUG]: Transforming net.minecraft.world.gen.ChunkGeneratorHell FIELD field_185946_g to access PUBLIC and REMOVEFINAL
[11:32:11] [main/DEBUG]: Transforming net.minecraft.world.gen.ChunkGeneratorHell FIELD field_185947_h to access PUBLIC and REMOVEFINAL
[11:32:11] [main/DEBUG]: Transforming net.minecraft.world.gen.ChunkGeneratorHell FIELD field_73172_c to access PRIVATE and REMOVEFINAL
[11:32:11] [main/DEBUG]: Transforming net.minecraft.world.gen.ChunkGeneratorHell FIELD field_185939_I to access PRIVATE and REMOVEFINAL
[11:32:11] [main/DEBUG]: Transforming class Lnet/minecraft/world/gen/ChunkGeneratorOverworld;
[11:32:11] [main/DEBUG]: Transforming net.minecraft.world.gen.ChunkGeneratorOverworld FIELD field_185991_j to access PRIVATE and REMOVEFINAL
[11:32:11] [main/DEBUG]: Transforming net.minecraft.world.gen.ChunkGeneratorOverworld FIELD field_185992_k to access PRIVATE and REMOVEFINAL
[11:32:11] [main/DEBUG]: Transforming net.minecraft.world.gen.ChunkGeneratorOverworld FIELD field_185993_l to access PRIVATE and REMOVEFINAL
[11:32:11] [main/DEBUG]: Transforming net.minecraft.world.gen.ChunkGeneratorOverworld FIELD field_185994_m to access PRIVATE and REMOVEFINAL
[11:32:11] [main/DEBUG]: Transforming net.minecraft.world.gen.ChunkGeneratorOverworld FIELD field_186003_v to access PRIVATE and REMOVEFINAL
[11:32:11] [main/DEBUG]: Transforming net.minecraft.world.gen.ChunkGeneratorOverworld FIELD field_186004_w to access PRIVATE and REMOVEFINAL
[11:32:11] [main/DEBUG]: Transforming net.minecraft.world.gen.ChunkGeneratorOverworld FIELD field_186005_x to access PRIVATE and REMOVEFINAL
[11:32:11] [main/DEBUG]: Transforming net.minecraft.world.gen.ChunkGeneratorOverworld FIELD field_186006_y to access PRIVATE and REMOVEFINAL
[11:32:11] [main/DEBUG]: Transforming net.minecraft.world.gen.ChunkGeneratorOverworld FIELD field_186007_z to access PRIVATE and REMOVEFINAL
[11:32:11] [main/DEBUG]: Transforming net.minecraft.world.gen.ChunkGeneratorOverworld FIELD field_185979_A to access PRIVATE and REMOVEFINAL
[11:32:11] [main/DEBUG]: Transforming net.minecraft.world.gen.ChunkGeneratorOverworld FIELD field_185980_B to access PRIVATE and REMOVEFINAL
[11:32:11] [main/DEBUG]: Transforming net.minecraft.world.gen.ChunkGeneratorOverworld FIELD field_191060_C to access PRIVATE and REMOVEFINAL
[11:32:11] [main/DEBUG]: Transforming class Lnet/minecraft/world/gen/ChunkGeneratorEnd;
[11:32:11] [main/DEBUG]: Transforming net.minecraft.world.gen.ChunkGeneratorEnd FIELD field_185969_i to access PRIVATE and REMOVEFINAL
[11:32:11] [main/DEBUG]: Transforming net.minecraft.world.gen.ChunkGeneratorEnd FIELD field_185970_j to access PRIVATE and REMOVEFINAL
[11:32:11] [main/DEBUG]: Transforming net.minecraft.world.gen.ChunkGeneratorEnd FIELD field_185971_k to access PRIVATE and REMOVEFINAL
[11:32:11] [main/DEBUG]: Transforming net.minecraft.world.gen.ChunkGeneratorEnd FIELD field_185972_n to access PRIVATE and REMOVEFINAL
[11:32:11] [main/DEBUG]: Transforming net.minecraft.world.gen.ChunkGeneratorEnd FIELD field_185973_o to access PRIVATE and REMOVEFINAL
[11:32:11] [main/DEBUG]: Skipping Lnet/minecraft/world/gen/feature/package-info;
[11:32:11] [main/DEBUG]: Skipping Lnet/minecraft/world/gen/feature/WorldGenSpikes$EndSpike;
[11:32:11] [main/DEBUG]: Skipping Lnet/minecraft/world/gen/feature/WorldGenBlockBlob;
[11:32:11] [main/DEBUG]: Skipping Lnet/minecraft/world/gen/feature/WorldGenCactus;
[11:32:11] [main/DEBUG]: Skipping Lnet/minecraft/world/gen/feature/WorldGenClay;
[11:32:11] [main/DEBUG]: Skipping Lnet/minecraft/world/gen/feature/WorldGenDesertWells;
[11:32:11] [main/DEBUG]: Skipping Lnet/minecraft/world/gen/feature/WorldGenDoublePlant;
[11:32:11] [main/DEBUG]: Skipping Lnet/minecraft/world/gen/feature/WorldGenEndGateway;
[11:32:11] [main/DEBUG]: Skipping Lnet/minecraft/world/gen/feature/WorldGenEndIsland;
[11:32:11] [main/DEBUG]: Skipping Lnet/minecraft/world/gen/feature/WorldGenEndPodium;
[11:32:11] [main/DEBUG]: Skipping Lnet/minecraft/world/gen/feature/WorldGenFlowers;
[11:32:11] [main/DEBUG]: Skipping Lnet/minecraft/world/gen/feature/WorldGenFossils;
[11:32:11] [main/DEBUG]: Skipping Lnet/minecraft/world/gen/feature/WorldGenFire;
[11:32:11] [main/DEBUG]: Skipping Lnet/minecraft/world/gen/feature/WorldGenIcePath;
[11:32:11] [main/DEBUG]: Skipping Lnet/minecraft/world/gen/feature/WorldGenMelon;
[11:32:11] [main/DEBUG]: Skipping Lnet/minecraft/world/gen/feature/WorldGenPumpkin;
[11:32:11] [main/DEBUG]: Skipping Lnet/minecraft/world/gen/feature/WorldGenReed;
[11:32:11] [main/DEBUG]: Skipping Lnet/minecraft/world/gen/feature/WorldGenSand;
[11:32:11] [main/DEBUG]: Skipping Lnet/minecraft/world/gen/feature/WorldGenSpikes;
[11:32:11] [main/DEBUG]: Skipping Lnet/minecraft/world/gen/feature/WorldGenVines;
[11:32:11] [main/DEBUG]: Skipping Lnet/minecraft/world/gen/feature/WorldGenWaterlily;
[11:32:11] [main/DEBUG]: Skipping Lnet/minecraft/world/gen/feature/WorldGenMinable$1;
[11:32:11] [main/DEBUG]: Skipping Lnet/minecraft/world/gen/feature/WorldGenMinable$StonePredicate;
[11:32:11] [main/DEBUG]: Skipping Lnet/minecraft/world/gen/feature/WorldGenAbstractTree;
[11:32:11] [main/DEBUG]: Skipping Lnet/minecraft/world/gen/feature/WorldGenBigTree;
[11:32:11] [main/DEBUG]: Skipping Lnet/minecraft/world/gen/feature/WorldGenBirchTree;
[11:32:11] [main/DEBUG]: Skipping Lnet/minecraft/world/gen/feature/WorldGeneratorBonusChest;
[11:32:11] [main/DEBUG]: Skipping Lnet/minecraft/world/gen/feature/WorldGenBush;
[11:32:11] [main/DEBUG]: Skipping Lnet/minecraft/world/gen/feature/WorldGenDeadBush;
[11:32:11] [main/DEBUG]: Skipping Lnet/minecraft/world/gen/feature/WorldGenerator;
[11:32:11] [main/DEBUG]: Skipping Lnet/minecraft/world/gen/feature/WorldGenShrub;
[11:32:11] [main/DEBUG]: Skipping Lnet/minecraft/world/gen/feature/WorldGenGlowStone2;
[11:32:11] [main/DEBUG]: Skipping Lnet/minecraft/world/gen/feature/WorldGenBigTree$FoliageCoordinates;
[11:32:11] [main/DEBUG]: Skipping Lnet/minecraft/world/gen/feature/WorldGenHellLava;
[11:32:11] [main/DEBUG]: Skipping Lnet/minecraft/world/gen/feature/WorldGenBigMushroom;
[11:32:11] [main/DEBUG]: Skipping Lnet/minecraft/world/gen/feature/WorldGenIceSpike;
[11:32:11] [main/DEBUG]: Skipping Lnet/minecraft/world/gen/feature/WorldGenLakes;
[11:32:11] [main/DEBUG]: Skipping Lnet/minecraft/world/gen/feature/WorldGenGlowStone1;
[11:32:11] [main/DEBUG]: Skipping Lnet/minecraft/world/gen/feature/WorldGenMegaJungle;
[11:32:11] [main/DEBUG]: Skipping Lnet/minecraft/world/gen/feature/WorldGenMegaPineTree;
[11:32:11] [main/DEBUG]: Skipping Lnet/minecraft/world/gen/feature/WorldGenHugeTrees;
[11:32:11] [main/DEBUG]: Skipping Lnet/minecraft/world/gen/feature/WorldGenDungeons;
[11:32:11] [main/DEBUG]: Skipping Lnet/minecraft/world/gen/feature/WorldGenMinable;
[11:32:11] [main/DEBUG]: Skipping Lnet/minecraft/world/gen/feature/WorldGenTaiga1;
[11:32:11] [main/DEBUG]: Skipping Lnet/minecraft/world/gen/feature/WorldGenCanopyTree;
[11:32:11] [main/DEBUG]: Skipping Lnet/minecraft/world/gen/feature/WorldGenSavannaTree;
[11:32:11] [main/DEBUG]: Skipping Lnet/minecraft/world/gen/feature/WorldGenLiquids;
[11:32:11] [main/DEBUG]: Skipping Lnet/minecraft/world/gen/feature/WorldGenTaiga2;
[11:32:11] [main/DEBUG]: Skipping Lnet/minecraft/world/gen/feature/WorldGenSwamp;
[11:32:11] [main/DEBUG]: Skipping Lnet/minecraft/world/gen/feature/WorldGenTallGrass;
[11:32:11] [main/DEBUG]: Skipping Lnet/minecraft/world/gen/feature/WorldGenTrees;
[11:32:11] [main/DEBUG]: Skipping Lnet/minecraft/world/gen/layer/package-info;
[11:32:11] [main/DEBUG]: Skipping Lnet/minecraft/world/gen/layer/GenLayerEdge$1;
[11:32:11] [main/DEBUG]: Skipping Lnet/minecraft/world/gen/layer/GenLayerEdge$Mode;
[11:32:11] [main/DEBUG]: Skipping Lnet/minecraft/world/gen/layer/GenLayerDeepOcean;
[11:32:11] [main/DEBUG]: Skipping Lnet/minecraft/world/gen/layer/GenLayerEdge;
[11:32:11] [main/DEBUG]: Skipping Lnet/minecraft/world/gen/layer/GenLayerAddIsland;
[11:32:11] [main/DEBUG]: Skipping Lnet/minecraft/world/gen/layer/GenLayerAddMushroomIsland;
[11:32:11] [main/DEBUG]: Skipping Lnet/minecraft/world/gen/layer/GenLayerAddSnow;
[11:32:11] [main/DEBUG]: Skipping Lnet/minecraft/world/gen/layer/GenLayerBiomeEdge;
[11:32:11] [main/DEBUG]: Skipping Lnet/minecraft/world/gen/layer/GenLayerFuzzyZoom;
[11:32:11] [main/DEBUG]: Skipping Lnet/minecraft/world/gen/layer/IntCache;
[11:32:11] [main/DEBUG]: Skipping Lnet/minecraft/world/gen/layer/GenLayerIsland;
[11:32:11] [main/DEBUG]: Skipping Lnet/minecraft/world/gen/layer/GenLayerRareBiome;
[11:32:11] [main/DEBUG]: Skipping Lnet/minecraft/world/gen/layer/GenLayerHills;
[11:32:11] [main/DEBUG]: Skipping Lnet/minecraft/world/gen/layer/GenLayerRemoveTooMuchOcean;
[11:32:11] [main/DEBUG]: Skipping Lnet/minecraft/world/gen/layer/GenLayerRiverInit;
[11:32:11] [main/DEBUG]: Skipping Lnet/minecraft/world/gen/layer/GenLayerRiver;
[11:32:11] [main/DEBUG]: Skipping Lnet/minecraft/world/gen/layer/GenLayerRiverMix;
[11:32:11] [main/DEBUG]: Skipping Lnet/minecraft/world/gen/layer/GenLayerShore;
[11:32:11] [main/DEBUG]: Skipping Lnet/minecraft/world/gen/layer/GenLayerSmooth;
[11:32:11] [main/DEBUG]: Skipping Lnet/minecraft/world/gen/layer/GenLayerVoronoiZoom;
[11:32:11] [main/DEBUG]: Skipping Lnet/minecraft/world/gen/layer/GenLayerZoom;
[11:32:11] [main/DEBUG]: Skipping Lnet/minecraft/world/gen/layer/GenLayerBiome;
[11:32:11] [main/DEBUG]: Skipping Lnet/minecraft/world/gen/layer/GenLayer;
[11:32:11] [main/DEBUG]: Skipping Lnet/minecraft/world/gen/structure/package-info;
[11:32:11] [main/DEBUG]: Skipping Lnet/minecraft/world/gen/structure/StructureOceanMonumentPieces$1;
[11:32:11] [main/DEBUG]: Skipping Lnet/minecraft/world/gen/structure/StructureOceanMonumentPieces$XDoubleRoomFitHelper;
[11:32:11] [main/DEBUG]: Skipping Lnet/minecraft/world/gen/structure/StructureOceanMonumentPieces$XYDoubleRoomFitHelper;
[11:32:11] [main/DEBUG]: Skipping Lnet/minecraft/world/gen/structure/StructureOceanMonumentPieces$YDoubleRoomFitHelper;
[11:32:11] [main/DEBUG]: Skipping Lnet/minecraft/world/gen/structure/StructureOceanMonumentPieces$YZDoubleRoomFitHelper;
[11:32:11] [main/DEBUG]: Skipping Lnet/minecraft/world/gen/structure/StructureOceanMonumentPieces$ZDoubleRoomFitHelper;
[11:32:11] [main/DEBUG]: Skipping Lnet/minecraft/world/gen/structure/StructureOceanMonumentPieces$FitSimpleRoomHelper;
[11:32:11] [main/DEBUG]: Skipping Lnet/minecraft/world/gen/structure/StructureOceanMonumentPieces$FitSimpleRoomTopHelper;
[11:32:11] [main/DEBUG]: Skipping Lnet/minecraft/world/gen/structure/StructureOceanMonumentPieces$MonumentBuilding;
[11:32:11] [main/DEBUG]: Skipping Lnet/minecraft/world/gen/structure/StructureOceanMonumentPieces$MonumentRoomFitHelper;
[11:32:11] [main/DEBUG]: Skipping Lnet/minecraft/world/gen/structure/StructureOceanMonumentPieces$MonumentCoreRoom;
[11:32:11] [main/DEBUG]: Skipping Lnet/minecraft/world/gen/structure/StructureOceanMonumentPieces$DoubleXRoom;
[11:32:11] [main/DEBUG]: Skipping Lnet/minecraft/world/gen/structure/StructureOceanMonumentPieces$DoubleXYRoom;
[11:32:11] [main/DEBUG]: Skipping Lnet/minecraft/world/gen/structure/StructureOceanMonumentPieces$DoubleYRoom;
[11:32:11] [main/DEBUG]: Skipping Lnet/minecraft/world/gen/structure/StructureOceanMonumentPieces$DoubleYZRoom;
[11:32:11] [main/DEBUG]: Skipping Lnet/minecraft/world/gen/structure/StructureOceanMonumentPieces$DoubleZRoom;
[11:32:11] [main/DEBUG]: Skipping Lnet/minecraft/world/gen/structure/StructureOceanMonumentPieces$EntryRoom;
[11:32:11] [main/DEBUG]: Skipping Lnet/minecraft/world/gen/structure/StructureOceanMonumentPieces$Penthouse;
[11:32:11] [main/DEBUG]: Skipping Lnet/minecraft/world/gen/structure/StructureOceanMonumentPieces$Piece;
[11:32:11] [main/DEBUG]: Skipping Lnet/minecraft/world/gen/structure/StructureOceanMonumentPieces$SimpleRoom;
[11:32:11] [main/DEBUG]: Skipping Lnet/minecraft/world/gen/structure/StructureOceanMonumentPieces$SimpleTopRoom;
[11:32:11] [main/DEBUG]: Skipping Lnet/minecraft/world/gen/structure/StructureOceanMonumentPieces$WingRoom;
[11:32:11] [main/DEBUG]: Skipping Lnet/minecraft/world/gen/structure/StructureOceanMonumentPieces$RoomDefinition;
[11:32:11] [main/DEBUG]: Skipping Lnet/minecraft/world/gen/structure/MapGenMineshaft$Type;
[11:32:11] [main/DEBUG]: Skipping Lnet/minecraft/world/gen/structure/MapGenScatteredFeature$Start;
[11:32:11] [main/DEBUG]: Skipping Lnet/minecraft/world/gen/structure/StructureMineshaftPieces$1;
[11:32:11] [main/DEBUG]: Skipping Lnet/minecraft/world/gen/structure/StructureMineshaftPieces$Corridor;
[11:32:11] [main/DEBUG]: Skipping Lnet/minecraft/world/gen/structure/StructureMineshaftPieces$Cross;
[11:32:11] [main/DEBUG]: Skipping Lnet/minecraft/world/gen/structure/StructureMineshaftPieces$Peice;
[11:32:11] [main/DEBUG]: Skipping Lnet/minecraft/world/gen/structure/StructureMineshaftPieces$Room;
[11:32:11] [main/DEBUG]: Skipping Lnet/minecraft/world/gen/structure/StructureMineshaftPieces$Stairs;
[11:32:11] [main/DEBUG]: Skipping Lnet/minecraft/world/gen/structure/ComponentScatteredFeaturePieces$1;
[11:32:11] [main/DEBUG]: Skipping Lnet/minecraft/world/gen/structure/ComponentScatteredFeaturePieces$DesertPyramid;
[11:32:11] [main/DEBUG]: Skipping Lnet/minecraft/world/gen/structure/ComponentScatteredFeaturePieces$Igloo;
[11:32:11] [main/DEBUG]: Skipping Lnet/minecraft/world/gen/structure/ComponentScatteredFeaturePieces$JunglePyramid;
[11:32:11] [main/DEBUG]: Skipping Lnet/minecraft/world/gen/structure/ComponentScatteredFeaturePieces$Feature;
[11:32:11] [main/DEBUG]: Skipping Lnet/minecraft/world/gen/structure/ComponentScatteredFeaturePieces$SwampHut;
[11:32:11] [main/DEBUG]: Skipping Lnet/minecraft/world/gen/structure/StructureStrongholdPieces$Stronghold$Door;
[11:32:11] [main/DEBUG]: Skipping Lnet/minecraft/world/gen/structure/MapGenVillage$Start;
[11:32:11] [main/DEBUG]: Skipping Lnet/minecraft/world/gen/structure/MapGenNetherBridge$Start;
[11:32:11] [main/DEBUG]: Skipping Lnet/minecraft/world/gen/structure/StructureComponentTemplate$1;
[11:32:11] [main/DEBUG]: Skipping Lnet/minecraft/world/gen/structure/StructureBoundingBox$1;
[11:32:11] [main/DEBUG]: Skipping Lnet/minecraft/world/gen/structure/StructureStrongholdPieces$1;
[11:32:11] [main/DEBUG]: Skipping Lnet/minecraft/world/gen/structure/StructureStrongholdPieces$2;
[11:32:11] [main/DEBUG]: Skipping Lnet/minecraft/world/gen/structure/StructureStrongholdPieces$3;
[11:32:11] [main/DEBUG]: Skipping Lnet/minecraft/world/gen/structure/StructureStrongholdPieces$ChestCorridor;
[11:32:11] [main/DEBUG]: Skipping Lnet/minecraft/world/gen/structure/StructureStrongholdPieces$Corridor;
[11:32:11] [main/DEBUG]: Skipping Lnet/minecraft/world/gen/structure/StructureStrongholdPieces$Crossing;
[11:32:11] [main/DEBUG]: Skipping Lnet/minecraft/world/gen/structure/StructureStrongholdPieces$LeftTurn;
[11:32:11] [main/DEBUG]: Skipping Lnet/minecraft/world/gen/structure/StructureStrongholdPieces$Library;
[11:32:11] [main/DEBUG]: Skipping Lnet/minecraft/world/gen/structure/StructureStrongholdPieces$PieceWeight;
[11:32:11] [main/DEBUG]: Skipping Lnet/minecraft/world/gen/structure/StructureStrongholdPieces$PortalRoom;
[11:32:11] [main/DEBUG]: Skipping Lnet/minecraft/world/gen/structure/StructureStrongholdPieces$Prison;
[11:32:11] [main/DEBUG]: Skipping Lnet/minecraft/world/gen/structure/StructureStrongholdPieces$RightTurn;
[11:32:11] [main/DEBUG]: Skipping Lnet/minecraft/world/gen/structure/StructureStrongholdPieces$RoomCrossing;
[11:32:11] [main/DEBUG]: Skipping Lnet/minecraft/world/gen/structure/StructureStrongholdPieces$Stones;
[11:32:11] [main/DEBUG]: Skipping Lnet/minecraft/world/gen/structure/StructureStrongholdPieces$Stairs;
[11:32:11] [main/DEBUG]: Skipping Lnet/minecraft/world/gen/structure/StructureStrongholdPieces$Stairs2;
[11:32:11] [main/DEBUG]: Skipping Lnet/minecraft/world/gen/structure/StructureStrongholdPieces$Straight;
[11:32:11] [main/DEBUG]: Skipping Lnet/minecraft/world/gen/structure/StructureStrongholdPieces$StairsStraight;
[11:32:11] [main/DEBUG]: Transforming class Lnet/minecraft/world/gen/structure/StructureStrongholdPieces$Stronghold;
[11:32:11] [main/DEBUG]: Transforming net.minecraft.world.gen.structure.StructureStrongholdPieces$Stronghold CLASS to access PUBLIC and LEAVE
[11:32:11] [main/DEBUG]: Skipping Lnet/minecraft/world/gen/structure/StructureNetherBridgePieces$1;
[11:32:11] [main/DEBUG]: Skipping Lnet/minecraft/world/gen/structure/StructureNetherBridgePieces$Crossing3;
[11:32:11] [main/DEBUG]: Skipping Lnet/minecraft/world/gen/structure/StructureNetherBridgePieces$End;
[11:32:11] [main/DEBUG]: Skipping Lnet/minecraft/world/gen/structure/StructureNetherBridgePieces$Straight;
[11:32:11] [main/DEBUG]: Skipping Lnet/minecraft/world/gen/structure/StructureNetherBridgePieces$Corridor3;
[11:32:11] [main/DEBUG]: Skipping Lnet/minecraft/world/gen/structure/StructureNetherBridgePieces$Corridor4;
[11:32:11] [main/DEBUG]: Skipping Lnet/minecraft/world/gen/structure/StructureNetherBridgePieces$Entrance;
[11:32:11] [main/DEBUG]: Skipping Lnet/minecraft/world/gen/structure/StructureNetherBridgePieces$Crossing2;
[11:32:11] [main/DEBUG]: Skipping Lnet/minecraft/world/gen/structure/StructureNetherBridgePieces$Corridor;
[11:32:11] [main/DEBUG]: Skipping Lnet/minecraft/world/gen/structure/StructureNetherBridgePieces$Corridor5;
[11:32:11] [main/DEBUG]: Skipping Lnet/minecraft/world/gen/structure/StructureNetherBridgePieces$Corridor2;
[11:32:11] [main/DEBUG]: Skipping Lnet/minecraft/world/gen/structure/StructureNetherBridgePieces$NetherStalkRoom;
[11:32:11] [main/DEBUG]: Skipping Lnet/minecraft/world/gen/structure/StructureNetherBridgePieces$Throne;
[11:32:11] [main/DEBUG]: Skipping Lnet/minecraft/world/gen/structure/StructureNetherBridgePieces$Piece;
[11:32:11] [main/DEBUG]: Skipping Lnet/minecraft/world/gen/structure/StructureNetherBridgePieces$PieceWeight;
[11:32:11] [main/DEBUG]: Skipping Lnet/minecraft/world/gen/structure/StructureNetherBridgePieces$Crossing;
[11:32:11] [main/DEBUG]: Skipping Lnet/minecraft/world/gen/structure/StructureNetherBridgePieces$Stairs;
[11:32:11] [main/DEBUG]: Skipping Lnet/minecraft/world/gen/structure/StructureNetherBridgePieces$Start;
[11:32:11] [main/DEBUG]: Skipping Lnet/minecraft/world/gen/structure/MapGenEndCity$Start;
[11:32:11] [main/DEBUG]: Skipping Lnet/minecraft/world/gen/structure/ComponentScatteredFeaturePieces$JunglePyramid$Stones;
[11:32:11] [main/DEBUG]: Skipping Lnet/minecraft/world/gen/structure/WoodlandMansion$Start;
[11:32:11] [main/DEBUG]: Skipping Lnet/minecraft/world/gen/structure/StructureBoundingBox;
[11:32:11] [main/DEBUG]: Skipping Lnet/minecraft/world/gen/structure/MapGenEndCity;
[11:32:11] [main/DEBUG]: Skipping Lnet/minecraft/world/gen/structure/StructureEndCityPieces;
[11:32:11] [main/DEBUG]: Skipping Lnet/minecraft/world/gen/structure/MapGenMineshaft;
[11:32:11] [main/DEBUG]: Skipping Lnet/minecraft/world/gen/structure/StructureMineshaftPieces;
[11:32:11] [main/DEBUG]: Skipping Lnet/minecraft/world/gen/structure/StructureMineshaftStart;
[11:32:11] [main/DEBUG]: Skipping Lnet/minecraft/world/gen/structure/MapGenNetherBridge;
[11:32:11] [main/DEBUG]: Skipping Lnet/minecraft/world/gen/structure/StructureNetherBridgePieces;
[11:32:11] [main/DEBUG]: Skipping Lnet/minecraft/world/gen/structure/StructureOceanMonument;
[11:32:11] [main/DEBUG]: Skipping Lnet/minecraft/world/gen/structure/StructureOceanMonumentPieces;
[11:32:11] [main/DEBUG]: Skipping Lnet/minecraft/world/gen/structure/MapGenScatteredFeature;
[11:32:11] [main/DEBUG]: Skipping Lnet/minecraft/world/gen/structure/ComponentScatteredFeaturePieces;
[11:32:11] [main/DEBUG]: Transforming class Lnet/minecraft/world/gen/structure/StructureStrongholdPieces;
[11:32:11] [main/DEBUG]: Transforming net.minecraft.world.gen.structure.StructureStrongholdPieces INNERCLASS Stronghold to access PUBLIC and LEAVE
[11:32:11] [main/DEBUG]: Transforming class Lnet/minecraft/world/gen/structure/MapGenStructureIO;
[11:32:11] [main/DEBUG]: Transforming net.minecraft.world.gen.structure.MapGenStructureIO METHOD func_143034_b(Ljava/lang/Class;Ljava/lang/String;)V to access PUBLIC and LEAVE
[11:32:11] [main/DEBUG]: Transforming net.minecraft.world.gen.structure.MapGenStructureIO METHOD func_143031_a(Ljava/lang/Class;Ljava/lang/String;)V to access PUBLIC and LEAVE
[11:32:11] [main/DEBUG]: Skipping Lnet/minecraft/world/gen/structure/MapGenStructureData;
[11:32:11] [main/DEBUG]: Skipping Lnet/minecraft/world/gen/structure/StructureComponentTemplate;
[11:32:11] [main/DEBUG]: Transforming class Lnet/minecraft/world/gen/structure/MapGenVillage;
[11:32:11] [main/DEBUG]: Transforming net.minecraft.world.gen.structure.MapGenVillage FIELD field_75055_e to access PUBLIC and REMOVEFINAL
[11:32:11] [main/DEBUG]: Skipping Lnet/minecraft/world/gen/structure/WoodlandMansion;
[11:32:11] [main/DEBUG]: Skipping Lnet/minecraft/world/gen/structure/WoodlandMansionPieces;
[11:32:11] [main/DEBUG]: Skipping Lnet/minecraft/world/gen/structure/StructureOceanMonument$StartMonument;
[11:32:11] [main/DEBUG]: Skipping Lnet/minecraft/world/gen/structure/StructureEndCityPieces$1;
[11:32:11] [main/DEBUG]: Skipping Lnet/minecraft/world/gen/structure/StructureEndCityPieces$2;
[11:32:11] [main/DEBUG]: Skipping Lnet/minecraft/world/gen/structure/StructureEndCityPieces$3;
[11:32:11] [main/DEBUG]: Skipping Lnet/minecraft/world/gen/structure/StructureEndCityPieces$4;
[11:32:11] [main/DEBUG]: Skipping Lnet/minecraft/world/gen/structure/StructureEndCityPieces$CityTemplate;
[11:32:11] [main/DEBUG]: Skipping Lnet/minecraft/world/gen/structure/StructureEndCityPieces$IGenerator;
[11:32:11] [main/DEBUG]: Skipping Lnet/minecraft/world/gen/structure/WoodlandMansionPieces$1;
[11:32:11] [main/DEBUG]: Skipping Lnet/minecraft/world/gen/structure/WoodlandMansionPieces$FirstFloor;
[11:32:11] [main/DEBUG]: Skipping Lnet/minecraft/world/gen/structure/WoodlandMansionPieces$RoomCollection;
[11:32:11] [main/DEBUG]: Skipping Lnet/minecraft/world/gen/structure/WoodlandMansionPieces$Grid;
[11:32:11] [main/DEBUG]: Skipping Lnet/minecraft/world/gen/structure/WoodlandMansionPieces$Placer;
[11:32:11] [main/DEBUG]: Skipping Lnet/minecraft/world/gen/structure/WoodlandMansionPieces$PlacementData;
[11:32:11] [main/DEBUG]: Skipping Lnet/minecraft/world/gen/structure/WoodlandMansionPieces$SecondFloor;
[11:32:11] [main/DEBUG]: Skipping Lnet/minecraft/world/gen/structure/WoodlandMansionPieces$SimpleGrid;
[11:32:11] [main/DEBUG]: Skipping Lnet/minecraft/world/gen/structure/WoodlandMansionPieces$ThirdFloor;
[11:32:11] [main/DEBUG]: Skipping Lnet/minecraft/world/gen/structure/WoodlandMansionPieces$MansionTemplate;
[11:32:11] [main/DEBUG]: Skipping Lnet/minecraft/world/gen/structure/StructureComponent$1;
[11:32:11] [main/DEBUG]: Skipping Lnet/minecraft/world/gen/structure/StructureComponent$BlockSelector;
[11:32:11] [main/DEBUG]: Skipping Lnet/minecraft/world/gen/structure/MapGenStronghold$Start;
[11:32:11] [main/DEBUG]: Skipping Lnet/minecraft/world/gen/structure/StructureVillagePieces$1;
[11:32:11] [main/DEBUG]: Skipping Lnet/minecraft/world/gen/structure/StructureVillagePieces$House1;
[11:32:11] [main/DEBUG]: Skipping Lnet/minecraft/world/gen/structure/StructureVillagePieces$Field1;
[11:32:11] [main/DEBUG]: Skipping Lnet/minecraft/world/gen/structure/StructureVillagePieces$Field2;
[11:32:11] [main/DEBUG]: Skipping Lnet/minecraft/world/gen/structure/StructureVillagePieces$Torch;
[11:32:11] [main/DEBUG]: Skipping Lnet/minecraft/world/gen/structure/StructureVillagePieces$PieceWeight;
[11:32:11] [main/DEBUG]: Skipping Lnet/minecraft/world/gen/structure/StructureVillagePieces$Hall;
[11:32:11] [main/DEBUG]: Skipping Lnet/minecraft/world/gen/structure/StructureVillagePieces$House4Garden;
[11:32:11] [main/DEBUG]: Skipping Lnet/minecraft/world/gen/structure/StructureVillagePieces$WoodHut;
[11:32:11] [main/DEBUG]: Skipping Lnet/minecraft/world/gen/structure/StructureVillagePieces$Church;
[11:32:11] [main/DEBUG]: Skipping Lnet/minecraft/world/gen/structure/StructureVillagePieces$House2;
[11:32:11] [main/DEBUG]: Skipping Lnet/minecraft/world/gen/structure/StructureVillagePieces$Start;
[11:32:11] [main/DEBUG]: Skipping Lnet/minecraft/world/gen/structure/StructureVillagePieces$Path;
[11:32:11] [main/DEBUG]: Skipping Lnet/minecraft/world/gen/structure/StructureVillagePieces$House3;
[11:32:11] [main/DEBUG]: Transforming class Lnet/minecraft/world/gen/structure/StructureVillagePieces$Village;
[11:32:11] [main/DEBUG]: Transforming net.minecraft.world.gen.structure.StructureVillagePieces$Village CLASS to access PUBLIC and LEAVE
[11:32:11] [main/DEBUG]: Skipping Lnet/minecraft/world/gen/structure/StructureVillagePieces$Road;
[11:32:11] [main/DEBUG]: Skipping Lnet/minecraft/world/gen/structure/StructureVillagePieces$Well;
[11:32:11] [main/DEBUG]: Skipping Lnet/minecraft/world/gen/structure/MapGenStructure$1;
[11:32:11] [main/DEBUG]: Skipping Lnet/minecraft/world/gen/structure/MapGenStructure$2;
[11:32:11] [main/DEBUG]: Skipping Lnet/minecraft/world/gen/structure/MapGenStructure$3;
[11:32:11] [main/DEBUG]: Transforming class Lnet/minecraft/world/gen/structure/MapGenStronghold;
[11:32:11] [main/DEBUG]: Transforming net.minecraft.world.gen.structure.MapGenStronghold FIELD field_151546_e to access PUBLIC and MAKEFINAL
[11:32:11] [main/DEBUG]: Skipping Lnet/minecraft/world/gen/structure/MapGenStructure;
[11:32:11] [main/DEBUG]: Skipping Lnet/minecraft/world/gen/structure/StructureComponent;
[11:32:11] [main/DEBUG]: Skipping Lnet/minecraft/world/gen/structure/StructureStart;
[11:32:11] [main/DEBUG]: Transforming class Lnet/minecraft/world/gen/structure/StructureVillagePieces;
[11:32:11] [main/DEBUG]: Transforming net.minecraft.world.gen.structure.StructureVillagePieces INNERCLASS Village to access PUBLIC and LEAVE
[11:32:11] [main/DEBUG]: Skipping Lnet/minecraft/world/gen/structure/template/package-info;
[11:32:11] [main/DEBUG]: Skipping Lnet/minecraft/world/gen/structure/template/BlockRotationProcessor;
[11:32:11] [main/DEBUG]: Skipping Lnet/minecraft/world/gen/structure/template/TemplateManager;
[11:32:11] [main/DEBUG]: Skipping Lnet/minecraft/world/gen/structure/template/PlacementSettings;
[11:32:11] [main/DEBUG]: Skipping Lnet/minecraft/world/gen/structure/template/ITemplateProcessor;
[11:32:11] [main/DEBUG]: Skipping Lnet/minecraft/world/gen/structure/template/Template;
[11:32:11] [main/DEBUG]: Skipping Lnet/minecraft/world/gen/structure/template/Template$1;
[11:32:11] [main/DEBUG]: Skipping Lnet/minecraft/world/gen/structure/template/Template$2;
[11:32:11] [main/DEBUG]: Skipping Lnet/minecraft/world/gen/structure/template/Template$3;
[11:32:11] [main/DEBUG]: Skipping Lnet/minecraft/world/gen/structure/template/Template$BasicPalette;
[11:32:11] [main/DEBUG]: Skipping Lnet/minecraft/world/gen/structure/template/Template$BlockInfo;
[11:32:11] [main/DEBUG]: Skipping Lnet/minecraft/world/gen/structure/template/Template$EntityInfo;
[11:32:11] [main/DEBUG]: Skipping Lnet/minecraft/world/biome/package-info;
[11:32:11] [main/DEBUG]: Skipping Lnet/minecraft/world/biome/BiomeEndDecorator$1;
[11:32:11] [main/DEBUG]: Skipping Lnet/minecraft/world/biome/BiomeEndDecorator$SpikeCacheLoader;
[11:32:11] [main/DEBUG]: Skipping Lnet/minecraft/world/biome/BiomeBeach;
[11:32:11] [main/DEBUG]: Skipping Lnet/minecraft/world/biome/BiomeCache;
[11:32:11] [main/DEBUG]: Skipping Lnet/minecraft/world/biome/BiomeColorHelper;
[11:32:11] [main/DEBUG]: Skipping Lnet/minecraft/world/biome/BiomeProviderSingle;
[11:32:11] [main/DEBUG]: Skipping Lnet/minecraft/world/biome/BiomeHell;
[11:32:11] [main/DEBUG]: Skipping Lnet/minecraft/world/biome/BiomeHellDecorator;
[11:32:11] [main/DEBUG]: Skipping Lnet/minecraft/world/biome/BiomeMushroomIsland;
[11:32:11] [main/DEBUG]: Skipping Lnet/minecraft/world/biome/BiomeForestMutated;
[11:32:11] [main/DEBUG]: Skipping Lnet/minecraft/world/biome/BiomeSavannaMutated;
[11:32:11] [main/DEBUG]: Skipping Lnet/minecraft/world/biome/BiomeOcean;
[11:32:11] [main/DEBUG]: Skipping Lnet/minecraft/world/biome/BiomeRiver;
[11:32:11] [main/DEBUG]: Skipping Lnet/minecraft/world/biome/BiomeStoneBeach;
[11:32:11] [main/DEBUG]: Skipping Lnet/minecraft/world/biome/BiomeEnd;
[11:32:11] [main/DEBUG]: Skipping Lnet/minecraft/world/biome/BiomeEndDecorator;
[11:32:11] [main/DEBUG]: Skipping Lnet/minecraft/world/biome/BiomeVoid;
[11:32:11] [main/DEBUG]: Skipping Lnet/minecraft/world/biome/BiomeVoidDecorator;
[11:32:11] [main/DEBUG]: Skipping Lnet/minecraft/world/biome/BiomeCache$Block;
[11:32:11] [main/DEBUG]: Skipping Lnet/minecraft/world/biome/BiomeColorHelper$1;
[11:32:11] [main/DEBUG]: Skipping Lnet/minecraft/world/biome/BiomeColorHelper$2;
[11:32:11] [main/DEBUG]: Skipping Lnet/minecraft/world/biome/BiomeColorHelper$3;
[11:32:11] [main/DEBUG]: Skipping Lnet/minecraft/world/biome/BiomeColorHelper$ColorResolver;
[11:32:11] [main/DEBUG]: Skipping Lnet/minecraft/world/biome/BiomeHills$EmeraldGenerator;
[11:32:11] [main/DEBUG]: Skipping Lnet/minecraft/world/biome/BiomeHills$1;
[11:32:11] [main/DEBUG]: Skipping Lnet/minecraft/world/biome/Biome$FlowerEntry;
[11:32:11] [main/DEBUG]: Skipping Lnet/minecraft/world/biome/BiomeForest$Type;
[11:32:11] [main/DEBUG]: Skipping Lnet/minecraft/world/biome/BiomeTaiga$Type;
[11:32:11] [main/DEBUG]: Skipping Lnet/minecraft/world/biome/Biome$1;
[11:32:11] [main/DEBUG]: Transforming class Lnet/minecraft/world/biome/Biome$BiomeProperties;
[11:32:11] [main/DEBUG]: Transforming net.minecraft.world.biome.Biome$BiomeProperties METHODWILDCARD to access PUBLIC and LEAVE
[11:32:11] [main/DEBUG]: Skipping Lnet/minecraft/world/biome/Biome$TempCategory;
[11:32:11] [main/DEBUG]: Skipping Lnet/minecraft/world/biome/Biome$SpawnListEntry;
[11:32:11] [main/DEBUG]: Transforming class Lnet/minecraft/world/biome/Biome;
[11:32:11] [main/DEBUG]: Transforming net.minecraft.world.biome.Biome METHODWILDCARD to access PUBLIC and LEAVE
[11:32:11] [main/DEBUG]: Transforming class Lnet/minecraft/world/biome/BiomeDecorator;
[11:32:11] [main/DEBUG]: Transforming net.minecraft.world.biome.BiomeDecorator FIELDWILDCARD to access PUBLIC and LEAVE
[11:32:11] [main/DEBUG]: Skipping Lnet/minecraft/world/biome/BiomeProvider;
[11:32:11] [main/DEBUG]: Skipping Lnet/minecraft/world/biome/BiomeDesert;
[11:32:11] [main/DEBUG]: Transforming class Lnet/minecraft/world/biome/BiomeHills;
[11:32:11] [main/DEBUG]: Transforming net.minecraft.world.biome.BiomeHills METHODWILDCARD to access PUBLIC and LEAVE
[11:32:11] [main/DEBUG]: Transforming class Lnet/minecraft/world/biome/BiomeForest;
[11:32:11] [main/DEBUG]: Transforming net.minecraft.world.biome.BiomeForest METHODWILDCARD to access PUBLIC and LEAVE
[11:32:11] [main/DEBUG]: Transforming class Lnet/minecraft/world/biome/BiomeSnow;
[11:32:11] [main/DEBUG]: Transforming net.minecraft.world.biome.BiomeSnow METHODWILDCARD to access PUBLIC and LEAVE
[11:32:11] [main/DEBUG]: Skipping Lnet/minecraft/world/biome/BiomeJungle;
[11:32:11] [main/DEBUG]: Transforming class Lnet/minecraft/world/biome/BiomeMesa;
[11:32:11] [main/DEBUG]: Transforming net.minecraft.world.biome.BiomeMesa METHODWILDCARD to access PUBLIC and LEAVE
[11:32:11] [main/DEBUG]: Transforming class Lnet/minecraft/world/biome/BiomePlains;
[11:32:11] [main/DEBUG]: Transforming net.minecraft.world.biome.BiomePlains METHODWILDCARD to access PUBLIC and LEAVE
[11:32:11] [main/DEBUG]: Transforming class Lnet/minecraft/world/biome/BiomeSavanna;
[11:32:11] [main/DEBUG]: Transforming net.minecraft.world.biome.BiomeSavanna METHODWILDCARD to access PUBLIC and LEAVE
[11:32:11] [main/DEBUG]: Skipping Lnet/minecraft/world/biome/BiomeSwamp;
[11:32:11] [main/DEBUG]: Transforming class Lnet/minecraft/world/biome/BiomeTaiga;
[11:32:11] [main/DEBUG]: Transforming net.minecraft.world.biome.BiomeTaiga METHODWILDCARD to access PUBLIC and LEAVE
[11:32:11] [main/DEBUG]: Skipping Lnet/minecraft/world/biome/BiomeHills$Type;
[11:32:11] [main/DEBUG]: Skipping Lnet/minecraft/world/biome/BiomeMesa$1;
[11:32:11] [main/DEBUG]: Skipping Lnet/minecraft/world/biome/BiomeMesa$Decorator;
[11:32:11] [main/DEBUG]: Skipping Lnet/minecraft/block/package-info;
[11:32:11] [main/DEBUG]: Skipping Lnet/minecraft/block/BlockStoneSlabNew$EnumType;
[11:32:11] [main/DEBUG]: Skipping Lnet/minecraft/block/BlockStoneSlab$EnumType;
[11:32:11] [main/DEBUG]: Skipping Lnet/minecraft/block/BlockRedSandstone$EnumType;
[11:32:11] [main/DEBUG]: Skipping Lnet/minecraft/block/BlockStructure$1;
[11:32:11] [main/DEBUG]: Skipping Lnet/minecraft/block/BlockPressurePlate$1;
[11:32:11] [main/DEBUG]: Skipping Lnet/minecraft/block/BlockPressurePlate$Sensitivity;
[11:32:11] [main/DEBUG]: Skipping Lnet/minecraft/block/BlockGrassPath$1;
[11:32:11] [main/DEBUG]: Skipping Lnet/minecraft/block/BlockFlower$EnumFlowerType$1;
[11:32:11] [main/DEBUG]: Skipping Lnet/minecraft/block/BlockJukebox$TileEntityJukebox;
[11:32:11] [main/DEBUG]: Skipping Lnet/minecraft/block/BlockShulkerBox$1;
[11:32:11] [main/DEBUG]: Skipping Lnet/minecraft/block/BlockTripWire$1;
[11:32:11] [main/DEBUG]: Skipping Lnet/minecraft/block/BlockBeacon$1;
[11:32:11] [main/DEBUG]: Skipping Lnet/minecraft/block/BlockPrismarine$EnumType;
[11:32:11] [main/DEBUG]: Skipping Lnet/minecraft/block/BlockAnvil$Anvil;
[11:32:11] [main/DEBUG]: Skipping Lnet/minecraft/block/BlockPlanks$EnumType;
[11:32:11] [main/DEBUG]: Skipping Lnet/minecraft/block/BlockTripWireHook$1;
[11:32:11] [main/DEBUG]: Skipping Lnet/minecraft/block/BlockSilverfish$EnumType$1;
[11:32:11] [main/DEBUG]: Skipping Lnet/minecraft/block/BlockSilverfish$EnumType$2;
[11:32:11] [main/DEBUG]: Skipping Lnet/minecraft/block/BlockSilverfish$EnumType$3;
[11:32:11] [main/DEBUG]: Skipping Lnet/minecraft/block/BlockSilverfish$EnumType$4;
[11:32:11] [main/DEBUG]: Skipping Lnet/minecraft/block/BlockSilverfish$EnumType$5;
[11:32:11] [main/DEBUG]: Skipping Lnet/minecraft/block/BlockSilverfish$EnumType$6;
[11:32:11] [main/DEBUG]: Skipping Lnet/minecraft/block/BlockEndRod$1;
[11:32:11] [main/DEBUG]: Skipping Lnet/minecraft/block/BlockSourceImpl;
[11:32:11] [main/DEBUG]: Skipping Lnet/minecraft/block/BlockBeacon$1$1;
[11:32:11] [main/DEBUG]: Skipping Lnet/minecraft/block/BlockStone$EnumType;
[11:32:11] [main/DEBUG]: Skipping Lnet/minecraft/block/BlockStainedGlassPane$1;
[11:32:11] [main/DEBUG]: Skipping Lnet/minecraft/block/BlockHopper$1;
[11:32:11] [main/DEBUG]: Skipping Lnet/minecraft/block/BlockSand$EnumType;
[11:32:11] [main/DEBUG]: Skipping Lnet/minecraft/block/BlockFurnace$1;
[11:32:11] [main/DEBUG]: Skipping Lnet/minecraft/block/BlockPurpurSlab$Double;
[11:32:11] [main/DEBUG]: Skipping Lnet/minecraft/block/BlockPurpurSlab$Half;
[11:32:11] [main/DEBUG]: Skipping Lnet/minecraft/block/BlockPurpurSlab$Variant;
[11:32:11] [main/DEBUG]: Skipping Lnet/minecraft/block/BlockStoneBrick$EnumType;
[11:32:11] [main/DEBUG]: Skipping Lnet/minecraft/block/BlockFlower$1;
[11:32:11] [main/DEBUG]: Skipping Lnet/minecraft/block/BlockPistonExtension$1;
[11:32:11] [main/DEBUG]: Skipping Lnet/minecraft/block/BlockFlower$EnumFlowerType;
[11:32:11] [main/DEBUG]: Skipping Lnet/minecraft/block/BlockFlower$EnumFlowerColor;
[11:32:11] [main/DEBUG]: Skipping Lnet/minecraft/block/BlockPistonExtension$EnumPistonType;
[11:32:11] [main/DEBUG]: Skipping Lnet/minecraft/block/BlockEventData;
[11:32:11] [main/DEBUG]: Skipping Lnet/minecraft/block/BlockAir;
[11:32:11] [main/DEBUG]: Skipping Lnet/minecraft/block/BlockAnvil;
[11:32:11] [main/DEBUG]: Skipping Lnet/minecraft/block/BlockBarrier;
[11:32:11] [main/DEBUG]: Skipping Lnet/minecraft/block/BlockContainer;
[11:32:11] [main/DEBUG]: Skipping Lnet/minecraft/block/BlockBasePressurePlate;
[11:32:11] [main/DEBUG]: Skipping Lnet/minecraft/block/BlockBeacon;
[11:32:11] [main/DEBUG]: Skipping Lnet/minecraft/block/BlockBeetroot;
[11:32:11] [main/DEBUG]: Skipping Lnet/minecraft/block/BlockBone;
[11:32:11] [main/DEBUG]: Skipping Lnet/minecraft/block/IGrowable;
[11:32:11] [main/DEBUG]: Skipping Lnet/minecraft/block/BlockBookshelf;
[11:32:11] [main/DEBUG]: Skipping Lnet/minecraft/block/BlockBrewingStand;
[11:32:11] [main/DEBUG]: Skipping Lnet/minecraft/block/BlockCake;
[11:32:11] [main/DEBUG]: Skipping Lnet/minecraft/block/BlockCarrot;
[11:32:11] [main/DEBUG]: Skipping Lnet/minecraft/block/BlockCauldron;
[11:32:11] [main/DEBUG]: Skipping Lnet/minecraft/block/BlockChorusPlant;
[11:32:11] [main/DEBUG]: Skipping Lnet/minecraft/block/BlockClay;
[11:32:11] [main/DEBUG]: Skipping Lnet/minecraft/block/BlockColored;
[11:32:11] [main/DEBUG]: Skipping Lnet/minecraft/block/BlockCommandBlock;
[11:32:11] [main/DEBUG]: Skipping Lnet/minecraft/block/BlockConcretePowder;
[11:32:11] [main/DEBUG]: Skipping Lnet/minecraft/block/BlockWorkbench;
[11:32:11] [main/DEBUG]: Skipping Lnet/minecraft/block/BlockDaylightDetector;
[11:32:11] [main/DEBUG]: Skipping Lnet/minecraft/block/BlockDirectional;
[11:32:11] [main/DEBUG]: Skipping Lnet/minecraft/block/BlockDirt;
[11:32:11] [main/DEBUG]: Skipping Lnet/minecraft/block/BlockDispenser;
[11:32:11] [main/DEBUG]: Skipping Lnet/minecraft/block/BlockEndGateway;
[11:32:11] [main/DEBUG]: Skipping Lnet/minecraft/block/BlockEndPortal;
[11:32:11] [main/DEBUG]: Skipping Lnet/minecraft/block/BlockEndPortalFrame;
[11:32:11] [main/DEBUG]: Skipping Lnet/minecraft/block/BlockEndRod;
[11:32:11] [main/DEBUG]: Skipping Lnet/minecraft/block/ITileEntityProvider;
[11:32:11] [main/DEBUG]: Skipping Lnet/minecraft/block/BlockFlower;
[11:32:11] [main/DEBUG]: Skipping Lnet/minecraft/block/BlockFrostedIce;
[11:32:11] [main/DEBUG]: Skipping Lnet/minecraft/block/BlockDoubleStoneSlabNew;
[11:32:11] [main/DEBUG]: Skipping Lnet/minecraft/block/BlockDoubleStoneSlab;
[11:32:11] [main/DEBUG]: Skipping Lnet/minecraft/block/BlockDoubleWoodSlab;
[11:32:11] [main/DEBUG]: Skipping Lnet/minecraft/block/BlockFurnace;
[11:32:11] [main/DEBUG]: Skipping Lnet/minecraft/block/BlockGlass;
[11:32:11] [main/DEBUG]: Skipping Lnet/minecraft/block/BlockGlazedTerracotta;
[11:32:11] [main/DEBUG]: Skipping Lnet/minecraft/block/BlockGlowstone;
[11:32:11] [main/DEBUG]: Skipping Lnet/minecraft/block/BlockGrassPath;
[11:32:11] [main/DEBUG]: Skipping Lnet/minecraft/block/BlockGravel;
[11:32:11] [main/DEBUG]: Skipping Lnet/minecraft/block/BlockHalfStoneSlabNew;
[11:32:11] [main/DEBUG]: Skipping Lnet/minecraft/block/BlockHalfStoneSlab;
[11:32:11] [main/DEBUG]: Skipping Lnet/minecraft/block/BlockBreakable;
[11:32:11] [main/DEBUG]: Skipping Lnet/minecraft/block/BlockHalfWoodSlab;
[11:32:11] [main/DEBUG]: Skipping Lnet/minecraft/block/BlockHardenedClay;
[11:32:11] [main/DEBUG]: Skipping Lnet/minecraft/block/BlockHay;
[11:32:11] [main/DEBUG]: Skipping Lnet/minecraft/block/BlockHopper;
[11:32:11] [main/DEBUG]: Skipping Lnet/minecraft/block/BlockHorizontal;
[11:32:11] [main/DEBUG]: Skipping Lnet/minecraft/block/BlockJukebox;
[11:32:11] [main/DEBUG]: Skipping Lnet/minecraft/block/BlockSilverfish$1;
[11:32:11] [main/DEBUG]: Skipping Lnet/minecraft/block/BlockLever;
[11:32:11] [main/DEBUG]: Skipping Lnet/minecraft/block/BlockMagma;
[11:32:11] [main/DEBUG]: Skipping Lnet/minecraft/block/BlockMelon;
[11:32:11] [main/DEBUG]: Skipping Lnet/minecraft/block/BlockSilverfish;
[11:32:11] [main/DEBUG]: Skipping Lnet/minecraft/block/BlockNetherBrick;
[11:32:11] [main/DEBUG]: Skipping Lnet/minecraft/block/BlockNetherrack;
[11:32:11] [main/DEBUG]: Skipping Lnet/minecraft/block/BlockNewLog;
[11:32:11] [main/DEBUG]: Skipping Lnet/minecraft/block/BlockStoneSlabNew;
[11:32:11] [main/DEBUG]: Skipping Lnet/minecraft/block/BlockEmptyDrops;
[11:32:11] [main/DEBUG]: Skipping Lnet/minecraft/block/BlockObsidian;
[11:32:11] [main/DEBUG]: Skipping Lnet/minecraft/block/BlockOldLog;
[11:32:11] [main/DEBUG]: Skipping Lnet/minecraft/block/BlockPackedIce;
[11:32:11] [main/DEBUG]: Skipping Lnet/minecraft/block/BlockPlanks;
[11:32:11] [main/DEBUG]: Skipping Lnet/minecraft/block/BlockCompressedPowered;
[11:32:11] [main/DEBUG]: Skipping Lnet/minecraft/block/BlockPressurePlate;
[11:32:11] [main/DEBUG]: Skipping Lnet/minecraft/block/BlockRail$1;
[11:32:11] [main/DEBUG]: Skipping Lnet/minecraft/block/BlockPrismarine;
[11:32:11] [main/DEBUG]: Skipping Lnet/minecraft/block/BlockPurpurSlab;
[11:32:11] [main/DEBUG]: Skipping Lnet/minecraft/block/BlockRail;
[11:32:11] [main/DEBUG]: Skipping Lnet/minecraft/block/BlockSilverfish$EnumType;
[11:32:11] [main/DEBUG]: Skipping Lnet/minecraft/block/BlockRedFlower;
[11:32:11] [main/DEBUG]: Skipping Lnet/minecraft/block/BlockRedSandstone;
[11:32:11] [main/DEBUG]: Skipping Lnet/minecraft/block/BlockRedstoneLight;
[11:32:11] [main/DEBUG]: Skipping Lnet/minecraft/block/BlockRedstoneRepeater;
[11:32:11] [main/DEBUG]: Skipping Lnet/minecraft/block/BlockSand;
[11:32:11] [main/DEBUG]: Skipping Lnet/minecraft/block/BlockSandStone;
[11:32:11] [main/DEBUG]: Skipping Lnet/minecraft/block/BlockSeaLantern;
[11:32:11] [main/DEBUG]: Skipping Lnet/minecraft/block/BlockShulkerBox;
[11:32:11] [main/DEBUG]: Skipping Lnet/minecraft/block/BlockSign;
[11:32:11] [main/DEBUG]: Skipping Lnet/minecraft/block/BlockSlime;
[11:32:11] [main/DEBUG]: Skipping Lnet/minecraft/block/BlockSnowBlock;
[11:32:11] [main/DEBUG]: Skipping Lnet/minecraft/block/BlockSoulSand;
[11:32:11] [main/DEBUG]: Skipping Lnet/minecraft/block/BlockSponge;
[11:32:11] [main/DEBUG]: Skipping Lnet/minecraft/block/BlockStainedGlass;
[11:32:11] [main/DEBUG]: Skipping Lnet/minecraft/block/BlockStainedGlassPane;
[11:32:11] [main/DEBUG]: Skipping Lnet/minecraft/block/BlockStainedHardenedClay;
[11:32:11] [main/DEBUG]: Skipping Lnet/minecraft/block/BlockStandingSign;
[11:32:11] [main/DEBUG]: Skipping Lnet/minecraft/block/BlockStone;
[11:32:11] [main/DEBUG]: Skipping Lnet/minecraft/block/BlockStoneBrick;
[11:32:11] [main/DEBUG]: Skipping Lnet/minecraft/block/BlockButtonStone;
[11:32:11] [main/DEBUG]: Skipping Lnet/minecraft/block/BlockStoneSlab;
[11:32:11] [main/DEBUG]: Skipping Lnet/minecraft/block/BlockStructure;
[11:32:11] [main/DEBUG]: Skipping Lnet/minecraft/block/BlockStructureVoid;
[11:32:11] [main/DEBUG]: Skipping Lnet/minecraft/block/BlockTNT;
[11:32:11] [main/DEBUG]: Skipping Lnet/minecraft/block/BlockTripWire;
[11:32:11] [main/DEBUG]: Skipping Lnet/minecraft/block/BlockTripWireHook;
[11:32:11] [main/DEBUG]: Skipping Lnet/minecraft/block/BlockWallSign;
[11:32:11] [main/DEBUG]: Skipping Lnet/minecraft/block/BlockLilyPad;
[11:32:11] [main/DEBUG]: Skipping Lnet/minecraft/block/BlockPressurePlateWeighted;
[11:32:11] [main/DEBUG]: Skipping Lnet/minecraft/block/BlockButtonWood;
[11:32:11] [main/DEBUG]: Skipping Lnet/minecraft/block/BlockWoodSlab;
[11:32:11] [main/DEBUG]: Skipping Lnet/minecraft/block/BlockCarpet;
[11:32:11] [main/DEBUG]: Skipping Lnet/minecraft/block/BlockYellowFlower;
[11:32:11] [main/DEBUG]: Skipping Lnet/minecraft/block/BlockPistonExtension;
[11:32:11] [main/DEBUG]: Skipping Lnet/minecraft/block/properties/package-info;
[11:32:11] [main/DEBUG]: Skipping Lnet/minecraft/block/properties/PropertyHelper;
[11:32:11] [main/DEBUG]: Skipping Lnet/minecraft/block/properties/PropertyBool;
[11:32:11] [main/DEBUG]: Skipping Lnet/minecraft/block/properties/PropertyDirection;
[11:32:11] [main/DEBUG]: Skipping Lnet/minecraft/block/properties/PropertyEnum;
[11:32:11] [main/DEBUG]: Skipping Lnet/minecraft/block/properties/PropertyInteger;
[11:32:11] [main/DEBUG]: Skipping Lnet/minecraft/block/properties/IProperty;
[11:32:11] [main/DEBUG]: Skipping Lnet/minecraft/block/BlockSandStone$EnumType;
[11:32:11] [main/DEBUG]: Skipping Lnet/minecraft/block/material/package-info;
[11:32:11] [main/DEBUG]: Skipping Lnet/minecraft/block/material/Material$1;
[11:32:11] [main/DEBUG]: Skipping Lnet/minecraft/block/material/MaterialLogic;
[11:32:11] [main/DEBUG]: Skipping Lnet/minecraft/block/material/MaterialTransparent;
[11:32:11] [main/DEBUG]: Skipping Lnet/minecraft/block/material/MaterialLiquid;
[11:32:11] [main/DEBUG]: Skipping Lnet/minecraft/block/material/Material;
[11:32:11] [main/DEBUG]: Skipping Lnet/minecraft/block/material/MapColor;
[11:32:11] [main/DEBUG]: Skipping Lnet/minecraft/block/material/MaterialPortal;
[11:32:11] [main/DEBUG]: Skipping Lnet/minecraft/block/material/EnumPushReaction;
[11:32:11] [main/DEBUG]: Skipping Lnet/minecraft/block/BlockNewLog$1;
[11:32:11] [main/DEBUG]: Skipping Lnet/minecraft/block/BlockNewLog$2;
[11:32:11] [main/DEBUG]: Skipping Lnet/minecraft/block/BlockWorkbench$InterfaceCraftingTable;
[11:32:11] [main/DEBUG]: Skipping Lnet/minecraft/block/BlockLever$1;
[11:32:11] [main/DEBUG]: Skipping Lnet/minecraft/block/BlockLever$EnumOrientation;
[11:32:11] [main/DEBUG]: Skipping Lnet/minecraft/block/BlockWallSign$1;
[11:32:11] [main/DEBUG]: Skipping Lnet/minecraft/block/BlockOldLog$1;
[11:32:11] [main/DEBUG]: Skipping Lnet/minecraft/block/BlockOldLog$2;
[11:32:11] [main/DEBUG]: Skipping Lnet/minecraft/block/BlockDirt$DirtType;
[11:32:11] [main/DEBUG]: Skipping Lnet/minecraft/block/BlockRailPowered$1;
[11:32:11] [main/DEBUG]: Skipping Lnet/minecraft/block/BlockRailPowered$2;
[11:32:11] [main/DEBUG]: Skipping Lnet/minecraft/block/BlockDoor$1;
[11:32:11] [main/DEBUG]: Skipping Lnet/minecraft/block/BlockDoor$EnumDoorHalf;
[11:32:11] [main/DEBUG]: Skipping Lnet/minecraft/block/BlockDoor$EnumHingePosition;
[11:32:11] [main/DEBUG]: Skipping Lnet/minecraft/block/BlockCocoa$1;
[11:32:11] [main/DEBUG]: Skipping Lnet/minecraft/block/BlockFarmland$1;
[11:32:11] [main/DEBUG]: Skipping Lnet/minecraft/block/BlockTrapDoor$1;
[11:32:11] [main/DEBUG]: Skipping Lnet/minecraft/block/BlockTrapDoor$DoorHalf;
[11:32:11] [main/DEBUG]: Skipping Lnet/minecraft/block/BlockRailBase$1;
[11:32:11] [main/DEBUG]: Skipping Lnet/minecraft/block/BlockRailBase$Rail;
[11:32:11] [main/DEBUG]: Skipping Lnet/minecraft/block/BlockRailBase$EnumRailDirection;
[11:32:11] [main/DEBUG]: Skipping Lnet/minecraft/block/BlockLog$1;
[11:32:11] [main/DEBUG]: Skipping Lnet/minecraft/block/BlockLog$EnumAxis;
[11:32:11] [main/DEBUG]: Skipping Lnet/minecraft/block/BlockDoublePlant$EnumBlockHalf;
[11:32:11] [main/DEBUG]: Skipping Lnet/minecraft/block/BlockDoublePlant$EnumPlantType;
[11:32:11] [main/DEBUG]: Skipping Lnet/minecraft/block/BlockFence$1;
[11:32:11] [main/DEBUG]: Skipping Lnet/minecraft/block/BlockRotatedPillar$1;
[11:32:11] [main/DEBUG]: Skipping Lnet/minecraft/block/BlockRedstoneWire$1;
[11:32:11] [main/DEBUG]: Skipping Lnet/minecraft/block/BlockRedstoneWire$EnumAttachPosition;
[11:32:11] [main/DEBUG]: Skipping Lnet/minecraft/block/BlockLadder$1;
[11:32:11] [main/DEBUG]: Skipping Lnet/minecraft/block/BlockChest$Type;
[11:32:11] [main/DEBUG]: Skipping Lnet/minecraft/block/BlockRailDetector$1;
[11:32:11] [main/DEBUG]: Skipping Lnet/minecraft/block/BlockRailDetector$2;
[11:32:11] [main/DEBUG]: Skipping Lnet/minecraft/block/BlockBed$EnumPartType;
[11:32:11] [main/DEBUG]: Skipping Lnet/minecraft/block/BlockTallGrass$EnumType;
[11:32:11] [main/DEBUG]: Skipping Lnet/minecraft/block/BlockPumpkin$1;
[11:32:11] [main/DEBUG]: Skipping Lnet/minecraft/block/BlockBanner$1;
[11:32:11] [main/DEBUG]: Skipping Lnet/minecraft/block/BlockRedstoneComparator$1;
[11:32:11] [main/DEBUG]: Skipping Lnet/minecraft/block/BlockBanner$BlockBannerStanding;
[11:32:11] [main/DEBUG]: Skipping Lnet/minecraft/block/BlockBanner$BlockBannerHanging;
[11:32:11] [main/DEBUG]: Skipping Lnet/minecraft/block/BlockRedstoneComparator$Mode;
[11:32:11] [main/DEBUG]: Skipping Lnet/minecraft/block/BlockPistonBase$1;
[11:32:11] [main/DEBUG]: Skipping Lnet/minecraft/block/BlockPortal$1;
[11:32:11] [main/DEBUG]: Skipping Lnet/minecraft/block/BlockSkull$1;
[11:32:11] [main/DEBUG]: Skipping Lnet/minecraft/block/BlockSkull$2;
[11:32:11] [main/DEBUG]: Skipping Lnet/minecraft/block/BlockPortal$Size;
[11:32:11] [main/DEBUG]: Skipping Lnet/minecraft/block/BlockVine$1;
[11:32:11] [main/DEBUG]: Skipping Lnet/minecraft/block/BlockQuartz$1;
[11:32:11] [main/DEBUG]: Skipping Lnet/minecraft/block/BlockQuartz$EnumType;
[11:32:11] [main/DEBUG]: Skipping Lnet/minecraft/block/BlockPane$1;
[11:32:11] [main/DEBUG]: Skipping Lnet/minecraft/block/BlockButton$1;
[11:32:11] [main/DEBUG]: Skipping Lnet/minecraft/block/BlockNewLeaf$1;
[11:32:11] [main/DEBUG]: Skipping Lnet/minecraft/block/BlockSlab$EnumBlockHalf;
[11:32:11] [main/DEBUG]: Skipping Lnet/minecraft/block/BlockRedstoneTorch$Toggle;
[11:32:11] [main/DEBUG]: Skipping Lnet/minecraft/block/BlockBanner;
[11:32:11] [main/DEBUG]: Skipping Lnet/minecraft/block/BlockRailBase;
[11:32:11] [main/DEBUG]: Skipping Lnet/minecraft/block/BlockBed;
[11:32:11] [main/DEBUG]: Transforming class Lnet/minecraft/block/Block;
[11:32:11] [main/DEBUG]: Transforming net.minecraft.block.Block METHOD <init>(Lnet/minecraft/block/material/Material;)V to access PUBLIC and LEAVE
[11:32:11] [main/DEBUG]: Transforming net.minecraft.block.Block METHOD func_149713_g(I)Lnet/minecraft/block/Block; to access PUBLIC and LEAVE
[11:32:11] [main/DEBUG]: Transforming net.minecraft.block.Block METHOD func_149715_a(F)Lnet/minecraft/block/Block; to access PUBLIC and LEAVE
[11:32:11] [main/DEBUG]: Transforming net.minecraft.block.Block METHOD func_149752_b(F)Lnet/minecraft/block/Block; to access PUBLIC and LEAVE
[11:32:11] [main/DEBUG]: Transforming net.minecraft.block.Block METHOD func_149711_c(F)Lnet/minecraft/block/Block; to access PUBLIC and LEAVE
[11:32:11] [main/DEBUG]: Transforming net.minecraft.block.Block METHOD func_149722_s()Lnet/minecraft/block/Block; to access PUBLIC and LEAVE
[11:32:11] [main/DEBUG]: Transforming net.minecraft.block.Block METHOD func_149675_a(Z)Lnet/minecraft/block/Block; to access PUBLIC and LEAVE
[11:32:11] [main/DEBUG]: Transforming net.minecraft.block.Block METHOD func_180637_b(Lnet/minecraft/world/World;Lnet/minecraft/util/math/BlockPos;I)V to access PUBLIC and LEAVE
[11:32:11] [main/DEBUG]: Skipping Lnet/minecraft/block/BlockBush;
[11:32:11] [main/DEBUG]: Skipping Lnet/minecraft/block/BlockButton;
[11:32:11] [main/DEBUG]: Skipping Lnet/minecraft/block/BlockCactus;
[11:32:11] [main/DEBUG]: Skipping Lnet/minecraft/block/BlockChest;
[11:32:11] [main/DEBUG]: Skipping Lnet/minecraft/block/BlockChorusFlower;
[11:32:11] [main/DEBUG]: Skipping Lnet/minecraft/block/BlockCocoa;
[11:32:11] [main/DEBUG]: Skipping Lnet/minecraft/block/BlockRedstoneComparator;
[11:32:11] [main/DEBUG]: Skipping Lnet/minecraft/block/BlockCrops;
[11:32:11] [main/DEBUG]: Skipping Lnet/minecraft/block/BlockDeadBush;
[11:32:11] [main/DEBUG]: Skipping Lnet/minecraft/block/BlockRailDetector;
[11:32:11] [main/DEBUG]: Skipping Lnet/minecraft/block/BlockRedstoneDiode;
[11:32:11] [main/DEBUG]: Skipping Lnet/minecraft/block/BlockWall$EnumType;
[11:32:11] [main/DEBUG]: Skipping Lnet/minecraft/block/BlockDoor;
[11:32:11] [main/DEBUG]: Skipping Lnet/minecraft/block/BlockDoublePlant;
[11:32:11] [main/DEBUG]: Skipping Lnet/minecraft/block/BlockDragonEgg;
[11:32:11] [main/DEBUG]: Skipping Lnet/minecraft/block/BlockDropper;
[11:32:11] [main/DEBUG]: Skipping Lnet/minecraft/block/BlockDynamicLiquid;
[11:32:11] [main/DEBUG]: Skipping Lnet/minecraft/block/BlockEnchantmentTable;
[11:32:11] [main/DEBUG]: Skipping Lnet/minecraft/block/BlockEnderChest;
[11:32:11] [main/DEBUG]: Skipping Lnet/minecraft/block/BlockFalling;
[11:32:11] [main/DEBUG]: Skipping Lnet/minecraft/block/BlockFarmland;
[11:32:11] [main/DEBUG]: Skipping Lnet/minecraft/block/BlockFence;
[11:32:11] [main/DEBUG]: Skipping Lnet/minecraft/block/BlockFenceGate;
[11:32:11] [main/DEBUG]: Transforming class Lnet/minecraft/block/BlockFire;
[11:32:11] [main/DEBUG]: Transforming net.minecraft.block.BlockFire METHOD func_176532_c(Lnet/minecraft/block/Block;)I to access PUBLIC and LEAVE
[11:32:11] [main/DEBUG]: Transforming net.minecraft.block.BlockFire METHOD func_176534_d(Lnet/minecraft/block/Block;)I to access PUBLIC and LEAVE
[11:32:11] [main/DEBUG]: Skipping Lnet/minecraft/block/BlockFlowerPot;
[11:32:11] [main/DEBUG]: Skipping Lnet/minecraft/block/BlockGrass;
[11:32:11] [main/DEBUG]: Skipping Lnet/minecraft/block/BlockSlab;
[11:32:11] [main/DEBUG]: Skipping Lnet/minecraft/block/BlockHugeMushroom;
[11:32:11] [main/DEBUG]: Skipping Lnet/minecraft/block/BlockIce;
[11:32:11] [main/DEBUG]: Skipping Lnet/minecraft/block/BlockLadder;
[11:32:11] [main/DEBUG]: Skipping Lnet/minecraft/block/BlockLeaves;
[11:32:11] [main/DEBUG]: Skipping Lnet/minecraft/block/BlockLiquid;
[11:32:11] [main/DEBUG]: Skipping Lnet/minecraft/block/BlockLog;
[11:32:11] [main/DEBUG]: Skipping Lnet/minecraft/block/BlockMobSpawner;
[11:32:11] [main/DEBUG]: Skipping Lnet/minecraft/block/BlockMushroom;
[11:32:11] [main/DEBUG]: Skipping Lnet/minecraft/block/BlockMycelium;
[11:32:11] [main/DEBUG]: Skipping Lnet/minecraft/block/BlockNetherWart;
[11:32:11] [main/DEBUG]: Skipping Lnet/minecraft/block/BlockNewLeaf;
[11:32:11] [main/DEBUG]: Skipping Lnet/minecraft/block/BlockNote;
[11:32:11] [main/DEBUG]: Skipping Lnet/minecraft/block/BlockObserver;
[11:32:11] [main/DEBUG]: Skipping Lnet/minecraft/block/BlockOldLeaf;
[11:32:11] [main/DEBUG]: Skipping Lnet/minecraft/block/BlockOre;
[11:32:11] [main/DEBUG]: Skipping Lnet/minecraft/block/BlockPortal;
[11:32:11] [main/DEBUG]: Skipping Lnet/minecraft/block/BlockPotato;
[11:32:11] [main/DEBUG]: Skipping Lnet/minecraft/block/BlockRailPowered;
[11:32:11] [main/DEBUG]: Skipping Lnet/minecraft/block/BlockPumpkin;
[11:32:11] [main/DEBUG]: Skipping Lnet/minecraft/block/BlockQuartz;
[11:32:11] [main/DEBUG]: Skipping Lnet/minecraft/block/BlockRedstoneOre;
[11:32:11] [main/DEBUG]: Skipping Lnet/minecraft/block/BlockRedstoneWire;
[11:32:11] [main/DEBUG]: Skipping Lnet/minecraft/block/BlockRedstoneTorch;
[11:32:11] [main/DEBUG]: Skipping Lnet/minecraft/block/BlockReed;
[11:32:11] [main/DEBUG]: Skipping Lnet/minecraft/block/BlockRotatedPillar;
[11:32:11] [main/DEBUG]: Skipping Lnet/minecraft/block/BlockSapling;
[11:32:11] [main/DEBUG]: Skipping Lnet/minecraft/block/BlockSkull;
[11:32:11] [main/DEBUG]: Skipping Lnet/minecraft/block/BlockSnow;
[11:32:11] [main/DEBUG]: Skipping Lnet/minecraft/block/SoundType;
[11:32:11] [main/DEBUG]: Skipping Lnet/minecraft/block/BlockStairs;
[11:32:11] [main/DEBUG]: Skipping Lnet/minecraft/block/BlockStaticLiquid;
[11:32:11] [main/DEBUG]: Skipping Lnet/minecraft/block/BlockStem;
[11:32:11] [main/DEBUG]: Skipping Lnet/minecraft/block/BlockTallGrass;
[11:32:11] [main/DEBUG]: Skipping Lnet/minecraft/block/BlockPane;
[11:32:11] [main/DEBUG]: Skipping Lnet/minecraft/block/BlockTorch;
[11:32:11] [main/DEBUG]: Skipping Lnet/minecraft/block/BlockTrapDoor;
[11:32:11] [main/DEBUG]: Skipping Lnet/minecraft/block/BlockVine;
[11:32:11] [main/DEBUG]: Skipping Lnet/minecraft/block/BlockWall;
[11:32:11] [main/DEBUG]: Skipping Lnet/minecraft/block/BlockWeb;
[11:32:11] [main/DEBUG]: Skipping Lnet/minecraft/block/BlockPistonBase;
[11:32:11] [main/DEBUG]: Skipping Lnet/minecraft/block/BlockPistonMoving;
[11:32:11] [main/DEBUG]: Skipping Lnet/minecraft/block/state/package-info;
[11:32:11] [main/DEBUG]: Skipping Lnet/minecraft/block/state/BlockWorldState$1;
[11:32:11] [main/DEBUG]: Skipping Lnet/minecraft/block/state/IBlockBehaviors;
[11:32:11] [main/DEBUG]: Skipping Lnet/minecraft/block/state/BlockFaceShape;
[11:32:11] [main/DEBUG]: Skipping Lnet/minecraft/block/state/IBlockState;
[11:32:11] [main/DEBUG]: Skipping Lnet/minecraft/block/state/BlockWorldState;
[11:32:11] [main/DEBUG]: Skipping Lnet/minecraft/block/state/pattern/package-info;
[11:32:11] [main/DEBUG]: Skipping Lnet/minecraft/block/state/pattern/BlockStateMatcher$1;
[11:32:11] [main/DEBUG]: Skipping Lnet/minecraft/block/state/pattern/BlockPattern$CacheLoader;
[11:32:11] [main/DEBUG]: Skipping Lnet/minecraft/block/state/pattern/BlockPattern$PatternHelper;
[11:32:11] [main/DEBUG]: Skipping Lnet/minecraft/block/state/pattern/BlockPattern;
[11:32:11] [main/DEBUG]: Skipping Lnet/minecraft/block/state/pattern/FactoryBlockPattern;
[11:32:11] [main/DEBUG]: Skipping Lnet/minecraft/block/state/pattern/BlockMaterialMatcher;
[11:32:11] [main/DEBUG]: Skipping Lnet/minecraft/block/state/pattern/BlockMatcher;
[11:32:11] [main/DEBUG]: Skipping Lnet/minecraft/block/state/pattern/BlockStateMatcher;
[11:32:11] [main/DEBUG]: Skipping Lnet/minecraft/block/state/BlockStateContainer$Builder;
[11:32:11] [main/DEBUG]: Skipping Lnet/minecraft/block/state/BlockStateContainer$1;
[11:32:11] [main/DEBUG]: Transforming class Lnet/minecraft/block/state/BlockStateContainer$StateImplementation;
[11:32:11] [main/DEBUG]: Transforming net.minecraft.block.state.BlockStateContainer$StateImplementation CLASS to access PUBLIC and LEAVE
[11:32:11] [main/DEBUG]: Transforming net.minecraft.block.state.BlockStateContainer$StateImplementation FIELD field_177238_c to access PROTECTED and LEAVE
[11:32:11] [main/DEBUG]: Transforming net.minecraft.block.state.BlockStateContainer$StateImplementation METHOD <init>(Lnet/minecraft/block/Block;Lcom/google/common/collect/ImmutableMap;)V to access PROTECTED and LEAVE
[11:32:11] [main/DEBUG]: Skipping Lnet/minecraft/block/state/BlockStateBase$1;
[11:32:11] [main/DEBUG]: Skipping Lnet/minecraft/block/state/BlockPistonStructureHelper;
[11:32:11] [main/DEBUG]: Skipping Lnet/minecraft/block/state/BlockStateBase;
[11:32:11] [main/DEBUG]: Skipping Lnet/minecraft/block/state/IBlockProperties;
[11:32:11] [main/DEBUG]: Transforming class Lnet/minecraft/block/state/BlockStateContainer;
[11:32:11] [main/DEBUG]: Transforming net.minecraft.block.state.BlockStateContainer INNERCLASS StateImplementation to access PUBLIC and LEAVE
[11:32:11] [main/DEBUG]: Skipping Lnet/minecraft/block/BlockOldLeaf$1;
[11:32:11] [main/DEBUG]: Skipping Lnet/minecraft/block/Block$1;
[11:32:11] [main/DEBUG]: Skipping Lnet/minecraft/block/Block$EnumOffsetType;
[11:32:11] [main/DEBUG]: Skipping Lnet/minecraft/block/BlockFlowerPot$1;
[11:32:11] [main/DEBUG]: Skipping Lnet/minecraft/block/BlockFlowerPot$EnumFlowerType;
[11:32:11] [main/DEBUG]: Skipping Lnet/minecraft/block/BlockStairs$1;
[11:32:11] [main/DEBUG]: Skipping Lnet/minecraft/block/BlockStairs$EnumHalf;
[11:32:11] [main/DEBUG]: Skipping Lnet/minecraft/block/BlockStairs$EnumShape;
[11:32:11] [main/DEBUG]: Skipping Lnet/minecraft/block/BlockHugeMushroom$1;
[11:32:11] [main/DEBUG]: Skipping Lnet/minecraft/block/BlockHugeMushroom$EnumType;
[11:32:11] [main/DEBUG]: Skipping Lnet/minecraft/block/BlockSapling$1;
[11:32:11] [main/DEBUG]: Skipping Lnet/minecraft/block/BlockTorch$1;
[11:32:11] [main/DEBUG]: Skipping Lnet/minecraft/block/BlockTorch$2;
[11:32:11] [main/DEBUG]: Skipping Lnet/minecraft/network/package-info;
[11:32:11] [main/DEBUG]: Skipping Lnet/minecraft/network/PacketThreadUtil$1;
[11:32:11] [main/DEBUG]: Skipping Lnet/minecraft/network/EnumConnectionState$1;
[11:32:11] [main/DEBUG]: Skipping Lnet/minecraft/network/EnumConnectionState$2;
[11:32:11] [main/DEBUG]: Skipping Lnet/minecraft/network/EnumConnectionState$3;
[11:32:11] [main/DEBUG]: Skipping Lnet/minecraft/network/EnumConnectionState$4;
[11:32:11] [main/DEBUG]: Skipping Lnet/minecraft/network/NettyEncryptionTranslator;
[11:32:11] [main/DEBUG]: Skipping Lnet/minecraft/network/NettyEncryptingDecoder;
[11:32:11] [main/DEBUG]: Skipping Lnet/minecraft/network/NettyEncryptingEncoder;
[11:32:11] [main/DEBUG]: Skipping Lnet/minecraft/network/NettyCompressionDecoder;
[11:32:11] [main/DEBUG]: Skipping Lnet/minecraft/network/NettyCompressionEncoder;
[11:32:11] [main/DEBUG]: Skipping Lnet/minecraft/network/EnumConnectionState;
[11:32:11] [main/DEBUG]: Skipping Lnet/minecraft/network/NettyPacketDecoder;
[11:32:11] [main/DEBUG]: Skipping Lnet/minecraft/network/INetHandler;
[11:32:11] [main/DEBUG]: Skipping Lnet/minecraft/network/NettyVarint21FrameDecoder;
[11:32:11] [main/DEBUG]: Skipping Lnet/minecraft/network/NettyVarint21FrameEncoder;
[11:32:11] [main/DEBUG]: Skipping Lnet/minecraft/network/Packet;
[11:32:11] [main/DEBUG]: Skipping Lnet/minecraft/network/EnumPacketDirection;
[11:32:11] [main/DEBUG]: Skipping Lnet/minecraft/network/PacketThreadUtil;
[11:32:11] [main/DEBUG]: Skipping Lnet/minecraft/network/status/package-info;
[11:32:11] [main/DEBUG]: Skipping Lnet/minecraft/network/status/INetHandlerStatusClient;
[11:32:11] [main/DEBUG]: Skipping Lnet/minecraft/network/status/server/package-info;
[11:32:11] [main/DEBUG]: Skipping Lnet/minecraft/network/status/server/SPacketPong;
[11:32:11] [main/DEBUG]: Transforming class Lnet/minecraft/network/status/server/SPacketServerInfo;
[11:32:11] [main/DEBUG]: Transforming net.minecraft.network.status.server.SPacketServerInfo FIELD field_149297_a to access PUBLIC and LEAVE
[11:32:11] [main/DEBUG]: Skipping Lnet/minecraft/network/status/INetHandlerStatusServer;
[11:32:11] [main/DEBUG]: Skipping Lnet/minecraft/network/status/client/package-info;
[11:32:11] [main/DEBUG]: Skipping Lnet/minecraft/network/status/client/CPacketPing;
[11:32:11] [main/DEBUG]: Skipping Lnet/minecraft/network/status/client/CPacketServerQuery;
[11:32:11] [main/DEBUG]: Skipping Lnet/minecraft/network/ThreadQuickExitException;
[11:32:11] [main/DEBUG]: Skipping Lnet/minecraft/network/LegacyPingHandler;
[11:32:11] [main/DEBUG]: Skipping Lnet/minecraft/network/rcon/package-info;
[11:32:11] [main/DEBUG]: Skipping Lnet/minecraft/network/rcon/IServer;
[11:32:11] [main/DEBUG]: Skipping Lnet/minecraft/network/rcon/RConOutputStream;
[11:32:11] [main/DEBUG]: Skipping Lnet/minecraft/network/rcon/RConUtils;
[11:32:11] [main/DEBUG]: Skipping Lnet/minecraft/network/rcon/RConThreadBase;
[11:32:11] [main/DEBUG]: Skipping Lnet/minecraft/network/rcon/RConThreadQuery;
[11:32:11] [main/DEBUG]: Skipping Lnet/minecraft/network/rcon/RConThreadClient;
[11:32:11] [main/DEBUG]: Skipping Lnet/minecraft/network/rcon/RConThreadMain;
[11:32:11] [main/DEBUG]: Skipping Lnet/minecraft/network/rcon/RConThreadQuery$Auth;
[11:32:11] [main/DEBUG]: Skipping Lnet/minecraft/network/rcon/RConConsoleSource;
[11:32:11] [main/DEBUG]: Skipping Lnet/minecraft/network/ServerStatusResponse$Players$Serializer;
[11:32:11] [main/DEBUG]: Skipping Lnet/minecraft/network/NetworkManager$1;
[11:32:11] [main/DEBUG]: Skipping Lnet/minecraft/network/NetworkManager$2;
[11:32:11] [main/DEBUG]: Skipping Lnet/minecraft/network/NetworkManager$3;
[11:32:11] [main/DEBUG]: Skipping Lnet/minecraft/network/NetworkManager$4;
[11:32:11] [main/DEBUG]: Skipping Lnet/minecraft/network/ServerStatusResponse$Version$Serializer;
[11:32:11] [main/DEBUG]: Skipping Lnet/minecraft/network/NetworkManager$5;
[11:32:11] [main/DEBUG]: Skipping Lnet/minecraft/network/NetworkManager$6;
[11:32:11] [main/DEBUG]: Skipping Lnet/minecraft/network/NetworkManager$InboundHandlerTuplePacketListener;
[11:32:11] [main/DEBUG]: Skipping Lnet/minecraft/network/NetHandlerPlayServer$1;
[11:32:11] [main/DEBUG]: Skipping Lnet/minecraft/network/NetHandlerPlayServer$2;
[11:32:11] [main/DEBUG]: Skipping Lnet/minecraft/network/NetHandlerPlayServer$3;
[11:32:11] [main/DEBUG]: Skipping Lnet/minecraft/network/NetHandlerPlayServer$4;
[11:32:11] [main/DEBUG]: Skipping Lnet/minecraft/network/NetworkManager;
[11:32:11] [main/DEBUG]: Skipping Lnet/minecraft/network/PacketBuffer;
[11:32:11] [main/DEBUG]: Skipping Lnet/minecraft/network/NettyPacketEncoder;
[11:32:11] [main/DEBUG]: Skipping Lnet/minecraft/network/play/package-info;
[11:32:11] [main/DEBUG]: Skipping Lnet/minecraft/network/play/INetHandlerPlayClient;
[11:32:11] [main/DEBUG]: Skipping Lnet/minecraft/network/play/INetHandlerPlayServer;
[11:32:11] [main/DEBUG]: Skipping Lnet/minecraft/network/play/server/package-info;
[11:32:11] [main/DEBUG]: Skipping Lnet/minecraft/network/play/server/SPacketUpdateBossInfo$1;
[11:32:11] [main/DEBUG]: Skipping Lnet/minecraft/network/play/server/SPacketUpdateBossInfo$Operation;
[11:32:11] [main/DEBUG]: Skipping Lnet/minecraft/network/play/server/SPacketUpdateScore$Action;
[11:32:11] [main/DEBUG]: Skipping Lnet/minecraft/network/play/server/SPacketRecipeBook$State;
[11:32:11] [main/DEBUG]: Skipping Lnet/minecraft/network/play/server/SPacketWorldBorder$1;
[11:32:11] [main/DEBUG]: Skipping Lnet/minecraft/network/play/server/SPacketWorldBorder$Action;
[11:32:11] [main/DEBUG]: Skipping Lnet/minecraft/network/play/server/SPacketSpawnObject;
[11:32:11] [main/DEBUG]: Skipping Lnet/minecraft/network/play/server/SPacketSpawnExperienceOrb;
[11:32:11] [main/DEBUG]: Skipping Lnet/minecraft/network/play/server/SPacketSpawnGlobalEntity;
[11:32:11] [main/DEBUG]: Skipping Lnet/minecraft/network/play/server/SPacketSpawnPainting;
[11:32:11] [main/DEBUG]: Skipping Lnet/minecraft/network/play/server/SPacketSpawnPlayer;
[11:32:11] [main/DEBUG]: Skipping Lnet/minecraft/network/play/server/SPacketAnimation;
[11:32:11] [main/DEBUG]: Skipping Lnet/minecraft/network/play/server/SPacketStatistics;
[11:32:11] [main/DEBUG]: Skipping Lnet/minecraft/network/play/server/SPacketBlockBreakAnim;
[11:32:11] [main/DEBUG]: Skipping Lnet/minecraft/network/play/server/SPacketUpdateTileEntity;
[11:32:11] [main/DEBUG]: Skipping Lnet/minecraft/network/play/server/SPacketBlockAction;
[11:32:11] [main/DEBUG]: Transforming class Lnet/minecraft/network/play/server/SPacketBlockChange;
[11:32:11] [main/DEBUG]: Transforming net.minecraft.network.play.server.SPacketBlockChange FIELD field_148883_d to access PUBLIC and LEAVE
[11:32:11] [main/DEBUG]: Skipping Lnet/minecraft/network/play/server/SPacketUpdateBossInfo;
[11:32:11] [main/DEBUG]: Skipping Lnet/minecraft/network/play/server/SPacketServerDifficulty;
[11:32:11] [main/DEBUG]: Skipping Lnet/minecraft/network/play/server/SPacketTabComplete;
[11:32:11] [main/DEBUG]: Skipping Lnet/minecraft/network/play/server/SPacketChat;
[11:32:11] [main/DEBUG]: Skipping Lnet/minecraft/network/play/server/SPacketMultiBlockChange;
[11:32:11] [main/DEBUG]: Skipping Lnet/minecraft/network/play/server/SPacketConfirmTransaction;
[11:32:11] [main/DEBUG]: Skipping Lnet/minecraft/network/play/server/SPacketCloseWindow;
[11:32:11] [main/DEBUG]: Skipping Lnet/minecraft/network/play/server/SPacketOpenWindow;
[11:32:11] [main/DEBUG]: Skipping Lnet/minecraft/network/play/server/SPacketWindowItems;
[11:32:11] [main/DEBUG]: Skipping Lnet/minecraft/network/play/server/SPacketWindowProperty;
[11:32:11] [main/DEBUG]: Skipping Lnet/minecraft/network/play/server/SPacketSetSlot;
[11:32:11] [main/DEBUG]: Skipping Lnet/minecraft/network/play/server/SPacketCooldown;
[11:32:11] [main/DEBUG]: Skipping Lnet/minecraft/network/play/server/SPacketCustomSound;
[11:32:11] [main/DEBUG]: Skipping Lnet/minecraft/network/play/server/SPacketDisconnect;
[11:32:11] [main/DEBUG]: Skipping Lnet/minecraft/network/play/server/SPacketEntityStatus;
[11:32:11] [main/DEBUG]: Skipping Lnet/minecraft/network/play/server/SPacketExplosion;
[11:32:11] [main/DEBUG]: Skipping Lnet/minecraft/network/play/server/SPacketUnloadChunk;
[11:32:11] [main/DEBUG]: Skipping Lnet/minecraft/network/play/server/SPacketChangeGameState;
[11:32:11] [main/DEBUG]: Skipping Lnet/minecraft/network/play/server/SPacketKeepAlive;
[11:32:11] [main/DEBUG]: Skipping Lnet/minecraft/network/play/server/SPacketChunkData;
[11:32:11] [main/DEBUG]: Skipping Lnet/minecraft/network/play/server/SPacketEffect;
[11:32:11] [main/DEBUG]: Skipping Lnet/minecraft/network/play/server/SPacketParticles;
[11:32:11] [main/DEBUG]: Skipping Lnet/minecraft/network/play/server/SPacketJoinGame;
[11:32:11] [main/DEBUG]: Skipping Lnet/minecraft/network/play/server/SPacketMaps;
[11:32:11] [main/DEBUG]: Skipping Lnet/minecraft/network/play/server/SPacketEntity;
[11:32:11] [main/DEBUG]: Skipping Lnet/minecraft/network/play/server/SPacketMoveVehicle;
[11:32:11] [main/DEBUG]: Skipping Lnet/minecraft/network/play/server/SPacketSignEditorOpen;
[11:32:11] [main/DEBUG]: Skipping Lnet/minecraft/network/play/server/SPacketPlaceGhostRecipe;
[11:32:11] [main/DEBUG]: Skipping Lnet/minecraft/network/play/server/SPacketPlayerAbilities;
[11:32:11] [main/DEBUG]: Skipping Lnet/minecraft/network/play/server/SPacketCombatEvent;
[11:32:11] [main/DEBUG]: Skipping Lnet/minecraft/network/play/server/SPacketPlayerListItem;
[11:32:11] [main/DEBUG]: Skipping Lnet/minecraft/network/play/server/SPacketPlayerPosLook;
[11:32:11] [main/DEBUG]: Skipping Lnet/minecraft/network/play/server/SPacketUseBed;
[11:32:11] [main/DEBUG]: Skipping Lnet/minecraft/network/play/server/SPacketRecipeBook;
[11:32:11] [main/DEBUG]: Skipping Lnet/minecraft/network/play/server/SPacketDestroyEntities;
[11:32:11] [main/DEBUG]: Skipping Lnet/minecraft/network/play/server/SPacketRemoveEntityEffect;
[11:32:11] [main/DEBUG]: Skipping Lnet/minecraft/network/play/server/SPacketResourcePackSend;
[11:32:11] [main/DEBUG]: Skipping Lnet/minecraft/network/play/server/SPacketRespawn;
[11:32:11] [main/DEBUG]: Skipping Lnet/minecraft/network/play/server/SPacketEntityHeadLook;
[11:32:11] [main/DEBUG]: Skipping Lnet/minecraft/network/play/server/SPacketSelectAdvancementsTab;
[11:32:11] [main/DEBUG]: Skipping Lnet/minecraft/network/play/server/SPacketWorldBorder;
[11:32:11] [main/DEBUG]: Skipping Lnet/minecraft/network/play/server/SPacketCamera;
[11:32:11] [main/DEBUG]: Skipping Lnet/minecraft/network/play/server/SPacketHeldItemChange;
[11:32:11] [main/DEBUG]: Skipping Lnet/minecraft/network/play/server/SPacketDisplayObjective;
[11:32:11] [main/DEBUG]: Skipping Lnet/minecraft/network/play/server/SPacketEntityMetadata;
[11:32:11] [main/DEBUG]: Skipping Lnet/minecraft/network/play/server/SPacketEntityAttach;
[11:32:11] [main/DEBUG]: Skipping Lnet/minecraft/network/play/server/SPacketEntityVelocity;
[11:32:11] [main/DEBUG]: Skipping Lnet/minecraft/network/play/server/SPacketEntityEquipment;
[11:32:11] [main/DEBUG]: Skipping Lnet/minecraft/network/play/server/SPacketSetExperience;
[11:32:11] [main/DEBUG]: Skipping Lnet/minecraft/network/play/server/SPacketUpdateHealth;
[11:32:11] [main/DEBUG]: Skipping Lnet/minecraft/network/play/server/SPacketScoreboardObjective;
[11:32:11] [main/DEBUG]: Skipping Lnet/minecraft/network/play/server/SPacketSetPassengers;
[11:32:11] [main/DEBUG]: Skipping Lnet/minecraft/network/play/server/SPacketTeams;
[11:32:11] [main/DEBUG]: Skipping Lnet/minecraft/network/play/server/SPacketUpdateScore;
[11:32:11] [main/DEBUG]: Skipping Lnet/minecraft/network/play/server/SPacketSpawnPosition;
[11:32:11] [main/DEBUG]: Skipping Lnet/minecraft/network/play/server/SPacketTimeUpdate;
[11:32:11] [main/DEBUG]: Skipping Lnet/minecraft/network/play/server/SPacketTitle;
[11:32:11] [main/DEBUG]: Skipping Lnet/minecraft/network/play/server/SPacketSoundEffect;
[11:32:11] [main/DEBUG]: Skipping Lnet/minecraft/network/play/server/SPacketPlayerListHeaderFooter;
[11:32:11] [main/DEBUG]: Skipping Lnet/minecraft/network/play/server/SPacketCollectItem;
[11:32:11] [main/DEBUG]: Skipping Lnet/minecraft/network/play/server/SPacketEntityTeleport;
[11:32:11] [main/DEBUG]: Skipping Lnet/minecraft/network/play/server/SPacketAdvancementInfo;
[11:32:11] [main/DEBUG]: Skipping Lnet/minecraft/network/play/server/SPacketEntityProperties;
[11:32:11] [main/DEBUG]: Skipping Lnet/minecraft/network/play/server/SPacketEntityEffect;
[11:32:11] [main/DEBUG]: Skipping Lnet/minecraft/network/play/server/SPacketEntityProperties$Snapshot;
[11:32:11] [main/DEBUG]: Skipping Lnet/minecraft/network/play/server/SPacketCombatEvent$1;
[11:32:11] [main/DEBUG]: Skipping Lnet/minecraft/network/play/server/SPacketCombatEvent$Event;
[11:32:11] [main/DEBUG]: Skipping Lnet/minecraft/network/play/server/SPacketTitle$Type;
[11:32:11] [main/DEBUG]: Skipping Lnet/minecraft/network/play/server/SPacketPlayerListItem$1;
[11:32:11] [main/DEBUG]: Skipping Lnet/minecraft/network/play/server/SPacketMultiBlockChange$BlockUpdateData;
[11:32:11] [main/DEBUG]: Skipping Lnet/minecraft/network/play/server/SPacketPlayerListItem$Action;
[11:32:11] [main/DEBUG]: Skipping Lnet/minecraft/network/play/server/SPacketPlayerListItem$AddPlayerData;
[11:32:11] [main/DEBUG]: Skipping Lnet/minecraft/network/play/server/SPacketEntity$S15PacketEntityRelMove;
[11:32:11] [main/DEBUG]: Skipping Lnet/minecraft/network/play/server/SPacketEntity$S17PacketEntityLookMove;
[11:32:11] [main/DEBUG]: Skipping Lnet/minecraft/network/play/server/SPacketEntity$S16PacketEntityLook;
[11:32:11] [main/DEBUG]: Skipping Lnet/minecraft/network/play/server/SPacketPlayerPosLook$EnumFlags;
[11:32:11] [main/DEBUG]: Skipping Lnet/minecraft/network/play/server/SPacketSpawnMob;
[11:32:11] [main/DEBUG]: Skipping Lnet/minecraft/network/play/server/SPacketCustomPayload;
[11:32:11] [main/DEBUG]: Skipping Lnet/minecraft/network/play/client/package-info;
[11:32:11] [main/DEBUG]: Skipping Lnet/minecraft/network/play/client/CPacketResourcePackStatus$Action;
[11:32:11] [main/DEBUG]: Skipping Lnet/minecraft/network/play/client/CPacketSeenAdvancements$Action;
[11:32:11] [main/DEBUG]: Skipping Lnet/minecraft/network/play/client/CPacketClientStatus$State;
[11:32:11] [main/DEBUG]: Skipping Lnet/minecraft/network/play/client/CPacketUseEntity$Action;
[11:32:11] [main/DEBUG]: Skipping Lnet/minecraft/network/play/client/CPacketPlayerDigging$Action;
[11:32:11] [main/DEBUG]: Skipping Lnet/minecraft/network/play/client/CPacketConfirmTeleport;
[11:32:11] [main/DEBUG]: Skipping Lnet/minecraft/network/play/client/CPacketTabComplete;
[11:32:11] [main/DEBUG]: Skipping Lnet/minecraft/network/play/client/CPacketChatMessage;
[11:32:11] [main/DEBUG]: Skipping Lnet/minecraft/network/play/client/CPacketClientStatus;
[11:32:11] [main/DEBUG]: Skipping Lnet/minecraft/network/play/client/CPacketClientSettings;
[11:32:11] [main/DEBUG]: Skipping Lnet/minecraft/network/play/client/CPacketConfirmTransaction;
[11:32:11] [main/DEBUG]: Skipping Lnet/minecraft/network/play/client/CPacketEnchantItem;
[11:32:11] [main/DEBUG]: Skipping Lnet/minecraft/network/play/client/CPacketCloseWindow;
[11:32:11] [main/DEBUG]: Skipping Lnet/minecraft/network/play/client/CPacketUseEntity;
[11:32:11] [main/DEBUG]: Skipping Lnet/minecraft/network/play/client/CPacketKeepAlive;
[11:32:11] [main/DEBUG]: Skipping Lnet/minecraft/network/play/client/CPacketPlayer;
[11:32:11] [main/DEBUG]: Skipping Lnet/minecraft/network/play/client/CPacketVehicleMove;
[11:32:11] [main/DEBUG]: Skipping Lnet/minecraft/network/play/client/CPacketSteerBoat;
[11:32:11] [main/DEBUG]: Skipping Lnet/minecraft/network/play/client/CPacketPlaceRecipe;
[11:32:11] [main/DEBUG]: Skipping Lnet/minecraft/network/play/client/CPacketPlayerAbilities;
[11:32:11] [main/DEBUG]: Skipping Lnet/minecraft/network/play/client/CPacketPlayerDigging;
[11:32:11] [main/DEBUG]: Skipping Lnet/minecraft/network/play/client/CPacketEntityAction;
[11:32:11] [main/DEBUG]: Skipping Lnet/minecraft/network/play/client/CPacketInput;
[11:32:11] [main/DEBUG]: Skipping Lnet/minecraft/network/play/client/CPacketRecipeInfo;
[11:32:11] [main/DEBUG]: Skipping Lnet/minecraft/network/play/client/CPacketResourcePackStatus;
[11:32:11] [main/DEBUG]: Skipping Lnet/minecraft/network/play/client/CPacketSeenAdvancements;
[11:32:11] [main/DEBUG]: Skipping Lnet/minecraft/network/play/client/CPacketHeldItemChange;
[11:32:11] [main/DEBUG]: Skipping Lnet/minecraft/network/play/client/CPacketUpdateSign;
[11:32:11] [main/DEBUG]: Skipping Lnet/minecraft/network/play/client/CPacketAnimation;
[11:32:11] [main/DEBUG]: Skipping Lnet/minecraft/network/play/client/CPacketSpectate;
[11:32:11] [main/DEBUG]: Skipping Lnet/minecraft/network/play/client/CPacketPlayerTryUseItemOnBlock;
[11:32:11] [main/DEBUG]: Skipping Lnet/minecraft/network/play/client/CPacketPlayerTryUseItem;
[11:32:11] [main/DEBUG]: Skipping Lnet/minecraft/network/play/client/CPacketEntityAction$Action;
[11:32:11] [main/DEBUG]: Skipping Lnet/minecraft/network/play/client/CPacketPlayer$Position;
[11:32:11] [main/DEBUG]: Skipping Lnet/minecraft/network/play/client/CPacketPlayer$PositionRotation;
[11:32:11] [main/DEBUG]: Skipping Lnet/minecraft/network/play/client/CPacketPlayer$Rotation;
[11:32:11] [main/DEBUG]: Skipping Lnet/minecraft/network/play/client/CPacketRecipeInfo$Purpose;
[11:32:11] [main/DEBUG]: Skipping Lnet/minecraft/network/play/client/CPacketClickWindow;
[11:32:11] [main/DEBUG]: Skipping Lnet/minecraft/network/play/client/CPacketCustomPayload;
[11:32:11] [main/DEBUG]: Skipping Lnet/minecraft/network/play/client/CPacketCreativeInventoryAction;
[11:32:11] [main/DEBUG]: Skipping Lnet/minecraft/network/handshake/package-info;
[11:32:11] [main/DEBUG]: Skipping Lnet/minecraft/network/handshake/INetHandlerHandshakeServer;
[11:32:11] [main/DEBUG]: Skipping Lnet/minecraft/network/handshake/client/package-info;
[11:32:11] [main/DEBUG]: Skipping Lnet/minecraft/network/handshake/client/C00Handshake;
[11:32:11] [main/DEBUG]: Skipping Lnet/minecraft/network/login/package-info;
[11:32:11] [main/DEBUG]: Skipping Lnet/minecraft/network/login/INetHandlerLoginClient;
[11:32:11] [main/DEBUG]: Skipping Lnet/minecraft/network/login/INetHandlerLoginServer;
[11:32:11] [main/DEBUG]: Skipping Lnet/minecraft/network/login/client/package-info;
[11:32:11] [main/DEBUG]: Skipping Lnet/minecraft/network/login/client/CPacketLoginStart;
[11:32:11] [main/DEBUG]: Skipping Lnet/minecraft/network/login/client/CPacketEncryptionResponse;
[11:32:11] [main/DEBUG]: Skipping Lnet/minecraft/network/login/server/package-info;
[11:32:11] [main/DEBUG]: Skipping Lnet/minecraft/network/login/server/SPacketEncryptionRequest;
[11:32:11] [main/DEBUG]: Skipping Lnet/minecraft/network/login/server/SPacketEnableCompression;
[11:32:11] [main/DEBUG]: Skipping Lnet/minecraft/network/login/server/SPacketDisconnect;
[11:32:11] [main/DEBUG]: Skipping Lnet/minecraft/network/login/server/SPacketLoginSuccess;
[11:32:11] [main/DEBUG]: Skipping Lnet/minecraft/network/ServerStatusResponse;
[11:32:11] [main/DEBUG]: Skipping Lnet/minecraft/network/NetworkSystem$1;
[11:32:11] [main/DEBUG]: Skipping Lnet/minecraft/network/NetworkSystem$2;
[11:32:11] [main/DEBUG]: Skipping Lnet/minecraft/network/NetworkSystem$3;
[11:32:11] [main/DEBUG]: Skipping Lnet/minecraft/network/NetworkSystem$4;
[11:32:11] [main/DEBUG]: Skipping Lnet/minecraft/network/NetworkSystem$5;
[11:32:11] [main/DEBUG]: Skipping Lnet/minecraft/network/NetworkSystem$6;
[11:32:11] [main/DEBUG]: Skipping Lnet/minecraft/network/NetworkSystem$7;
[11:32:11] [main/DEBUG]: Skipping Lnet/minecraft/network/NetworkSystem;
[11:32:11] [main/DEBUG]: Skipping Lnet/minecraft/network/NetHandlerPlayServer;
[11:32:11] [main/DEBUG]: Skipping Lnet/minecraft/network/ServerStatusResponse$Players;
[11:32:11] [main/DEBUG]: Skipping Lnet/minecraft/network/ServerStatusResponse$Serializer;
[11:32:11] [main/DEBUG]: Skipping Lnet/minecraft/network/ServerStatusResponse$Version;
[11:32:11] [main/DEBUG]: Skipping Lnet/minecraft/network/datasync/package-info;
[11:32:11] [main/DEBUG]: Skipping Lnet/minecraft/network/datasync/DataParameter;
[11:32:11] [main/DEBUG]: Skipping Lnet/minecraft/network/datasync/DataSerializer;
[11:32:11] [main/DEBUG]: Skipping Lnet/minecraft/network/datasync/DataSerializers$5;
[11:32:11] [main/DEBUG]: Skipping Lnet/minecraft/network/datasync/DataSerializers$6;
[11:32:11] [main/DEBUG]: Skipping Lnet/minecraft/network/datasync/DataSerializers$7;
[11:32:11] [main/DEBUG]: Skipping Lnet/minecraft/network/datasync/DataSerializers$8;
[11:32:11] [main/DEBUG]: Skipping Lnet/minecraft/network/datasync/DataSerializers$9;
[11:32:11] [main/DEBUG]: Skipping Lnet/minecraft/network/datasync/DataSerializers;
[11:32:11] [main/DEBUG]: Skipping Lnet/minecraft/network/datasync/EntityDataManager;
[11:32:11] [main/DEBUG]: Skipping Lnet/minecraft/network/datasync/DataSerializers$1;
[11:32:11] [main/DEBUG]: Skipping Lnet/minecraft/network/datasync/DataSerializers$10;
[11:32:11] [main/DEBUG]: Skipping Lnet/minecraft/network/datasync/DataSerializers$11;
[11:32:11] [main/DEBUG]: Skipping Lnet/minecraft/network/datasync/DataSerializers$12;
[11:32:11] [main/DEBUG]: Skipping Lnet/minecraft/network/datasync/DataSerializers$13;
[11:32:11] [main/DEBUG]: Skipping Lnet/minecraft/network/datasync/DataSerializers$14;
[11:32:11] [main/DEBUG]: Skipping Lnet/minecraft/network/datasync/DataSerializers$2;
[11:32:11] [main/DEBUG]: Skipping Lnet/minecraft/network/datasync/DataSerializers$3;
[11:32:11] [main/DEBUG]: Skipping Lnet/minecraft/network/datasync/DataSerializers$4;
[11:32:11] [main/DEBUG]: Skipping Lnet/minecraft/network/datasync/EntityDataManager$DataEntry;
[11:32:11] [main/DEBUG]: Skipping Lnet/minecraft/entity/package-info;
[11:32:11] [main/DEBUG]: Skipping Lnet/minecraft/entity/EntityAreaEffectCloud;
[11:32:11] [main/DEBUG]: Skipping Lnet/minecraft/entity/EnumCreatureType;
[11:32:11] [main/DEBUG]: Skipping Lnet/minecraft/entity/IEntityLivingData;
[11:32:11] [main/DEBUG]: Skipping Lnet/minecraft/entity/EnumCreatureAttribute;
[11:32:11] [main/DEBUG]: Skipping Lnet/minecraft/entity/MoverType;
[11:32:11] [main/DEBUG]: Skipping Lnet/minecraft/entity/IEntityOwnable;
[11:32:11] [main/DEBUG]: Skipping Lnet/minecraft/entity/EntityCreature;
[11:32:11] [main/DEBUG]: Skipping Lnet/minecraft/entity/IJumpingMount;
[11:32:11] [main/DEBUG]: Skipping Lnet/minecraft/entity/EntityBodyHelper;
[11:32:11] [main/DEBUG]: Skipping Lnet/minecraft/entity/IEntityMultiPart;
[11:32:11] [main/DEBUG]: Skipping Lnet/minecraft/entity/MultiPartEntityPart;
[11:32:11] [main/DEBUG]: Skipping Lnet/minecraft/entity/IRangedAttackMob;
[11:32:11] [main/DEBUG]: Skipping Lnet/minecraft/entity/INpc;
[11:32:11] [main/DEBUG]: Skipping Lnet/minecraft/entity/IProjectile;
[11:32:11] [main/DEBUG]: Skipping Lnet/minecraft/entity/IMerchant;
[11:32:11] [main/DEBUG]: Skipping Lnet/minecraft/entity/EntityLiving$1;
[11:32:11] [main/DEBUG]: Skipping Lnet/minecraft/entity/EntityLiving$SpawnPlacementType;
[11:32:11] [main/DEBUG]: Skipping Lnet/minecraft/entity/EntityHanging$1;
[11:32:11] [main/DEBUG]: Skipping Lnet/minecraft/entity/EntityHanging$2;
[11:32:11] [main/DEBUG]: Skipping Lnet/minecraft/entity/EntityTracker$1;
[11:32:11] [main/DEBUG]: Skipping Lnet/minecraft/entity/Entity$1;
[11:32:11] [main/DEBUG]: Skipping Lnet/minecraft/entity/Entity$2;
[11:32:11] [main/DEBUG]: Skipping Lnet/minecraft/entity/Entity$3;
[11:32:11] [main/DEBUG]: Skipping Lnet/minecraft/entity/Entity$4;
[11:32:11] [main/DEBUG]: Skipping Lnet/minecraft/entity/Entity$5;
[11:32:11] [main/DEBUG]: Skipping Lnet/minecraft/entity/Entity$6;
[11:32:11] [main/DEBUG]: Skipping Lnet/minecraft/entity/EntityTracker;
[11:32:11] [main/DEBUG]: Transforming class Lnet/minecraft/entity/EntityTrackerEntry;
[11:32:11] [main/DEBUG]: Transforming net.minecraft.entity.EntityTrackerEntry FIELD field_73134_o to access PUBLIC and LEAVE
[11:32:11] [main/DEBUG]: Skipping Lnet/minecraft/entity/EntityAgeable;
[11:32:11] [main/DEBUG]: Skipping Lnet/minecraft/entity/Entity;
[11:32:11] [main/DEBUG]: Skipping Lnet/minecraft/entity/EntityList;
[11:32:11] [main/DEBUG]: Skipping Lnet/minecraft/entity/EntityFlying;
[11:32:11] [main/DEBUG]: Skipping Lnet/minecraft/entity/EntityLivingBase;
[11:32:11] [main/DEBUG]: Transforming class Lnet/minecraft/entity/EntityLiving;
[11:32:11] [main/DEBUG]: Transforming net.minecraft.entity.EntityLiving FIELD field_70714_bg to access PUBLIC and LEAVE
[11:32:11] [main/DEBUG]: Transforming net.minecraft.entity.EntityLiving FIELD field_70715_bh to access PUBLIC and LEAVE
[11:32:11] [main/DEBUG]: Skipping Lnet/minecraft/entity/EntitySpawnPlacementRegistry;
[11:32:11] [main/DEBUG]: Skipping Lnet/minecraft/entity/ai/package-info;
[11:32:11] [main/DEBUG]: Transforming class Lnet/minecraft/entity/ai/EntityAITasks$EntityAITaskEntry;
[11:32:11] [main/DEBUG]: Transforming net.minecraft.entity.ai.EntityAITasks$EntityAITaskEntry CLASS to access PUBLIC and LEAVE
[11:32:11] [main/DEBUG]: Skipping Lnet/minecraft/entity/ai/EntityAIAvoidEntity$1;
[11:32:11] [main/DEBUG]: Skipping Lnet/minecraft/entity/ai/EntityAIFindEntityNearest$1;
[11:32:11] [main/DEBUG]: Skipping Lnet/minecraft/entity/ai/EntityAIFollow$1;
[11:32:11] [main/DEBUG]: Skipping Lnet/minecraft/entity/ai/EntityAIFindEntityNearestPlayer$1;
[11:32:11] [main/DEBUG]: Skipping Lnet/minecraft/entity/ai/EntityAINearestAttackableTarget$1;
[11:32:11] [main/DEBUG]: Skipping Lnet/minecraft/entity/ai/EntityAINearestAttackableTarget$2;
[11:32:11] [main/DEBUG]: Skipping Lnet/minecraft/entity/ai/EntityAINearestAttackableTarget$Sorter;
[11:32:11] [main/DEBUG]: Skipping Lnet/minecraft/entity/ai/attributes/package-info;
[11:32:11] [main/DEBUG]: Skipping Lnet/minecraft/entity/ai/attributes/IAttribute;
[11:32:11] [main/DEBUG]: Skipping Lnet/minecraft/entity/ai/attributes/IAttributeInstance;
[11:32:11] [main/DEBUG]: Skipping Lnet/minecraft/entity/ai/attributes/AttributeModifier;
[11:32:11] [main/DEBUG]: Skipping Lnet/minecraft/entity/ai/attributes/BaseAttribute;
[11:32:11] [main/DEBUG]: Skipping Lnet/minecraft/entity/ai/attributes/AbstractAttributeMap;
[11:32:11] [main/DEBUG]: Skipping Lnet/minecraft/entity/ai/attributes/ModifiableAttributeInstance;
[11:32:11] [main/DEBUG]: Skipping Lnet/minecraft/entity/ai/attributes/AttributeMap;
[11:32:11] [main/DEBUG]: Skipping Lnet/minecraft/entity/ai/attributes/RangedAttribute;
[11:32:11] [main/DEBUG]: Skipping Lnet/minecraft/entity/ai/EntityFlyHelper;
[11:32:11] [main/DEBUG]: Skipping Lnet/minecraft/entity/ai/EntityJumpHelper;
[11:32:11] [main/DEBUG]: Skipping Lnet/minecraft/entity/ai/EntityLookHelper;
[11:32:11] [main/DEBUG]: Skipping Lnet/minecraft/entity/ai/EntityMoveHelper;
[11:32:11] [main/DEBUG]: Skipping Lnet/minecraft/entity/ai/EntityAIAvoidEntity;
[11:32:11] [main/DEBUG]: Skipping Lnet/minecraft/entity/ai/EntityAIBeg;
[11:32:11] [main/DEBUG]: Skipping Lnet/minecraft/entity/ai/EntityAIDoorInteract;
[11:32:11] [main/DEBUG]: Skipping Lnet/minecraft/entity/ai/EntityAIFleeSun;
[11:32:11] [main/DEBUG]: Skipping Lnet/minecraft/entity/ai/EntityAISwimming;
[11:32:11] [main/DEBUG]: Skipping Lnet/minecraft/entity/ai/EntityAIFollow;
[11:32:11] [main/DEBUG]: Skipping Lnet/minecraft/entity/ai/EntityAIFollowOwnerFlying;
[11:32:11] [main/DEBUG]: Skipping Lnet/minecraft/entity/ai/EntityAIFollowOwner;
[11:32:11] [main/DEBUG]: Skipping Lnet/minecraft/entity/ai/EntityAIFollowParent;
[11:32:11] [main/DEBUG]: Skipping Lnet/minecraft/entity/ai/EntityAIBase;
[11:32:11] [main/DEBUG]: Transforming class Lnet/minecraft/entity/ai/EntityAITasks;
[11:32:11] [main/DEBUG]: Transforming net.minecraft.entity.ai.EntityAITasks INNERCLASS EntityAITaskEntry to access PUBLIC and LEAVE
[11:32:11] [main/DEBUG]: Transforming net.minecraft.entity.ai.EntityAITasks FIELD field_75782_a to access PUBLIC and LEAVE
[11:32:11] [main/DEBUG]: Skipping Lnet/minecraft/entity/ai/EntityAIWatchClosest2;
[11:32:11] [main/DEBUG]: Skipping Lnet/minecraft/entity/ai/EntityAILandOnOwnersShoulder;
[11:32:11] [main/DEBUG]: Skipping Lnet/minecraft/entity/ai/EntityAILeapAtTarget;
[11:32:11] [main/DEBUG]: Skipping Lnet/minecraft/entity/ai/EntityAILlamaFollowCaravan;
[11:32:11] [main/DEBUG]: Skipping Lnet/minecraft/entity/ai/EntityAIWatchClosest;
[11:32:11] [main/DEBUG]: Skipping Lnet/minecraft/entity/ai/EntityAILookAtTradePlayer;
[11:32:11] [main/DEBUG]: Skipping Lnet/minecraft/entity/ai/EntityAIMoveIndoors;
[11:32:11] [main/DEBUG]: Skipping Lnet/minecraft/entity/ai/EntityAIMoveThroughVillage;
[11:32:11] [main/DEBUG]: Skipping Lnet/minecraft/entity/ai/EntityAIMoveToBlock;
[11:32:11] [main/DEBUG]: Skipping Lnet/minecraft/entity/ai/EntityAIMoveTowardsRestriction;
[11:32:11] [main/DEBUG]: Skipping Lnet/minecraft/entity/ai/EntityAIMoveTowardsTarget;
[11:32:11] [main/DEBUG]: Skipping Lnet/minecraft/entity/ai/EntityAIOcelotAttack;
[11:32:11] [main/DEBUG]: Skipping Lnet/minecraft/entity/ai/EntityAIOcelotSit;
[11:32:11] [main/DEBUG]: Skipping Lnet/minecraft/entity/ai/EntityAILookAtVillager;
[11:32:11] [main/DEBUG]: Skipping Lnet/minecraft/entity/ai/EntityAIOpenDoor;
[11:32:11] [main/DEBUG]: Skipping Lnet/minecraft/entity/ai/EntityAIPanic;
[11:32:11] [main/DEBUG]: Skipping Lnet/minecraft/entity/ai/EntityAIPlay;
[11:32:11] [main/DEBUG]: Skipping Lnet/minecraft/entity/ai/EntityAILookIdle;
[11:32:11] [main/DEBUG]: Skipping Lnet/minecraft/entity/ai/EntityAIWander;
[11:32:11] [main/DEBUG]: Skipping Lnet/minecraft/entity/ai/EntityAIAttackRanged;
[11:32:11] [main/DEBUG]: Skipping Lnet/minecraft/entity/ai/EntityAIRestrictOpenDoor;
[11:32:11] [main/DEBUG]: Skipping Lnet/minecraft/entity/ai/EntityAIRestrictSun;
[11:32:11] [main/DEBUG]: Skipping Lnet/minecraft/entity/ai/EntityAISit;
[11:32:11] [main/DEBUG]: Skipping Lnet/minecraft/entity/ai/EntityAICreeperSwell;
[11:32:11] [main/DEBUG]: Skipping Lnet/minecraft/entity/ai/EntityAIFollowGolem;
[11:32:11] [main/DEBUG]: Skipping Lnet/minecraft/entity/ai/EntityAITempt;
[11:32:11] [main/DEBUG]: Skipping Lnet/minecraft/entity/ai/EntityAITradePlayer;
[11:32:11] [main/DEBUG]: Skipping Lnet/minecraft/entity/ai/EntityAIVillagerInteract;
[11:32:11] [main/DEBUG]: Skipping Lnet/minecraft/entity/ai/EntityAIWanderAvoidWaterFlying;
[11:32:11] [main/DEBUG]: Skipping Lnet/minecraft/entity/ai/EntityAIWanderAvoidWater;
[11:32:11] [main/DEBUG]: Skipping Lnet/minecraft/entity/ai/EntityAIZombieAttack;
[11:32:11] [main/DEBUG]: Skipping Lnet/minecraft/entity/ai/EntityAIDefendVillage;
[11:32:11] [main/DEBUG]: Skipping Lnet/minecraft/entity/ai/EntityAIHurtByTarget;
[11:32:11] [main/DEBUG]: Skipping Lnet/minecraft/entity/ai/EntityAIFindEntityNearest;
[11:32:11] [main/DEBUG]: Skipping Lnet/minecraft/entity/ai/EntityAIFindEntityNearestPlayer;
[11:32:11] [main/DEBUG]: Skipping Lnet/minecraft/entity/ai/EntityAINearestAttackableTarget;
[11:32:11] [main/DEBUG]: Skipping Lnet/minecraft/entity/ai/EntityAITargetNonTamed;
[11:32:11] [main/DEBUG]: Skipping Lnet/minecraft/entity/ai/EntityAIOwnerHurtByTarget;
[11:32:11] [main/DEBUG]: Skipping Lnet/minecraft/entity/ai/EntityAIOwnerHurtTarget;
[11:32:11] [main/DEBUG]: Skipping Lnet/minecraft/entity/ai/EntityAITarget;
[11:32:11] [main/DEBUG]: Skipping Lnet/minecraft/entity/ai/EntitySenses;
[11:32:11] [main/DEBUG]: Skipping Lnet/minecraft/entity/ai/RandomPositionGenerator;
[11:32:11] [main/DEBUG]: Skipping Lnet/minecraft/entity/ai/EntityAISkeletonRiders;
[11:32:11] [main/DEBUG]: Skipping Lnet/minecraft/entity/ai/EntityMoveHelper$Action;
[11:32:11] [main/DEBUG]: Skipping Lnet/minecraft/entity/ai/EntityAIBreakDoor;
[11:32:11] [main/DEBUG]: Skipping Lnet/minecraft/entity/ai/EntityAIMate;
[11:32:11] [main/DEBUG]: Skipping Lnet/minecraft/entity/ai/EntityAIEatGrass;
[11:32:11] [main/DEBUG]: Skipping Lnet/minecraft/entity/ai/EntityAIHarvestFarmland;
[11:32:11] [main/DEBUG]: Skipping Lnet/minecraft/entity/ai/EntityAIVillagerMate;
[11:32:11] [main/DEBUG]: Skipping Lnet/minecraft/entity/ai/EntityAIAttackMelee;
[11:32:11] [main/DEBUG]: Skipping Lnet/minecraft/entity/ai/EntityAIAttackRangedBow;
[11:32:11] [main/DEBUG]: Skipping Lnet/minecraft/entity/ai/EntityAIRunAroundLikeCrazy;
[11:32:11] [main/DEBUG]: Skipping Lnet/minecraft/entity/EntityHanging;
[11:32:11] [main/DEBUG]: Skipping Lnet/minecraft/entity/EntityLeashKnot;
[11:32:11] [main/DEBUG]: Skipping Lnet/minecraft/entity/effect/package-info;
[11:32:11] [main/DEBUG]: Skipping Lnet/minecraft/entity/effect/EntityWeatherEffect;
[11:32:11] [main/DEBUG]: Skipping Lnet/minecraft/entity/effect/EntityLightningBolt;
[11:32:11] [main/DEBUG]: Skipping Lnet/minecraft/entity/SharedMonsterAttributes;
[11:32:11] [main/DEBUG]: Skipping Lnet/minecraft/entity/NpcMerchant;
[11:32:11] [main/DEBUG]: Skipping Lnet/minecraft/entity/player/package-info;
[11:32:11] [main/DEBUG]: Skipping Lnet/minecraft/entity/player/PlayerCapabilities;
[11:32:11] [main/DEBUG]: Skipping Lnet/minecraft/entity/player/EnumPlayerModelParts;
[11:32:11] [main/DEBUG]: Skipping Lnet/minecraft/entity/player/EntityPlayerMP$1;
[11:32:11] [main/DEBUG]: Skipping Lnet/minecraft/entity/player/InventoryPlayer$1;
[11:32:11] [main/DEBUG]: Skipping Lnet/minecraft/entity/player/EntityPlayer$1;
[11:32:11] [main/DEBUG]: Skipping Lnet/minecraft/entity/player/EntityPlayer$2;
[11:32:11] [main/DEBUG]: Skipping Lnet/minecraft/entity/player/EntityPlayer$SleepResult;
[11:32:11] [main/DEBUG]: Skipping Lnet/minecraft/entity/player/EntityPlayer$EnumChatVisibility;
[11:32:11] [main/DEBUG]: Skipping Lnet/minecraft/entity/player/EntityPlayer$SleepEnemyPredicate;
[11:32:11] [main/DEBUG]: Transforming class Lnet/minecraft/entity/player/EntityPlayerMP;
[11:32:11] [main/DEBUG]: Transforming net.minecraft.entity.player.EntityPlayerMP FIELD field_71139_cq to access PUBLIC and LEAVE
[11:32:11] [main/DEBUG]: Transforming net.minecraft.entity.player.EntityPlayerMP METHOD func_71117_bO()V to access PUBLIC and LEAVE
[11:32:11] [main/DEBUG]: Skipping Lnet/minecraft/entity/player/InventoryPlayer;
[11:32:11] [main/DEBUG]: Transforming class Lnet/minecraft/entity/player/EntityPlayer;
[11:32:11] [main/DEBUG]: Transforming net.minecraft.entity.player.EntityPlayer FIELD field_71077_c to access PROTECTED and LEAVE
[11:32:11] [main/DEBUG]: Transforming net.minecraft.entity.player.EntityPlayer FIELD field_82248_d to access PROTECTED and LEAVE
[11:32:11] [main/DEBUG]: Transforming net.minecraft.entity.player.EntityPlayer METHOD func_71053_j()V to access PUBLIC and LEAVE
[11:32:11] [main/DEBUG]: Transforming net.minecraft.entity.player.EntityPlayer METHOD func_184816_a(Lnet/minecraft/entity/item/EntityItem;)Lnet/minecraft/item/ItemStack; to access PUBLIC and LEAVE
[11:32:11] [main/DEBUG]: Skipping Lnet/minecraft/entity/item/package-info;
[11:32:11] [main/DEBUG]: Skipping Lnet/minecraft/entity/item/EntityPainting$EnumArt;
[11:32:11] [main/DEBUG]: Skipping Lnet/minecraft/entity/item/EntityEnderCrystal;
[11:32:11] [main/DEBUG]: Skipping Lnet/minecraft/entity/item/EntityPainting;
[11:32:11] [main/DEBUG]: Skipping Lnet/minecraft/entity/item/EntityTNTPrimed;
[11:32:11] [main/DEBUG]: Skipping Lnet/minecraft/entity/item/EntityEnderEye;
[11:32:11] [main/DEBUG]: Skipping Lnet/minecraft/entity/item/EntityFireworkRocket;
[11:32:11] [main/DEBUG]: Skipping Lnet/minecraft/entity/item/EntityExpBottle;
[11:32:11] [main/DEBUG]: Skipping Lnet/minecraft/entity/item/EntityMinecartChest;
[11:32:11] [main/DEBUG]: Skipping Lnet/minecraft/entity/item/EntityMinecartTNT;
[11:32:11] [main/DEBUG]: Skipping Lnet/minecraft/entity/item/EntityBoat$1;
[11:32:11] [main/DEBUG]: Skipping Lnet/minecraft/entity/item/EntityBoat$Status;
[11:32:11] [main/DEBUG]: Skipping Lnet/minecraft/entity/item/EntityBoat$Type;
[11:32:11] [main/DEBUG]: Skipping Lnet/minecraft/entity/item/EntityArmorStand$1;
[11:32:11] [main/DEBUG]: Skipping Lnet/minecraft/entity/item/EntityArmorStand$2;
[11:32:11] [main/DEBUG]: Skipping Lnet/minecraft/entity/item/EntityMinecart$1;
[11:32:11] [main/DEBUG]: Skipping Lnet/minecraft/entity/item/EntityMinecart$Type;
[11:32:11] [main/DEBUG]: Skipping Lnet/minecraft/entity/item/EntityMinecartMobSpawner$1;
[11:32:11] [main/DEBUG]: Skipping Lnet/minecraft/entity/item/EntityMinecartMobSpawner$2;
[11:32:11] [main/DEBUG]: Transforming class Lnet/minecraft/entity/item/EntityXPOrb;
[11:32:11] [main/DEBUG]: Transforming net.minecraft.entity.item.EntityXPOrb FIELD field_70530_e to access PUBLIC and LEAVE
[11:32:11] [main/DEBUG]: Skipping Lnet/minecraft/entity/item/EntityMinecartCommandBlock$1;
[11:32:11] [main/DEBUG]: Skipping Lnet/minecraft/entity/item/EntityMinecartCommandBlock$2;
[11:32:11] [main/DEBUG]: Skipping Lnet/minecraft/entity/item/EntityArmorStand;
[11:32:11] [main/DEBUG]: Skipping Lnet/minecraft/entity/item/EntityItemFrame;
[11:32:11] [main/DEBUG]: Skipping Lnet/minecraft/entity/item/EntityFallingBlock;
[11:32:11] [main/DEBUG]: Skipping Lnet/minecraft/entity/item/EntityItem;
[11:32:11] [main/DEBUG]: Skipping Lnet/minecraft/entity/item/EntityEnderPearl;
[11:32:11] [main/DEBUG]: Skipping Lnet/minecraft/entity/item/EntityBoat;
[11:32:11] [main/DEBUG]: Skipping Lnet/minecraft/entity/item/EntityMinecart;
[11:32:11] [main/DEBUG]: Skipping Lnet/minecraft/entity/item/EntityMinecartCommandBlock;
[11:32:11] [main/DEBUG]: Transforming class Lnet/minecraft/entity/item/EntityMinecartContainer;
[11:32:11] [main/DEBUG]: Transforming net.minecraft.entity.item.EntityMinecartContainer FIELD field_94112_b to access PUBLIC and LEAVE
[11:32:11] [main/DEBUG]: Skipping Lnet/minecraft/entity/item/EntityMinecartFurnace;
[11:32:11] [main/DEBUG]: Skipping Lnet/minecraft/entity/item/EntityMinecartHopper;
[11:32:11] [main/DEBUG]: Skipping Lnet/minecraft/entity/item/EntityMinecartEmpty;
[11:32:11] [main/DEBUG]: Skipping Lnet/minecraft/entity/item/EntityMinecartMobSpawner;
[11:32:11] [main/DEBUG]: Skipping Lnet/minecraft/entity/EntityList$EntityEggInfo;
[11:32:11] [main/DEBUG]: Skipping Lnet/minecraft/entity/boss/package-info;
[11:32:11] [main/DEBUG]: Skipping Lnet/minecraft/entity/boss/EntityDragon;
[11:32:11] [main/DEBUG]: Skipping Lnet/minecraft/entity/boss/dragon/phase/package-info;
[11:32:11] [main/DEBUG]: Skipping Lnet/minecraft/entity/boss/dragon/phase/PhaseBase;
[11:32:11] [main/DEBUG]: Skipping Lnet/minecraft/entity/boss/dragon/phase/PhaseSittingBase;
[11:32:11] [main/DEBUG]: Skipping Lnet/minecraft/entity/boss/dragon/phase/PhaseChargingPlayer;
[11:32:11] [main/DEBUG]: Skipping Lnet/minecraft/entity/boss/dragon/phase/PhaseDying;
[11:32:11] [main/DEBUG]: Skipping Lnet/minecraft/entity/boss/dragon/phase/PhaseHoldingPattern;
[11:32:11] [main/DEBUG]: Skipping Lnet/minecraft/entity/boss/dragon/phase/PhaseHover;
[11:32:11] [main/DEBUG]: Skipping Lnet/minecraft/entity/boss/dragon/phase/PhaseLandingApproach;
[11:32:11] [main/DEBUG]: Skipping Lnet/minecraft/entity/boss/dragon/phase/PhaseLanding;
[11:32:11] [main/DEBUG]: Skipping Lnet/minecraft/entity/boss/dragon/phase/IPhase;
[11:32:11] [main/DEBUG]: Skipping Lnet/minecraft/entity/boss/dragon/phase/PhaseSittingAttacking;
[11:32:11] [main/DEBUG]: Skipping Lnet/minecraft/entity/boss/dragon/phase/PhaseSittingScanning;
[11:32:11] [main/DEBUG]: Skipping Lnet/minecraft/entity/boss/dragon/phase/PhaseStrafePlayer;
[11:32:11] [main/DEBUG]: Skipping Lnet/minecraft/entity/boss/dragon/phase/PhaseTakeoff;
[11:32:11] [main/DEBUG]: Skipping Lnet/minecraft/entity/boss/dragon/phase/PhaseList;
[11:32:11] [main/DEBUG]: Skipping Lnet/minecraft/entity/boss/dragon/phase/PhaseManager;
[11:32:11] [main/DEBUG]: Skipping Lnet/minecraft/entity/boss/dragon/phase/PhaseSittingFlaming;
[11:32:11] [main/DEBUG]: Skipping Lnet/minecraft/entity/boss/EntityWither;
[11:32:11] [main/DEBUG]: Skipping Lnet/minecraft/entity/boss/EntityWither$1;
[11:32:11] [main/DEBUG]: Skipping Lnet/minecraft/entity/boss/EntityWither$AIDoNothing;
[11:32:11] [main/DEBUG]: Skipping Lnet/minecraft/entity/EntityLivingBase$1;
[11:32:11] [main/DEBUG]: Skipping Lnet/minecraft/entity/projectile/package-info;
[11:32:11] [main/DEBUG]: Skipping Lnet/minecraft/entity/projectile/EntityDragonFireball;
[11:32:11] [main/DEBUG]: Skipping Lnet/minecraft/entity/projectile/EntityEvokerFangs;
[11:32:11] [main/DEBUG]: Skipping Lnet/minecraft/entity/projectile/ProjectileHelper;
[11:32:11] [main/DEBUG]: Skipping Lnet/minecraft/entity/projectile/EntitySnowball;
[11:32:11] [main/DEBUG]: Skipping Lnet/minecraft/entity/projectile/EntitySpectralArrow;
[11:32:11] [main/DEBUG]: Skipping Lnet/minecraft/entity/projectile/EntityEgg;
[11:32:11] [main/DEBUG]: Skipping Lnet/minecraft/entity/projectile/EntityPotion;
[11:32:11] [main/DEBUG]: Skipping Lnet/minecraft/entity/projectile/EntityTippedArrow;
[11:32:11] [main/DEBUG]: Skipping Lnet/minecraft/entity/projectile/EntityPotion$1;
[11:32:11] [main/DEBUG]: Skipping Lnet/minecraft/entity/projectile/EntityFishHook;
[11:32:11] [main/DEBUG]: Skipping Lnet/minecraft/entity/projectile/EntityArrow;
[11:32:11] [main/DEBUG]: Skipping Lnet/minecraft/entity/projectile/EntityFireball;
[11:32:11] [main/DEBUG]: Skipping Lnet/minecraft/entity/projectile/EntityLargeFireball;
[11:32:11] [main/DEBUG]: Skipping Lnet/minecraft/entity/projectile/EntityLlamaSpit;
[11:32:11] [main/DEBUG]: Skipping Lnet/minecraft/entity/projectile/EntityShulkerBullet;
[11:32:11] [main/DEBUG]: Skipping Lnet/minecraft/entity/projectile/EntitySmallFireball;
[11:32:11] [main/DEBUG]: Skipping Lnet/minecraft/entity/projectile/EntityThrowable;
[11:32:11] [main/DEBUG]: Skipping Lnet/minecraft/entity/projectile/EntityWitherSkull;
[11:32:11] [main/DEBUG]: Skipping Lnet/minecraft/entity/projectile/EntityFishHook$State;
[11:32:11] [main/DEBUG]: Skipping Lnet/minecraft/entity/projectile/EntityArrow$1;
[11:32:11] [main/DEBUG]: Skipping Lnet/minecraft/entity/projectile/EntityArrow$PickupStatus;
[11:32:11] [main/DEBUG]: Skipping Lnet/minecraft/entity/passive/package-info;
[11:32:11] [main/DEBUG]: Skipping Lnet/minecraft/entity/passive/EntityLlama$1;
[11:32:11] [main/DEBUG]: Skipping Lnet/minecraft/entity/passive/EntityLlama$AIDefendTarget;
[11:32:11] [main/DEBUG]: Skipping Lnet/minecraft/entity/passive/EntityLlama$GroupData;
[11:32:11] [main/DEBUG]: Skipping Lnet/minecraft/entity/passive/EntityLlama$AIHurtByTarget;
[11:32:11] [main/DEBUG]: Skipping Lnet/minecraft/entity/passive/IAnimals;
[11:32:11] [main/DEBUG]: Skipping Lnet/minecraft/entity/passive/EntityTameable;
[11:32:11] [main/DEBUG]: Skipping Lnet/minecraft/entity/passive/EntityAmbientCreature;
[11:32:11] [main/DEBUG]: Skipping Lnet/minecraft/entity/passive/EntityBat;
[11:32:11] [main/DEBUG]: Skipping Lnet/minecraft/entity/passive/EntityAnimal;
[11:32:11] [main/DEBUG]: Skipping Lnet/minecraft/entity/passive/EntityChicken;
[11:32:11] [main/DEBUG]: Skipping Lnet/minecraft/entity/passive/EntityCow;
[11:32:11] [main/DEBUG]: Skipping Lnet/minecraft/entity/passive/EntityFlying;
[11:32:11] [main/DEBUG]: Skipping Lnet/minecraft/entity/passive/EntityPig;
[11:32:11] [main/DEBUG]: Skipping Lnet/minecraft/entity/passive/EntityShoulderRiding;
[11:32:11] [main/DEBUG]: Skipping Lnet/minecraft/entity/passive/EntitySquid;
[11:32:11] [main/DEBUG]: Skipping Lnet/minecraft/entity/passive/EntityWaterMob;
[11:32:11] [main/DEBUG]: Skipping Lnet/minecraft/entity/passive/AbstractChestHorse;
[11:32:11] [main/DEBUG]: Skipping Lnet/minecraft/entity/passive/EntityDonkey;
[11:32:11] [main/DEBUG]: Skipping Lnet/minecraft/entity/passive/EntityLlama;
[11:32:11] [main/DEBUG]: Skipping Lnet/minecraft/entity/passive/EntityMule;
[11:32:11] [main/DEBUG]: Skipping Lnet/minecraft/entity/passive/EntitySkeletonHorse;
[11:32:11] [main/DEBUG]: Skipping Lnet/minecraft/entity/passive/EntityZombieHorse;
[11:32:11] [main/DEBUG]: Skipping Lnet/minecraft/entity/passive/EntitySquid$AIMoveRandom;
[11:32:11] [main/DEBUG]: Skipping Lnet/minecraft/entity/passive/EntityRabbit$AIEvilAttack;
[11:32:11] [main/DEBUG]: Skipping Lnet/minecraft/entity/passive/EntityRabbit$AIAvoidEntity;
[11:32:11] [main/DEBUG]: Skipping Lnet/minecraft/entity/passive/EntityRabbit$RabbitTypeData;
[11:32:11] [main/DEBUG]: Skipping Lnet/minecraft/entity/passive/EntityRabbit$RabbitJumpHelper;
[11:32:11] [main/DEBUG]: Skipping Lnet/minecraft/entity/passive/EntityRabbit$RabbitMoveHelper;
[11:32:11] [main/DEBUG]: Skipping Lnet/minecraft/entity/passive/EntityRabbit$AIPanic;
[11:32:11] [main/DEBUG]: Skipping Lnet/minecraft/entity/passive/EntityRabbit$AIRaidFarm;
[11:32:11] [main/DEBUG]: Skipping Lnet/minecraft/entity/passive/EntityWolf$1;
[11:32:11] [main/DEBUG]: Skipping Lnet/minecraft/entity/passive/EntityWolf$AIAvoidEntity;
[11:32:11] [main/DEBUG]: Skipping Lnet/minecraft/entity/passive/EntitySheep$1;
[11:32:11] [main/DEBUG]: Skipping Lnet/minecraft/entity/passive/EntitySheep$2;
[11:32:11] [main/DEBUG]: Skipping Lnet/minecraft/entity/passive/AbstractHorse$1;
[11:32:11] [main/DEBUG]: Skipping Lnet/minecraft/entity/passive/EntityMooshroom;
[11:32:11] [main/DEBUG]: Skipping Lnet/minecraft/entity/passive/EntityOcelot;
[11:32:11] [main/DEBUG]: Skipping Lnet/minecraft/entity/passive/EntityParrot;
[11:32:11] [main/DEBUG]: Skipping Lnet/minecraft/entity/passive/EntityRabbit;
[11:32:11] [main/DEBUG]: Skipping Lnet/minecraft/entity/passive/EntitySheep;
[11:32:11] [main/DEBUG]: Skipping Lnet/minecraft/entity/passive/EntityWolf;
[11:32:11] [main/DEBUG]: Skipping Lnet/minecraft/entity/passive/AbstractHorse;
[11:32:11] [main/DEBUG]: Skipping Lnet/minecraft/entity/passive/EntityHorse;
[11:32:11] [main/DEBUG]: Skipping Lnet/minecraft/entity/passive/HorseArmorType;
[11:32:11] [main/DEBUG]: Transforming class Lnet/minecraft/entity/passive/EntityVillager;
[11:32:11] [main/DEBUG]: Transforming net.minecraft.entity.passive.EntityVillager INNERCLASS ItemAndEmeraldToItem to access PUBLIC and LEAVE
[11:32:11] [main/DEBUG]: Transforming net.minecraft.entity.passive.EntityVillager INNERCLASS ListEnchantedItemForEmeralds to access PUBLIC and LEAVE
[11:32:11] [main/DEBUG]: Transforming net.minecraft.entity.passive.EntityVillager INNERCLASS EmeraldForItems to access PUBLIC and LEAVE
[11:32:11] [main/DEBUG]: Transforming net.minecraft.entity.passive.EntityVillager INNERCLASS ListItemForEmeralds to access PUBLIC and LEAVE
[11:32:11] [main/DEBUG]: Transforming net.minecraft.entity.passive.EntityVillager INNERCLASS ListEnchantedBookForEmeralds to access PUBLIC and LEAVE
[11:32:11] [main/DEBUG]: Transforming net.minecraft.entity.passive.EntityVillager INNERCLASS PriceInfo to access PUBLIC and LEAVE
[11:32:11] [main/DEBUG]: Transforming net.minecraft.entity.passive.EntityVillager INNERCLASS ITradeList to access PUBLIC and LEAVE
[11:32:11] [main/DEBUG]: Skipping Lnet/minecraft/entity/passive/EntityVillager$1;
[11:32:11] [main/DEBUG]: Transforming class Lnet/minecraft/entity/passive/EntityVillager$EmeraldForItems;
[11:32:11] [main/DEBUG]: Transforming net.minecraft.entity.passive.EntityVillager$EmeraldForItems CLASS to access PUBLIC and LEAVE
[11:32:11] [main/DEBUG]: Transforming class Lnet/minecraft/entity/passive/EntityVillager$ListEnchantedBookForEmeralds;
[11:32:11] [main/DEBUG]: Transforming net.minecraft.entity.passive.EntityVillager$ListEnchantedBookForEmeralds CLASS to access PUBLIC and LEAVE
[11:32:11] [main/DEBUG]: Transforming class Lnet/minecraft/entity/passive/EntityVillager$ListEnchantedItemForEmeralds;
[11:32:11] [main/DEBUG]: Transforming net.minecraft.entity.passive.EntityVillager$ListEnchantedItemForEmeralds CLASS to access PUBLIC and LEAVE
[11:32:11] [main/DEBUG]: Transforming class Lnet/minecraft/entity/passive/EntityVillager$ItemAndEmeraldToItem;
[11:32:11] [main/DEBUG]: Transforming net.minecraft.entity.passive.EntityVillager$ItemAndEmeraldToItem CLASS to access PUBLIC and LEAVE
[11:32:11] [main/DEBUG]: Transforming class Lnet/minecraft/entity/passive/EntityVillager$ListItemForEmeralds;
[11:32:11] [main/DEBUG]: Transforming net.minecraft.entity.passive.EntityVillager$ListItemForEmeralds CLASS to access PUBLIC and LEAVE
[11:32:11] [main/DEBUG]: Transforming class Lnet/minecraft/entity/passive/EntityVillager$ITradeList;
[11:32:11] [main/DEBUG]: Transforming net.minecraft.entity.passive.EntityVillager$ITradeList CLASS to access PUBLIC and LEAVE
[11:32:11] [main/DEBUG]: Transforming class Lnet/minecraft/entity/passive/EntityVillager$PriceInfo;
[11:32:11] [main/DEBUG]: Transforming net.minecraft.entity.passive.EntityVillager$PriceInfo CLASS to access PUBLIC and LEAVE
[11:32:11] [main/DEBUG]: Skipping Lnet/minecraft/entity/passive/EntityVillager$TreasureMapForEmeralds;
[11:32:11] [main/DEBUG]: Skipping Lnet/minecraft/entity/passive/EntityParrot$1;
[11:32:11] [main/DEBUG]: Skipping Lnet/minecraft/entity/passive/EntityHorse$GroupData;
[11:32:11] [main/DEBUG]: Skipping Lnet/minecraft/entity/monster/package-info;
[11:32:11] [main/DEBUG]: Skipping Lnet/minecraft/entity/monster/EntityGuardian$AIGuardianAttack;
[11:32:11] [main/DEBUG]: Skipping Lnet/minecraft/entity/monster/EntityGuardian$GuardianTargetSelector;
[11:32:11] [main/DEBUG]: Skipping Lnet/minecraft/entity/monster/EntityGuardian$GuardianMoveHelper;
[11:32:11] [main/DEBUG]: Skipping Lnet/minecraft/entity/monster/EntityPolarBear$1;
[11:32:11] [main/DEBUG]: Skipping Lnet/minecraft/entity/monster/EntityPolarBear$AIAttackPlayer;
[11:32:11] [main/DEBUG]: Skipping Lnet/minecraft/entity/monster/EntityPolarBear$GroupData;
[11:32:11] [main/DEBUG]: Skipping Lnet/minecraft/entity/monster/EntityPolarBear$AIHurtByTarget;
[11:32:11] [main/DEBUG]: Skipping Lnet/minecraft/entity/monster/EntityPolarBear$AIMeleeAttack;
[11:32:11] [main/DEBUG]: Skipping Lnet/minecraft/entity/monster/EntityPolarBear$AIPanic;
[11:32:11] [main/DEBUG]: Skipping Lnet/minecraft/entity/monster/EntityElderGuardian$1;
[11:32:11] [main/DEBUG]: Skipping Lnet/minecraft/entity/monster/AbstractIllager$IllagerArmPose;
[11:32:11] [main/DEBUG]: Skipping Lnet/minecraft/entity/monster/EntityVex$AIChargeAttack;
[11:32:11] [main/DEBUG]: Skipping Lnet/minecraft/entity/monster/EntityVex$AICopyOwnerTarget;
[11:32:11] [main/DEBUG]: Skipping Lnet/minecraft/entity/monster/EntityVex$AIMoveControl;
[11:32:11] [main/DEBUG]: Skipping Lnet/minecraft/entity/monster/EntityVex$AIMoveRandom;
[11:32:11] [main/DEBUG]: Skipping Lnet/minecraft/entity/monster/EntityVindicator$1;
[11:32:11] [main/DEBUG]: Skipping Lnet/minecraft/entity/monster/EntityVindicator$AIJohnnyAttack;
[11:32:11] [main/DEBUG]: Skipping Lnet/minecraft/entity/monster/IMob$1;
[11:32:11] [main/DEBUG]: Skipping Lnet/minecraft/entity/monster/IMob$2;
[11:32:11] [main/DEBUG]: Skipping Lnet/minecraft/entity/monster/EntityGolem;
[11:32:11] [main/DEBUG]: Skipping Lnet/minecraft/entity/monster/EntityPolarBear;
[11:32:11] [main/DEBUG]: Skipping Lnet/minecraft/entity/monster/EntityBlaze$AIFireballAttack;
[11:32:11] [main/DEBUG]: Skipping Lnet/minecraft/entity/monster/AbstractIllager;
[11:32:11] [main/DEBUG]: Skipping Lnet/minecraft/entity/monster/EntityBlaze;
[11:32:11] [main/DEBUG]: Skipping Lnet/minecraft/entity/monster/EntityCaveSpider;
[11:32:11] [main/DEBUG]: Skipping Lnet/minecraft/entity/monster/EntityElderGuardian;
[11:32:11] [main/DEBUG]: Skipping Lnet/minecraft/entity/monster/EntityEndermite;
[11:32:11] [main/DEBUG]: Skipping Lnet/minecraft/entity/monster/IMob;
[11:32:11] [main/DEBUG]: Skipping Lnet/minecraft/entity/monster/EntityGhast;
[11:32:11] [main/DEBUG]: Skipping Lnet/minecraft/entity/monster/EntityGiantZombie;
[11:32:11] [main/DEBUG]: Skipping Lnet/minecraft/entity/monster/EntityGuardian;
[11:32:11] [main/DEBUG]: Skipping Lnet/minecraft/entity/monster/EntityHusk;
[11:32:11] [main/DEBUG]: Skipping Lnet/minecraft/entity/monster/EntityPigZombie;
[11:32:11] [main/DEBUG]: Transforming class Lnet/minecraft/entity/monster/EntitySkeleton;
[11:32:11] [main/DEBUG]: Transforming net.minecraft.entity.monster.EntitySkeleton METHOD func_190727_o()Lnet/minecraft/util/SoundEvent; to access PROTECTED and LEAVE
[11:32:11] [main/DEBUG]: Skipping Lnet/minecraft/entity/monster/EntitySpellcasterIllager;
[11:32:11] [main/DEBUG]: Transforming class Lnet/minecraft/entity/monster/EntityStray;
[11:32:11] [main/DEBUG]: Transforming net.minecraft.entity.monster.EntityStray METHOD func_190727_o()Lnet/minecraft/util/SoundEvent; to access PROTECTED and LEAVE
[11:32:11] [main/DEBUG]: Skipping Lnet/minecraft/entity/monster/EntityVex;
[11:32:11] [main/DEBUG]: Skipping Lnet/minecraft/entity/monster/EntityVindicator;
[11:32:11] [main/DEBUG]: Skipping Lnet/minecraft/entity/monster/EntityWitch;
[11:32:11] [main/DEBUG]: Transforming class Lnet/minecraft/entity/monster/EntityWitherSkeleton;
[11:32:11] [main/DEBUG]: Transforming net.minecraft.entity.monster.EntityWitherSkeleton METHOD func_190727_o()Lnet/minecraft/util/SoundEvent; to access PROTECTED and LEAVE
[11:32:11] [main/DEBUG]: Skipping Lnet/minecraft/entity/monster/EntityPigZombie$AITargetAggressor;
[11:32:11] [main/DEBUG]: Skipping Lnet/minecraft/entity/monster/EntityPigZombie$AIHurtByAggressor;
[11:32:11] [main/DEBUG]: Skipping Lnet/minecraft/entity/monster/EntitySpellcasterIllager$SpellType;
[11:32:11] [main/DEBUG]: Skipping Lnet/minecraft/entity/monster/EntitySpellcasterIllager$AICastingApell;
[11:32:11] [main/DEBUG]: Skipping Lnet/minecraft/entity/monster/EntitySpellcasterIllager$AIUseSpell;
[11:32:11] [main/DEBUG]: Skipping Lnet/minecraft/entity/monster/EntityGhast$AILookAround;
[11:32:11] [main/DEBUG]: Skipping Lnet/minecraft/entity/monster/EntityGhast$GhastMoveHelper;
[11:32:11] [main/DEBUG]: Skipping Lnet/minecraft/entity/monster/EntityGhast$AIFireballAttack;
[11:32:11] [main/DEBUG]: Skipping Lnet/minecraft/entity/monster/EntityGhast$AIRandomFly;
[11:32:11] [main/DEBUG]: Skipping Lnet/minecraft/entity/monster/EntityZombie$GroupData;
[11:32:11] [main/DEBUG]: Skipping Lnet/minecraft/entity/monster/EntityIronGolem$1;
[11:32:11] [main/DEBUG]: Skipping Lnet/minecraft/entity/monster/EntitySpider$AISpiderAttack;
[11:32:11] [main/DEBUG]: Skipping Lnet/minecraft/entity/monster/EntitySpider$GroupData;
[11:32:11] [main/DEBUG]: Skipping Lnet/minecraft/entity/monster/EntitySpider$AISpiderTarget;
[11:32:11] [main/DEBUG]: Skipping Lnet/minecraft/entity/monster/EntityEnderman$AIFindPlayer$1;
[11:32:11] [main/DEBUG]: Skipping Lnet/minecraft/entity/monster/EntityShulker$1;
[11:32:11] [main/DEBUG]: Skipping Lnet/minecraft/entity/monster/EntityShulker$AIAttack;
[11:32:11] [main/DEBUG]: Skipping Lnet/minecraft/entity/monster/EntityShulker$BodyHelper;
[11:32:11] [main/DEBUG]: Skipping Lnet/minecraft/entity/monster/EntityShulker$AIDefenseAttack;
[11:32:11] [main/DEBUG]: Skipping Lnet/minecraft/entity/monster/EntityShulker$AIAttackNearest;
[11:32:11] [main/DEBUG]: Skipping Lnet/minecraft/entity/monster/EntityShulker$AIPeek;
[11:32:11] [main/DEBUG]: Skipping Lnet/minecraft/entity/monster/EntityEnderman$1;
[11:32:11] [main/DEBUG]: Skipping Lnet/minecraft/entity/monster/EntityEnderman$AIPlaceBlock;
[11:32:11] [main/DEBUG]: Skipping Lnet/minecraft/entity/monster/EntityEnderman$AIFindPlayer;
[11:32:11] [main/DEBUG]: Skipping Lnet/minecraft/entity/monster/EntityEnderman$AITakeBlock;
[11:32:11] [main/DEBUG]: Skipping Lnet/minecraft/entity/monster/EntityIllusionIllager$1;
[11:32:11] [main/DEBUG]: Skipping Lnet/minecraft/entity/monster/EntityIllusionIllager$AIBlindnessSpell;
[11:32:11] [main/DEBUG]: Skipping Lnet/minecraft/entity/monster/EntityIllusionIllager$AIMirriorSpell;
[11:32:11] [main/DEBUG]: Skipping Lnet/minecraft/entity/monster/EntitySilverfish$AIHideInStone;
[11:32:11] [main/DEBUG]: Skipping Lnet/minecraft/entity/monster/EntitySilverfish$AISummonSilverfish;
[11:32:11] [main/DEBUG]: Skipping Lnet/minecraft/entity/monster/EntityEvoker$AIWololoSpell$1;
[11:32:11] [main/DEBUG]: Skipping Lnet/minecraft/entity/monster/AbstractSkeleton$1;
[11:32:11] [main/DEBUG]: Skipping Lnet/minecraft/entity/monster/EntitySnowman;
[11:32:11] [main/DEBUG]: Skipping Lnet/minecraft/entity/monster/EntityIronGolem;
[11:32:11] [main/DEBUG]: Skipping Lnet/minecraft/entity/monster/EntityShulker$AIDefenseAttack$1;
[11:32:11] [main/DEBUG]: Transforming class Lnet/minecraft/entity/monster/AbstractSkeleton;
[11:32:11] [main/DEBUG]: Transforming net.minecraft.entity.monster.AbstractSkeleton METHOD func_190727_o()Lnet/minecraft/util/SoundEvent; to access PROTECTED and LEAVE
[11:32:11] [main/DEBUG]: Skipping Lnet/minecraft/entity/monster/EntityCreeper;
[11:32:11] [main/DEBUG]: Skipping Lnet/minecraft/entity/monster/EntityEnderman;
[11:32:11] [main/DEBUG]: Skipping Lnet/minecraft/entity/monster/EntityEvoker;
[11:32:11] [main/DEBUG]: Skipping Lnet/minecraft/entity/monster/EntityIllusionIllager;
[11:32:11] [main/DEBUG]: Skipping Lnet/minecraft/entity/monster/EntityMagmaCube;
[11:32:11] [main/DEBUG]: Skipping Lnet/minecraft/entity/monster/EntityMob;
[11:32:11] [main/DEBUG]: Skipping Lnet/minecraft/entity/monster/EntityShulker;
[11:32:11] [main/DEBUG]: Skipping Lnet/minecraft/entity/monster/EntitySilverfish;
[11:32:11] [main/DEBUG]: Skipping Lnet/minecraft/entity/monster/EntitySlime;
[11:32:11] [main/DEBUG]: Skipping Lnet/minecraft/entity/monster/EntitySpider;
[11:32:11] [main/DEBUG]: Skipping Lnet/minecraft/entity/monster/EntityZombie;
[11:32:11] [main/DEBUG]: Skipping Lnet/minecraft/entity/monster/EntityZombieVillager;
[11:32:11] [main/DEBUG]: Skipping Lnet/minecraft/entity/monster/EntitySlime$AISlimeAttack;
[11:32:11] [main/DEBUG]: Skipping Lnet/minecraft/entity/monster/EntitySlime$AISlimeFloat;
[11:32:11] [main/DEBUG]: Skipping Lnet/minecraft/entity/monster/EntitySlime$AISlimeHop;
[11:32:11] [main/DEBUG]: Skipping Lnet/minecraft/entity/monster/EntitySlime$SlimeMoveHelper;
[11:32:11] [main/DEBUG]: Skipping Lnet/minecraft/entity/monster/EntitySlime$AISlimeFaceRandom;
[11:32:11] [main/DEBUG]: Skipping Lnet/minecraft/entity/monster/EntityEvoker$1;
[11:32:11] [main/DEBUG]: Skipping Lnet/minecraft/entity/monster/EntityEvoker$AIAttackSpell;
[11:32:11] [main/DEBUG]: Skipping Lnet/minecraft/entity/monster/EntityEvoker$AICastingSpell;
[11:32:11] [main/DEBUG]: Skipping Lnet/minecraft/entity/monster/EntityEvoker$AISummonSpell;
[11:32:11] [main/DEBUG]: Skipping Lnet/minecraft/entity/monster/EntityEvoker$AIWololoSpell;
[11:32:11] [main/DEBUG]: Skipping Lnet/minecraft/entity/monster/EntityZombie$1;
[11:32:11] [main/DEBUG]: Skipping Lnet/minecraft/realms/package-info;
[11:32:11] [main/DEBUG]: Skipping Lnet/minecraft/realms/RealmsVertexFormatElement;
[11:32:11] [main/DEBUG]: Skipping Lnet/minecraft/realms/RealmsButton;
[11:32:11] [main/DEBUG]: Skipping Lnet/minecraft/realms/RealmsAnvilLevelStorageSource;
[11:32:11] [main/DEBUG]: Skipping Lnet/minecraft/realms/RealmsSharedConstants;
[11:32:11] [main/DEBUG]: Skipping Lnet/minecraft/realms/RealmsBridge;
[11:32:11] [main/DEBUG]: Skipping Lnet/minecraft/realms/RealmsClickableScrolledSelectionList;
[11:32:11] [main/DEBUG]: Skipping Lnet/minecraft/realms/RealmsMth;
[11:32:11] [main/DEBUG]: Skipping Lnet/minecraft/realms/RealmsVertexFormat;
[11:32:11] [main/DEBUG]: Skipping Lnet/minecraft/realms/RealmsSliderButton;
[11:32:11] [main/DEBUG]: Skipping Lnet/minecraft/realms/RealmsScrolledSelectionList;
[11:32:11] [main/DEBUG]: Skipping Lnet/minecraft/realms/Realms;
[11:32:11] [main/DEBUG]: Skipping Lnet/minecraft/realms/RealmsServerAddress;
[11:32:11] [main/DEBUG]: Skipping Lnet/minecraft/realms/RealmsScreen;
[11:32:11] [main/DEBUG]: Skipping Lnet/minecraft/realms/RealmsSimpleScrolledSelectionList;
[11:32:11] [main/DEBUG]: Skipping Lnet/minecraft/realms/Tezzelator;
[11:32:11] [main/DEBUG]: Skipping Lnet/minecraft/realms/RealmsEditBox;
[11:32:11] [main/DEBUG]: Skipping Lnet/minecraft/realms/DisconnectedRealmsScreen;
[11:32:11] [main/DEBUG]: Skipping Lnet/minecraft/realms/RealmsLevelSummary;
[11:32:11] [main/DEBUG]: Skipping Lnet/minecraft/realms/RealmsBufferBuilder;
[11:32:11] [main/DEBUG]: Skipping Lnet/minecraft/realms/RealmsDefaultVertexFormat;
[11:32:11] [main/DEBUG]: Skipping Lnet/minecraft/realms/RealmsConnect$1;
[11:32:11] [main/DEBUG]: Skipping Lnet/minecraft/realms/RealmsConnect;
[11:32:11] [main/DEBUG]: Skipping Lnet/minecraft/client/package-info;
[11:32:11] [main/DEBUG]: Skipping Lnet/minecraft/client/tutorial/package-info;
[11:32:11] [main/DEBUG]: Skipping Lnet/minecraft/client/tutorial/CompletedTutorialStep;
[11:32:11] [main/DEBUG]: Skipping Lnet/minecraft/client/tutorial/CraftPlanksStep;
[11:32:11] [main/DEBUG]: Skipping Lnet/minecraft/client/tutorial/FindTreeStep;
[11:32:11] [main/DEBUG]: Skipping Lnet/minecraft/client/tutorial/MovementStep;
[11:32:11] [main/DEBUG]: Skipping Lnet/minecraft/client/tutorial/OpenInventoryStep;
[11:32:11] [main/DEBUG]: Skipping Lnet/minecraft/client/tutorial/PunchTreeStep;
[11:32:11] [main/DEBUG]: Skipping Lnet/minecraft/client/tutorial/Tutorial;
[11:32:11] [main/DEBUG]: Skipping Lnet/minecraft/client/tutorial/ITutorialStep;
[11:32:11] [main/DEBUG]: Skipping Lnet/minecraft/client/tutorial/TutorialSteps;
[11:32:11] [main/DEBUG]: Skipping Lnet/minecraft/client/AnvilConverterException;
[11:32:11] [main/DEBUG]: Skipping Lnet/minecraft/client/main/package-info;
[11:32:11] [main/DEBUG]: Skipping Lnet/minecraft/client/main/Main;
[11:32:11] [main/DEBUG]: Skipping Lnet/minecraft/client/main/GameConfiguration$DisplayInformation;
[11:32:11] [main/DEBUG]: Skipping Lnet/minecraft/client/main/GameConfiguration$FolderInformation;
[11:32:11] [main/DEBUG]: Skipping Lnet/minecraft/client/main/GameConfiguration$GameInformation;
[11:32:11] [main/DEBUG]: Skipping Lnet/minecraft/client/main/GameConfiguration$ServerInformation;
[11:32:11] [main/DEBUG]: Skipping Lnet/minecraft/client/main/GameConfiguration$UserInformation;
[11:32:11] [main/DEBUG]: Skipping Lnet/minecraft/client/main/Main$1;
[11:32:11] [main/DEBUG]: Skipping Lnet/minecraft/client/main/Main$2;
[11:32:11] [main/DEBUG]: Skipping Lnet/minecraft/client/main/GameConfiguration;
[11:32:11] [main/DEBUG]: Skipping Lnet/minecraft/client/player/inventory/package-info;
[11:32:11] [main/DEBUG]: Skipping Lnet/minecraft/client/player/inventory/LocalBlockIntercommunication;
[11:32:11] [main/DEBUG]: Skipping Lnet/minecraft/client/player/inventory/ContainerLocalMenu;
[11:32:11] [main/DEBUG]: Skipping Lnet/minecraft/client/ClientBrandRetriever;
[11:32:11] [main/DEBUG]: Skipping Lnet/minecraft/client/Minecraft$3;
[11:32:11] [main/DEBUG]: Skipping Lnet/minecraft/client/Minecraft$4;
[11:32:11] [main/DEBUG]: Skipping Lnet/minecraft/client/Minecraft$5;
[11:32:11] [main/DEBUG]: Skipping Lnet/minecraft/client/Minecraft$6;
[11:32:11] [main/DEBUG]: Skipping Lnet/minecraft/client/Minecraft$7;
[11:32:11] [main/DEBUG]: Skipping Lnet/minecraft/client/Minecraft$8;
[11:32:11] [main/DEBUG]: Skipping Lnet/minecraft/client/Minecraft$9;
[11:32:11] [main/DEBUG]: Skipping Lnet/minecraft/client/util/package-info;
[11:32:11] [main/DEBUG]: Skipping Lnet/minecraft/client/util/JsonBlendingMode;
[11:32:11] [main/DEBUG]: Skipping Lnet/minecraft/client/util/SearchTree;
[11:32:11] [main/DEBUG]: Skipping Lnet/minecraft/client/util/SearchTreeManager;
[11:32:11] [main/DEBUG]: Skipping Lnet/minecraft/client/util/ISearchTree;
[11:32:11] [main/DEBUG]: Skipping Lnet/minecraft/client/util/SuffixArray;
[11:32:11] [main/DEBUG]: Skipping Lnet/minecraft/client/util/ITooltipFlag$TooltipFlags;
[11:32:11] [main/DEBUG]: Skipping Lnet/minecraft/client/util/SuffixArray$1;
[11:32:11] [main/DEBUG]: Skipping Lnet/minecraft/client/util/JsonException$1;
[11:32:11] [main/DEBUG]: Skipping Lnet/minecraft/client/util/JsonException$Entry;
[11:32:11] [main/DEBUG]: Skipping Lnet/minecraft/client/util/JsonException;
[11:32:11] [main/DEBUG]: Skipping Lnet/minecraft/client/util/SearchTree$MergingIterator;
[11:32:11] [main/DEBUG]: Skipping Lnet/minecraft/client/util/ITooltipFlag;
[11:32:11] [main/DEBUG]: Skipping Lnet/minecraft/client/util/SearchTreeManager$Key;
[11:32:11] [main/DEBUG]: Skipping Lnet/minecraft/client/util/RecipeBookClient;
[11:32:11] [main/DEBUG]: Skipping Lnet/minecraft/client/util/RecipeItemHelper$RecipePicker;
[11:32:11] [main/DEBUG]: Skipping Lnet/minecraft/client/util/RecipeItemHelper;
[11:32:11] [main/DEBUG]: Skipping Lnet/minecraft/client/Minecraft$1;
[11:32:11] [main/DEBUG]: Skipping Lnet/minecraft/client/Minecraft$10;
[11:32:11] [main/DEBUG]: Skipping Lnet/minecraft/client/Minecraft$11;
[11:32:11] [main/DEBUG]: Skipping Lnet/minecraft/client/Minecraft$12;
[11:32:11] [main/DEBUG]: Skipping Lnet/minecraft/client/Minecraft$13;
[11:32:11] [main/DEBUG]: Skipping Lnet/minecraft/client/Minecraft$14;
[11:32:11] [main/DEBUG]: Skipping Lnet/minecraft/client/Minecraft$15;
[11:32:11] [main/DEBUG]: Skipping Lnet/minecraft/client/Minecraft$16;
[11:32:11] [main/DEBUG]: Skipping Lnet/minecraft/client/Minecraft$2;
[11:32:11] [main/DEBUG]: Skipping Lnet/minecraft/client/resources/package-info;
[11:32:11] [main/DEBUG]: Skipping Lnet/minecraft/client/resources/AbstractResourcePack;
[11:32:11] [main/DEBUG]: Skipping Lnet/minecraft/client/resources/ResourceIndex;
[11:32:11] [main/DEBUG]: Skipping Lnet/minecraft/client/resources/DefaultPlayerSkin;
[11:32:11] [main/DEBUG]: Skipping Lnet/minecraft/client/resources/DefaultResourcePack;
[11:32:11] [main/DEBUG]: Skipping Lnet/minecraft/client/resources/ResourceIndexFolder;
[11:32:11] [main/DEBUG]: Skipping Lnet/minecraft/client/resources/FileResourcePack;
[11:32:11] [main/DEBUG]: Skipping Lnet/minecraft/client/resources/FolderResourcePack;
[11:32:11] [main/DEBUG]: Skipping Lnet/minecraft/client/resources/FoliageColorReloadListener;
[11:32:11] [main/DEBUG]: Skipping Lnet/minecraft/client/resources/GrassColorReloadListener;
[11:32:11] [main/DEBUG]: Skipping Lnet/minecraft/client/resources/IReloadableResourceManager;
[11:32:11] [main/DEBUG]: Skipping Lnet/minecraft/client/resources/IResource;
[11:32:11] [main/DEBUG]: Skipping Lnet/minecraft/client/resources/IResourceManager;
[11:32:11] [main/DEBUG]: Skipping Lnet/minecraft/client/resources/IResourcePack;
[11:32:11] [main/DEBUG]: Skipping Lnet/minecraft/client/resources/LegacyV2Adapter;
[11:32:11] [main/DEBUG]: Skipping Lnet/minecraft/client/resources/ResourcePackFileNotFoundException;
[11:32:11] [main/DEBUG]: Skipping Lnet/minecraft/client/resources/SimpleResource;
[11:32:11] [main/DEBUG]: Skipping Lnet/minecraft/client/resources/SkinManager;
[11:32:11] [main/DEBUG]: Skipping Lnet/minecraft/client/resources/I18n;
[11:32:11] [main/DEBUG]: Skipping Lnet/minecraft/client/resources/LanguageManager;
[11:32:11] [main/DEBUG]: Skipping Lnet/minecraft/client/resources/SkinManager$1;
[11:32:11] [main/DEBUG]: Skipping Lnet/minecraft/client/resources/SkinManager$2;
[11:32:11] [main/DEBUG]: Skipping Lnet/minecraft/client/resources/SkinManager$3;
[11:32:11] [main/DEBUG]: Skipping Lnet/minecraft/client/resources/SkinManager$SkinAvailableCallback;
[11:32:11] [main/DEBUG]: Skipping Lnet/minecraft/client/resources/data/package-info;
[11:32:11] [main/DEBUG]: Skipping Lnet/minecraft/client/resources/data/BaseMetadataSectionSerializer;
[11:32:11] [main/DEBUG]: Skipping Lnet/minecraft/client/resources/data/IMetadataSection;
[11:32:11] [main/DEBUG]: Skipping Lnet/minecraft/client/resources/data/IMetadataSectionSerializer;
[11:32:11] [main/DEBUG]: Skipping Lnet/minecraft/client/resources/data/MetadataSerializer;
[11:32:11] [main/DEBUG]: Skipping Lnet/minecraft/client/resources/data/AnimationFrame;
[11:32:11] [main/DEBUG]: Skipping Lnet/minecraft/client/resources/data/AnimationMetadataSection;
[11:32:11] [main/DEBUG]: Skipping Lnet/minecraft/client/resources/data/AnimationMetadataSectionSerializer;
[11:32:11] [main/DEBUG]: Skipping Lnet/minecraft/client/resources/data/FontMetadataSection;
[11:32:11] [main/DEBUG]: Skipping Lnet/minecraft/client/resources/data/FontMetadataSectionSerializer;
[11:32:11] [main/DEBUG]: Skipping Lnet/minecraft/client/resources/data/LanguageMetadataSection;
[11:32:11] [main/DEBUG]: Skipping Lnet/minecraft/client/resources/data/LanguageMetadataSectionSerializer;
[11:32:11] [main/DEBUG]: Skipping Lnet/minecraft/client/resources/data/PackMetadataSection;
[11:32:11] [main/DEBUG]: Skipping Lnet/minecraft/client/resources/data/PackMetadataSectionSerializer;
[11:32:11] [main/DEBUG]: Skipping Lnet/minecraft/client/resources/data/TextureMetadataSection;
[11:32:11] [main/DEBUG]: Skipping Lnet/minecraft/client/resources/data/TextureMetadataSectionSerializer;
[11:32:11] [main/DEBUG]: Skipping Lnet/minecraft/client/resources/data/MetadataSerializer$1;
[11:32:11] [main/DEBUG]: Skipping Lnet/minecraft/client/resources/data/MetadataSerializer$Registration;
[11:32:11] [main/DEBUG]: Skipping Lnet/minecraft/client/resources/LegacyV2Adapter$1;
[11:32:11] [main/DEBUG]: Skipping Lnet/minecraft/client/resources/SkinManager$3$1;
[11:32:11] [main/DEBUG]: Skipping Lnet/minecraft/client/resources/ResourcePackListEntry$1;
[11:32:11] [main/DEBUG]: Skipping Lnet/minecraft/client/resources/ResourcePackListEntry;
[11:32:11] [main/DEBUG]: Skipping Lnet/minecraft/client/resources/ResourcePackListEntryDefault;
[11:32:11] [main/DEBUG]: Skipping Lnet/minecraft/client/resources/ResourcePackListEntryFound;
[11:32:11] [main/DEBUG]: Skipping Lnet/minecraft/client/resources/ResourcePackListEntryServer;
[11:32:11] [main/DEBUG]: Skipping Lnet/minecraft/client/resources/FallbackResourceManager;
[11:32:11] [main/DEBUG]: Skipping Lnet/minecraft/client/resources/IResourceManagerReloadListener;
[11:32:11] [main/DEBUG]: Skipping Lnet/minecraft/client/resources/ResourcePackRepository;
[11:32:11] [main/DEBUG]: Skipping Lnet/minecraft/client/resources/SimpleReloadableResourceManager;
[11:32:11] [main/DEBUG]: Skipping Lnet/minecraft/client/resources/Language;
[11:32:11] [main/DEBUG]: Skipping Lnet/minecraft/client/resources/Locale;
[11:32:11] [main/DEBUG]: Skipping Lnet/minecraft/client/resources/ResourcePackRepository$1;
[11:32:11] [main/DEBUG]: Skipping Lnet/minecraft/client/resources/ResourcePackRepository$2;
[11:32:11] [main/DEBUG]: Skipping Lnet/minecraft/client/resources/ResourcePackRepository$3;
[11:32:11] [main/DEBUG]: Skipping Lnet/minecraft/client/resources/ResourcePackRepository$Entry;
[11:32:11] [main/DEBUG]: Skipping Lnet/minecraft/client/resources/FallbackResourceManager$InputStreamLeakedResourceLogger;
[11:32:11] [main/DEBUG]: Skipping Lnet/minecraft/client/resources/SimpleReloadableResourceManager$1;
[11:32:11] [main/DEBUG]: Transforming class Lnet/minecraft/client/Minecraft;
[11:32:11] [main/DEBUG]: Transforming net.minecraft.client.Minecraft FIELD field_71446_o to access PUBLIC and LEAVE
[11:32:11] [main/DEBUG]: Transforming net.minecraft.client.Minecraft FIELD field_110450_ap to access PUBLIC and LEAVE
[11:32:11] [main/DEBUG]: Transforming net.minecraft.client.Minecraft METHOD func_193986_ar()V to access PUBLIC and LEAVE
[11:32:11] [main/DEBUG]: Transforming net.minecraft.client.Minecraft METHOD func_180510_a(Lnet/minecraft/client/renderer/texture/TextureManager;)V to access PUBLIC and LEAVE
[11:32:11] [main/DEBUG]: Transforming net.minecraft.client.Minecraft METHOD func_71370_a(II)V to access PUBLIC and LEAVE
[11:32:11] [main/DEBUG]: Transforming net.minecraft.client.Minecraft METHOD func_184119_a(Lnet/minecraft/item/ItemStack;Lnet/minecraft/tileentity/TileEntity;)Lnet/minecraft/item/ItemStack; to access PUBLIC and LEAVE
[11:32:11] [main/DEBUG]: Skipping Lnet/minecraft/client/settings/package-info;
[11:32:11] [main/DEBUG]: Skipping Lnet/minecraft/client/settings/CreativeSettings;
[11:32:11] [main/DEBUG]: Skipping Lnet/minecraft/client/settings/HotbarSnapshot;
[11:32:11] [main/DEBUG]: Skipping Lnet/minecraft/client/settings/GameSettings$1;
[11:32:11] [main/DEBUG]: Skipping Lnet/minecraft/client/settings/GameSettings$2;
[11:32:11] [main/DEBUG]: Skipping Lnet/minecraft/client/settings/GameSettings$Options;
[11:32:11] [main/DEBUG]: Skipping Lnet/minecraft/client/settings/KeyBinding;
[11:32:11] [main/DEBUG]: Skipping Lnet/minecraft/client/settings/GameSettings;
[11:32:11] [main/DEBUG]: Skipping Lnet/minecraft/client/LoadingScreenRenderer;
[11:32:11] [main/DEBUG]: Skipping Lnet/minecraft/client/model/package-info;
[11:32:11] [main/DEBUG]: Skipping Lnet/minecraft/client/model/ModelBiped$1;
[11:32:11] [main/DEBUG]: Skipping Lnet/minecraft/client/model/ModelBiped$ArmPose;
[11:32:11] [main/DEBUG]: Skipping Lnet/minecraft/client/model/ModelParrot$State;
[11:32:11] [main/DEBUG]: Skipping Lnet/minecraft/client/model/ModelArmorStandArmor;
[11:32:11] [main/DEBUG]: Skipping Lnet/minecraft/client/model/ModelArmorStand;
[11:32:11] [main/DEBUG]: Skipping Lnet/minecraft/client/model/ModelBanner;
[11:32:11] [main/DEBUG]: Skipping Lnet/minecraft/client/model/ModelBat;
[11:32:11] [main/DEBUG]: Skipping Lnet/minecraft/client/model/ModelBed;
[11:32:11] [main/DEBUG]: Skipping Lnet/minecraft/client/model/ModelBlaze;
[11:32:11] [main/DEBUG]: Skipping Lnet/minecraft/client/model/ModelBoat;
[11:32:11] [main/DEBUG]: Skipping Lnet/minecraft/client/model/ModelBook;
[11:32:11] [main/DEBUG]: Skipping Lnet/minecraft/client/model/ModelChest;
[11:32:11] [main/DEBUG]: Skipping Lnet/minecraft/client/model/ModelChicken;
[11:32:11] [main/DEBUG]: Skipping Lnet/minecraft/client/model/ModelCow;
[11:32:11] [main/DEBUG]: Skipping Lnet/minecraft/client/model/ModelCreeper;
[11:32:11] [main/DEBUG]: Skipping Lnet/minecraft/client/model/ModelElytra;
[11:32:11] [main/DEBUG]: Skipping Lnet/minecraft/client/model/ModelEnderman;
[11:32:11] [main/DEBUG]: Skipping Lnet/minecraft/client/model/ModelEnderMite;
[11:32:11] [main/DEBUG]: Skipping Lnet/minecraft/client/model/ModelEvokerFangs;
[11:32:11] [main/DEBUG]: Skipping Lnet/minecraft/client/model/ModelGhast;
[11:32:11] [main/DEBUG]: Skipping Lnet/minecraft/client/model/ModelGuardian;
[11:32:11] [main/DEBUG]: Skipping Lnet/minecraft/client/model/ModelHorse;
[11:32:11] [main/DEBUG]: Skipping Lnet/minecraft/client/model/ModelHumanoidHead;
[11:32:11] [main/DEBUG]: Skipping Lnet/minecraft/client/model/ModelBiped;
[11:32:11] [main/DEBUG]: Skipping Lnet/minecraft/client/model/ModelIllager;
[11:32:11] [main/DEBUG]: Skipping Lnet/minecraft/client/model/ModelLargeChest;
[11:32:11] [main/DEBUG]: Skipping Lnet/minecraft/client/model/ModelMagmaCube;
[11:32:11] [main/DEBUG]: Skipping Lnet/minecraft/client/model/ModelLeashKnot;
[11:32:11] [main/DEBUG]: Skipping Lnet/minecraft/client/model/ModelLlama;
[11:32:11] [main/DEBUG]: Skipping Lnet/minecraft/client/model/ModelLlamaSpit;
[11:32:11] [main/DEBUG]: Skipping Lnet/minecraft/client/model/ModelMinecart;
[11:32:11] [main/DEBUG]: Skipping Lnet/minecraft/client/model/ModelOcelot;
[11:32:11] [main/DEBUG]: Skipping Lnet/minecraft/client/model/ModelParrot;
[11:32:11] [main/DEBUG]: Skipping Lnet/minecraft/client/model/ModelPig;
[11:32:11] [main/DEBUG]: Skipping Lnet/minecraft/client/model/ModelPlayer;
[11:32:11] [main/DEBUG]: Skipping Lnet/minecraft/client/model/ModelPolarBear;
[11:32:11] [main/DEBUG]: Skipping Lnet/minecraft/client/model/ModelQuadruped;
[11:32:11] [main/DEBUG]: Skipping Lnet/minecraft/client/model/ModelRabbit;
[11:32:11] [main/DEBUG]: Skipping Lnet/minecraft/client/model/ModelSheep1;
[11:32:11] [main/DEBUG]: Skipping Lnet/minecraft/client/model/ModelSheep2;
[11:32:11] [main/DEBUG]: Skipping Lnet/minecraft/client/model/ModelShield;
[11:32:11] [main/DEBUG]: Skipping Lnet/minecraft/client/model/ModelShulkerBullet;
[11:32:11] [main/DEBUG]: Skipping Lnet/minecraft/client/model/ModelShulker;
[11:32:11] [main/DEBUG]: Skipping Lnet/minecraft/client/model/ModelSign;
[11:32:11] [main/DEBUG]: Skipping Lnet/minecraft/client/model/ModelSilverfish;
[11:32:11] [main/DEBUG]: Skipping Lnet/minecraft/client/model/ModelSkeletonHead;
[11:32:11] [main/DEBUG]: Skipping Lnet/minecraft/client/model/ModelSlime;
[11:32:11] [main/DEBUG]: Skipping Lnet/minecraft/client/model/ModelSnowMan;
[11:32:11] [main/DEBUG]: Skipping Lnet/minecraft/client/model/ModelSpider;
[11:32:11] [main/DEBUG]: Skipping Lnet/minecraft/client/model/ModelSquid;
[11:32:11] [main/DEBUG]: Skipping Lnet/minecraft/client/model/IMultipassModel;
[11:32:11] [main/DEBUG]: Skipping Lnet/minecraft/client/model/ModelVex;
[11:32:11] [main/DEBUG]: Skipping Lnet/minecraft/client/model/ModelIronGolem;
[11:32:11] [main/DEBUG]: Skipping Lnet/minecraft/client/model/ModelVillager;
[11:32:11] [main/DEBUG]: Skipping Lnet/minecraft/client/model/ModelZombieVillager;
[11:32:11] [main/DEBUG]: Skipping Lnet/minecraft/client/model/ModelWitch;
[11:32:11] [main/DEBUG]: Skipping Lnet/minecraft/client/model/ModelWither;
[11:32:11] [main/DEBUG]: Skipping Lnet/minecraft/client/model/ModelWolf;
[11:32:11] [main/DEBUG]: Skipping Lnet/minecraft/client/model/ModelZombie;
[11:32:11] [main/DEBUG]: Skipping Lnet/minecraft/client/model/ModelDragonHead;
[11:32:11] [main/DEBUG]: Skipping Lnet/minecraft/client/model/ModelDragon;
[11:32:11] [main/DEBUG]: Skipping Lnet/minecraft/client/model/ModelEnderCrystal;
[11:32:11] [main/DEBUG]: Skipping Lnet/minecraft/client/model/TextureOffset;
[11:32:11] [main/DEBUG]: Skipping Lnet/minecraft/client/model/ModelBase;
[11:32:11] [main/DEBUG]: Skipping Lnet/minecraft/client/model/TexturedQuad;
[11:32:11] [main/DEBUG]: Skipping Lnet/minecraft/client/model/ModelSkeleton;
[11:32:11] [main/DEBUG]: Skipping Lnet/minecraft/client/model/PositionTextureVertex;
[11:32:11] [main/DEBUG]: Skipping Lnet/minecraft/client/model/ModelBox;
[11:32:11] [main/DEBUG]: Skipping Lnet/minecraft/client/model/ModelRenderer;
[11:32:11] [main/DEBUG]: Skipping Lnet/minecraft/client/network/package-info;
[11:32:11] [main/DEBUG]: Skipping Lnet/minecraft/client/network/LanServerInfo;
[11:32:11] [main/DEBUG]: Skipping Lnet/minecraft/client/network/LanServerDetector;
[11:32:11] [main/DEBUG]: Skipping Lnet/minecraft/client/network/LanServerDetector$ThreadLanServerFind;
[11:32:11] [main/DEBUG]: Skipping Lnet/minecraft/client/network/LanServerDetector$LanServerList;
[11:32:11] [main/DEBUG]: Skipping Lnet/minecraft/client/network/NetworkPlayerInfo$1;
[11:32:11] [main/DEBUG]: Skipping Lnet/minecraft/client/network/NetworkPlayerInfo$2;
[11:32:11] [main/DEBUG]: Skipping Lnet/minecraft/client/network/NetworkPlayerInfo;
[11:32:11] [main/DEBUG]: Skipping Lnet/minecraft/client/network/NetHandlerLoginClient$1;
[11:32:11] [main/DEBUG]: Skipping Lnet/minecraft/client/network/ServerPinger$1;
[11:32:11] [main/DEBUG]: Skipping Lnet/minecraft/client/network/ServerPinger$2;
[11:32:11] [main/DEBUG]: Skipping Lnet/minecraft/client/network/NetHandlerPlayClient$1;
[11:32:11] [main/DEBUG]: Skipping Lnet/minecraft/client/network/NetHandlerPlayClient$2;
[11:32:11] [main/DEBUG]: Skipping Lnet/minecraft/client/network/NetHandlerPlayClient$3;
[11:32:11] [main/DEBUG]: Skipping Lnet/minecraft/client/network/NetHandlerHandshakeMemory;
[11:32:11] [main/DEBUG]: Skipping Lnet/minecraft/client/network/NetHandlerPlayClient$1$1;
[11:32:11] [main/DEBUG]: Skipping Lnet/minecraft/client/network/ServerPinger$2$1;
[11:32:11] [main/DEBUG]: Skipping Lnet/minecraft/client/network/NetHandlerLoginClient;
[11:32:11] [main/DEBUG]: Skipping Lnet/minecraft/client/network/NetHandlerPlayClient;
[11:32:11] [main/DEBUG]: Skipping Lnet/minecraft/client/network/ServerPinger;
[11:32:11] [main/DEBUG]: Skipping Lnet/minecraft/client/gui/package-info;
[11:32:11] [main/DEBUG]: Skipping Lnet/minecraft/client/gui/GuiCustomizeSkin$1;
[11:32:11] [main/DEBUG]: Skipping Lnet/minecraft/client/gui/GuiCustomizeSkin$ButtonPart;
[11:32:11] [main/DEBUG]: Skipping Lnet/minecraft/client/gui/GuiCreateFlatWorld$Details;
[11:32:11] [main/DEBUG]: Skipping Lnet/minecraft/client/gui/GuiLockIconButton$Icon;
[11:32:11] [main/DEBUG]: Skipping Lnet/minecraft/client/gui/GuiSnooper$List;
[11:32:11] [main/DEBUG]: Skipping Lnet/minecraft/client/gui/GuiScreenAddServer$1;
[11:32:11] [main/DEBUG]: Skipping Lnet/minecraft/client/gui/GuiSlider$FormatHelper;
[11:32:11] [main/DEBUG]: Skipping Lnet/minecraft/client/gui/GuiFlatPresets$LayerItem;
[11:32:11] [main/DEBUG]: Skipping Lnet/minecraft/client/gui/GuiFlatPresets$ListSlot;
[11:32:11] [main/DEBUG]: Skipping Lnet/minecraft/client/gui/GuiScreenCustomizePresets$Info;
[11:32:11] [main/DEBUG]: Skipping Lnet/minecraft/client/gui/GuiScreenCustomizePresets$ListPreset;
[11:32:11] [main/DEBUG]: Skipping Lnet/minecraft/client/gui/GuiListExtended$IGuiListEntry;
[11:32:11] [main/DEBUG]: Skipping Lnet/minecraft/client/gui/GuiChat$ChatTabCompleter;
[11:32:11] [main/DEBUG]: Skipping Lnet/minecraft/client/gui/GuiScreenOptionsSounds$Button;
[11:32:11] [main/DEBUG]: Skipping Lnet/minecraft/client/gui/GuiCustomizeWorldScreen$1;
[11:32:11] [main/DEBUG]: Skipping Lnet/minecraft/client/gui/GuiSubtitleOverlay$Subtitle;
[11:32:11] [main/DEBUG]: Skipping Lnet/minecraft/client/gui/GuiOptionsRowList$Row;
[11:32:11] [main/DEBUG]: Skipping Lnet/minecraft/client/gui/GuiCommandBlock$1;
[11:32:11] [main/DEBUG]: Skipping Lnet/minecraft/client/gui/GuiCommandBlock$2;
[11:32:11] [main/DEBUG]: Skipping Lnet/minecraft/client/gui/GuiMerchant$MerchantButton;
[11:32:11] [main/DEBUG]: Skipping Lnet/minecraft/client/gui/GuiPageButtonList$GuiButtonEntry;
[11:32:11] [main/DEBUG]: Skipping Lnet/minecraft/client/gui/GuiPageButtonList$GuiResponder;
[11:32:11] [main/DEBUG]: Skipping Lnet/minecraft/client/gui/GuiPageButtonList$EditBoxEntry;
[11:32:11] [main/DEBUG]: Skipping Lnet/minecraft/client/gui/GuiPageButtonList$GuiEntry;
[11:32:11] [main/DEBUG]: Skipping Lnet/minecraft/client/gui/GuiPageButtonList$GuiLabelEntry;
[11:32:11] [main/DEBUG]: Skipping Lnet/minecraft/client/gui/GuiPageButtonList$GuiListEntry;
[11:32:11] [main/DEBUG]: Skipping Lnet/minecraft/client/gui/GuiPageButtonList$GuiSlideEntry;
[11:32:11] [main/DEBUG]: Skipping Lnet/minecraft/client/gui/BossInfoClient$1;
[11:32:11] [main/DEBUG]: Skipping Lnet/minecraft/client/gui/ChatLine;
[11:32:11] [main/DEBUG]: Skipping Lnet/minecraft/client/gui/Gui;
[11:32:11] [main/DEBUG]: Skipping Lnet/minecraft/client/gui/ScaledResolution;
[11:32:11] [main/DEBUG]: Skipping Lnet/minecraft/client/gui/chat/package-info;
[11:32:11] [main/DEBUG]: Skipping Lnet/minecraft/client/gui/chat/IChatListener;
[11:32:11] [main/DEBUG]: Skipping Lnet/minecraft/client/gui/chat/NarratorChatListener;
[11:32:11] [main/DEBUG]: Skipping Lnet/minecraft/client/gui/chat/OverlayChatListener;
[11:32:11] [main/DEBUG]: Skipping Lnet/minecraft/client/gui/chat/NormalChatListener;
[11:32:11] [main/DEBUG]: Skipping Lnet/minecraft/client/gui/GuiNewChat;
[11:32:11] [main/DEBUG]: Transforming class Lnet/minecraft/client/gui/GuiTextField;
[11:32:11] [main/DEBUG]: Transforming net.minecraft.client.gui.GuiTextField FIELD field_146218_h to access PUBLIC and REMOVEFINAL
[11:32:11] [main/DEBUG]: Transforming net.minecraft.client.gui.GuiTextField FIELD field_146219_i to access PUBLIC and REMOVEFINAL
[11:32:11] [main/DEBUG]: Skipping Lnet/minecraft/client/gui/GuiSlider;
[11:32:11] [main/DEBUG]: Skipping Lnet/minecraft/client/gui/GuiButtonImage;
[11:32:11] [main/DEBUG]: Skipping Lnet/minecraft/client/gui/GuiLabel;
[11:32:11] [main/DEBUG]: Skipping Lnet/minecraft/client/gui/GuiButtonLanguage;
[11:32:11] [main/DEBUG]: Skipping Lnet/minecraft/client/gui/BossInfoClient;
[11:32:11] [main/DEBUG]: Skipping Lnet/minecraft/client/gui/GuiListButton;
[11:32:11] [main/DEBUG]: Skipping Lnet/minecraft/client/gui/GuiLockIconButton;
[11:32:11] [main/DEBUG]: Skipping Lnet/minecraft/client/gui/GuiListExtended;
[11:32:11] [main/DEBUG]: Skipping Lnet/minecraft/client/gui/GuiOptionButton;
[11:32:11] [main/DEBUG]: Skipping Lnet/minecraft/client/gui/GuiOptionsRowList;
[11:32:11] [main/DEBUG]: Skipping Lnet/minecraft/client/gui/GuiPageButtonList;
[11:32:11] [main/DEBUG]: Skipping Lnet/minecraft/client/gui/GuiPlayerTabOverlay;
[11:32:11] [main/DEBUG]: Skipping Lnet/minecraft/client/gui/GuiOptionSlider;
[11:32:11] [main/DEBUG]: Skipping Lnet/minecraft/client/gui/GuiButtonToggle;
[11:32:11] [main/DEBUG]: Skipping Lnet/minecraft/client/gui/GuiSubtitleOverlay;
[11:32:11] [main/DEBUG]: Skipping Lnet/minecraft/client/gui/GuiButtonRealmsProxy;
[11:32:11] [main/DEBUG]: Skipping Lnet/minecraft/client/gui/GuiClickableScrolledSelectionListProxy;
[11:32:11] [main/DEBUG]: Skipping Lnet/minecraft/client/gui/GuiScreenRealmsProxy;
[11:32:11] [main/DEBUG]: Skipping Lnet/minecraft/client/gui/GuiSlotRealmsProxy;
[11:32:11] [main/DEBUG]: Skipping Lnet/minecraft/client/gui/GuiSimpleScrolledSelectionListProxy;
[11:32:11] [main/DEBUG]: Skipping Lnet/minecraft/client/gui/ScreenChatOptions;
[11:32:11] [main/DEBUG]: Skipping Lnet/minecraft/client/gui/GuiChat;
[11:32:11] [main/DEBUG]: Skipping Lnet/minecraft/client/gui/GuiConfirmOpenLink;
[11:32:11] [main/DEBUG]: Skipping Lnet/minecraft/client/gui/GuiYesNoCallback;
[11:32:11] [main/DEBUG]: Skipping Lnet/minecraft/client/gui/GuiYesNo;
[11:32:11] [main/DEBUG]: Skipping Lnet/minecraft/client/gui/GuiCreateFlatWorld;
[11:32:11] [main/DEBUG]: Skipping Lnet/minecraft/client/gui/GuiScreenCustomizePresets;
[11:32:11] [main/DEBUG]: Skipping Lnet/minecraft/client/gui/GuiCustomizeWorldScreen;
[11:32:11] [main/DEBUG]: Skipping Lnet/minecraft/client/gui/GuiGameOver;
[11:32:11] [main/DEBUG]: Skipping Lnet/minecraft/client/gui/GuiScreenServerList;
[11:32:11] [main/DEBUG]: Skipping Lnet/minecraft/client/gui/GuiDisconnected;
[11:32:11] [main/DEBUG]: Skipping Lnet/minecraft/client/gui/GuiScreenAddServer;
[11:32:11] [main/DEBUG]: Skipping Lnet/minecraft/client/gui/GuiErrorScreen;
[11:32:11] [main/DEBUG]: Skipping Lnet/minecraft/client/gui/GuiOptions;
[11:32:11] [main/DEBUG]: Skipping Lnet/minecraft/client/gui/GuiMemoryErrorScreen;
[11:32:11] [main/DEBUG]: Skipping Lnet/minecraft/client/gui/GuiFlatPresets;
[11:32:11] [main/DEBUG]: Skipping Lnet/minecraft/client/gui/GuiScreenWorking;
[11:32:11] [main/DEBUG]: Skipping Lnet/minecraft/client/gui/GuiDownloadTerrain;
[11:32:11] [main/DEBUG]: Skipping Lnet/minecraft/client/gui/GuiShareToLan;
[11:32:11] [main/DEBUG]: Skipping Lnet/minecraft/client/gui/GuiCustomizeSkin;
[11:32:11] [main/DEBUG]: Skipping Lnet/minecraft/client/gui/GuiSnooper;
[11:32:11] [main/DEBUG]: Skipping Lnet/minecraft/client/gui/GuiScreenOptionsSounds;
[11:32:11] [main/DEBUG]: Skipping Lnet/minecraft/client/gui/GuiWinGame;
[11:32:11] [main/DEBUG]: Skipping Lnet/minecraft/client/gui/achievement/package-info;
[11:32:11] [main/DEBUG]: Skipping Lnet/minecraft/client/gui/achievement/GuiStats$StatsBlock$1;
[11:32:11] [main/DEBUG]: Skipping Lnet/minecraft/client/gui/achievement/GuiStats$StatsBlock;
[11:32:11] [main/DEBUG]: Skipping Lnet/minecraft/client/gui/achievement/GuiStats$StatsGeneral;
[11:32:11] [main/DEBUG]: Skipping Lnet/minecraft/client/gui/achievement/GuiStats$StatsItem;
[11:32:11] [main/DEBUG]: Skipping Lnet/minecraft/client/gui/achievement/GuiStats$StatsMobsList;
[11:32:11] [main/DEBUG]: Skipping Lnet/minecraft/client/gui/achievement/GuiStats$Stats;
[11:32:11] [main/DEBUG]: Skipping Lnet/minecraft/client/gui/achievement/GuiStats$StatsItem$1;
[11:32:11] [main/DEBUG]: Skipping Lnet/minecraft/client/gui/achievement/GuiStats;
[11:32:11] [main/DEBUG]: Skipping Lnet/minecraft/client/gui/IProgressMeter;
[11:32:11] [main/DEBUG]: Skipping Lnet/minecraft/client/gui/GuiRepair;
[11:32:11] [main/DEBUG]: Skipping Lnet/minecraft/client/gui/GuiCommandBlock;
[11:32:11] [main/DEBUG]: Skipping Lnet/minecraft/client/gui/GuiHopper;
[11:32:11] [main/DEBUG]: Skipping Lnet/minecraft/client/gui/GuiMerchant;
[11:32:11] [main/DEBUG]: Skipping Lnet/minecraft/client/gui/ServerListEntryLanScan;
[11:32:11] [main/DEBUG]: Skipping Lnet/minecraft/client/gui/ServerListEntryLanDetected;
[11:32:11] [main/DEBUG]: Skipping Lnet/minecraft/client/gui/ServerSelectionList;
[11:32:11] [main/DEBUG]: Skipping Lnet/minecraft/client/gui/GuiScreenResourcePacks;
[11:32:11] [main/DEBUG]: Skipping Lnet/minecraft/client/gui/GuiResourcePackAvailable;
[11:32:11] [main/DEBUG]: Skipping Lnet/minecraft/client/gui/GuiResourcePackList;
[11:32:11] [main/DEBUG]: Skipping Lnet/minecraft/client/gui/GuiResourcePackSelected;
[11:32:11] [main/DEBUG]: Skipping Lnet/minecraft/client/gui/GuiWorldEdit;
[11:32:11] [main/DEBUG]: Skipping Lnet/minecraft/client/gui/GuiWorldSelection;
[11:32:11] [main/DEBUG]: Skipping Lnet/minecraft/client/gui/GuiListWorldSelection;
[11:32:11] [main/DEBUG]: Skipping Lnet/minecraft/client/gui/GuiPlayerTabOverlay$1;
[11:32:11] [main/DEBUG]: Skipping Lnet/minecraft/client/gui/GuiPlayerTabOverlay$PlayerComparator;
[11:32:11] [main/DEBUG]: Skipping Lnet/minecraft/client/gui/spectator/package-info;
[11:32:11] [main/DEBUG]: Skipping Lnet/minecraft/client/gui/spectator/SpectatorMenu$1;
[11:32:11] [main/DEBUG]: Skipping Lnet/minecraft/client/gui/spectator/SpectatorMenu$EndSpectatorObject;
[11:32:11] [main/DEBUG]: Skipping Lnet/minecraft/client/gui/spectator/SpectatorMenu$MoveMenuObject;
[11:32:11] [main/DEBUG]: Skipping Lnet/minecraft/client/gui/spectator/PlayerMenuObject;
[11:32:11] [main/DEBUG]: Skipping Lnet/minecraft/client/gui/spectator/BaseSpectatorGroup;
[11:32:11] [main/DEBUG]: Skipping Lnet/minecraft/client/gui/spectator/SpectatorMenu;
[11:32:11] [main/DEBUG]: Skipping Lnet/minecraft/client/gui/spectator/ISpectatorMenuView;
[11:32:11] [main/DEBUG]: Skipping Lnet/minecraft/client/gui/spectator/ISpectatorMenuObject;
[11:32:11] [main/DEBUG]: Skipping Lnet/minecraft/client/gui/spectator/ISpectatorMenuRecipient;
[11:32:11] [main/DEBUG]: Skipping Lnet/minecraft/client/gui/spectator/categories/package-info;
[11:32:11] [main/DEBUG]: Skipping Lnet/minecraft/client/gui/spectator/categories/TeleportToTeam$TeamSelectionObject;
[11:32:11] [main/DEBUG]: Skipping Lnet/minecraft/client/gui/spectator/categories/SpectatorDetails;
[11:32:11] [main/DEBUG]: Skipping Lnet/minecraft/client/gui/spectator/categories/TeleportToPlayer;
[11:32:11] [main/DEBUG]: Skipping Lnet/minecraft/client/gui/spectator/categories/TeleportToTeam;
[11:32:11] [main/DEBUG]: Skipping Lnet/minecraft/client/gui/spectator/categories/TeleportToPlayer$1;
[11:32:11] [main/DEBUG]: Skipping Lnet/minecraft/client/gui/ServerListEntryNormal$1;
[11:32:11] [main/DEBUG]: Skipping Lnet/minecraft/client/gui/GuiIngame$1;
[11:32:11] [main/DEBUG]: Skipping Lnet/minecraft/client/gui/GuiScreenBook$NextPageButton;
[11:32:11] [main/DEBUG]: Skipping Lnet/minecraft/client/gui/MapItemRenderer$1;
[11:32:11] [main/DEBUG]: Skipping Lnet/minecraft/client/gui/GuiListWorldSelectionEntry$1;
[11:32:11] [main/DEBUG]: Skipping Lnet/minecraft/client/gui/GuiListWorldSelectionEntry$2;
[11:32:11] [main/DEBUG]: Skipping Lnet/minecraft/client/gui/MapItemRenderer$Instance;
[11:32:11] [main/DEBUG]: Skipping Lnet/minecraft/client/gui/GuiKeyBindingList$1;
[11:32:11] [main/DEBUG]: Skipping Lnet/minecraft/client/gui/GuiLanguage$List;
[11:32:11] [main/DEBUG]: Skipping Lnet/minecraft/client/gui/GuiKeyBindingList$CategoryEntry;
[11:32:11] [main/DEBUG]: Skipping Lnet/minecraft/client/gui/GuiKeyBindingList$KeyEntry;
[11:32:11] [main/DEBUG]: Transforming class Lnet/minecraft/client/gui/FontRenderer;
[11:32:11] [main/DEBUG]: Transforming net.minecraft.client.gui.FontRenderer FIELD field_78286_d to access PROTECTED and LEAVE
[11:32:11] [main/DEBUG]: Transforming net.minecraft.client.gui.FontRenderer FIELD field_78287_e to access PROTECTED and LEAVE
[11:32:11] [main/DEBUG]: Transforming net.minecraft.client.gui.FontRenderer FIELD field_111273_g to access PROTECTED and LEAVE
[11:32:11] [main/DEBUG]: Transforming net.minecraft.client.gui.FontRenderer FIELD field_78295_j to access PROTECTED and LEAVE
[11:32:11] [main/DEBUG]: Transforming net.minecraft.client.gui.FontRenderer FIELD field_78296_k to access PROTECTED and LEAVE
[11:32:11] [main/DEBUG]: Transforming net.minecraft.client.gui.FontRenderer METHOD func_78266_a(IZ)F to access PROTECTED and LEAVE
[11:32:11] [main/DEBUG]: Transforming net.minecraft.client.gui.FontRenderer METHOD func_78277_a(CZ)F to access PROTECTED and LEAVE
[11:32:11] [main/DEBUG]: Transforming class Lnet/minecraft/client/gui/GuiIngame;
[11:32:11] [main/DEBUG]: Transforming net.minecraft.client.gui.GuiIngame FIELDWILDCARD to access PROTECTED and LEAVE
[11:32:11] [main/DEBUG]: Transforming net.minecraft.client.gui.GuiIngame METHODWILDCARD to access PROTECTED and LEAVE
[11:32:11] [main/DEBUG]: Skipping Lnet/minecraft/client/gui/MapItemRenderer;
[11:32:11] [main/DEBUG]: Skipping Lnet/minecraft/client/gui/GuiBossOverlay;
[11:32:11] [main/DEBUG]: Transforming class Lnet/minecraft/client/gui/GuiButton;
[11:32:11] [main/DEBUG]: Transforming net.minecraft.client.gui.GuiButton FIELD field_146120_f to access PUBLIC and LEAVE
[11:32:11] [main/DEBUG]: Transforming net.minecraft.client.gui.GuiButton FIELD field_146121_g to access PUBLIC and LEAVE
[11:32:11] [main/DEBUG]: Skipping Lnet/minecraft/client/gui/GuiUtilRenderComponents;
[11:32:11] [main/DEBUG]: Transforming class Lnet/minecraft/client/gui/GuiOverlayDebug;
[11:32:11] [main/DEBUG]: Transforming net.minecraft.client.gui.GuiOverlayDebug METHOD func_181554_e()V to access PUBLIC and LEAVE
[11:32:11] [main/DEBUG]: Transforming class Lnet/minecraft/client/gui/GuiSlot;
[11:32:11] [main/DEBUG]: Transforming net.minecraft.client.gui.GuiSlot FIELD field_148155_a to access PUBLIC and LEAVE
[11:32:11] [main/DEBUG]: Transforming net.minecraft.client.gui.GuiSlot FIELD field_148158_l to access PUBLIC and LEAVE
[11:32:11] [main/DEBUG]: Transforming net.minecraft.client.gui.GuiSlot FIELD field_148153_b to access PUBLIC and LEAVE
[11:32:11] [main/DEBUG]: Transforming net.minecraft.client.gui.GuiSlot FIELD field_148154_c to access PUBLIC and LEAVE
[11:32:11] [main/DEBUG]: Transforming net.minecraft.client.gui.GuiSlot FIELD field_148151_d to access PUBLIC and LEAVE
[11:32:11] [main/DEBUG]: Transforming net.minecraft.client.gui.GuiSlot FIELD field_148152_e to access PUBLIC and LEAVE
[11:32:11] [main/DEBUG]: Transforming net.minecraft.client.gui.GuiSlot FIELD field_148149_f to access PUBLIC and LEAVE
[11:32:11] [main/DEBUG]: Transforming net.minecraft.client.gui.GuiSlot FIELD field_148160_j to access PUBLIC and LEAVE
[11:32:11] [main/DEBUG]: Skipping Lnet/minecraft/client/gui/GuiSpectator;
[11:32:11] [main/DEBUG]: Skipping Lnet/minecraft/client/gui/toasts/package-info;
[11:32:11] [main/DEBUG]: Skipping Lnet/minecraft/client/gui/toasts/SystemToast$Type;
[11:32:11] [main/DEBUG]: Skipping Lnet/minecraft/client/gui/toasts/IToast$Visibility;
[11:32:11] [main/DEBUG]: Skipping Lnet/minecraft/client/gui/toasts/GuiToast$1;
[11:32:11] [main/DEBUG]: Skipping Lnet/minecraft/client/gui/toasts/GuiToast$ToastInstance;
[11:32:11] [main/DEBUG]: Skipping Lnet/minecraft/client/gui/toasts/TutorialToast$Icons;
[11:32:11] [main/DEBUG]: Skipping Lnet/minecraft/client/gui/toasts/AdvancementToast;
[11:32:11] [main/DEBUG]: Skipping Lnet/minecraft/client/gui/toasts/SystemToast;
[11:32:11] [main/DEBUG]: Skipping Lnet/minecraft/client/gui/toasts/IToast;
[11:32:11] [main/DEBUG]: Skipping Lnet/minecraft/client/gui/toasts/GuiToast;
[11:32:11] [main/DEBUG]: Skipping Lnet/minecraft/client/gui/toasts/TutorialToast;
[11:32:11] [main/DEBUG]: Skipping Lnet/minecraft/client/gui/toasts/RecipeToast;
[11:32:11] [main/DEBUG]: Skipping Lnet/minecraft/client/gui/GuiScreenDemo;
[11:32:11] [main/DEBUG]: Skipping Lnet/minecraft/client/gui/GuiSleepMP;
[11:32:11] [main/DEBUG]: Skipping Lnet/minecraft/client/gui/GuiLanguage;
[11:32:11] [main/DEBUG]: Skipping Lnet/minecraft/client/gui/GuiIngameMenu;
[11:32:11] [main/DEBUG]: Transforming class Lnet/minecraft/client/gui/GuiScreen;
[11:32:11] [main/DEBUG]: Transforming net.minecraft.client.gui.GuiScreen FIELD field_146297_k to access PUBLIC and LEAVE
[11:32:11] [main/DEBUG]: Skipping Lnet/minecraft/client/gui/GuiMainMenu;
[11:32:11] [main/DEBUG]: Skipping Lnet/minecraft/client/gui/GuiVideoSettings;
[11:32:11] [main/DEBUG]: Skipping Lnet/minecraft/client/gui/advancements/package-info;
[11:32:11] [main/DEBUG]: Skipping Lnet/minecraft/client/gui/advancements/AdvancementTabType;
[11:32:11] [main/DEBUG]: Skipping Lnet/minecraft/client/gui/advancements/GuiAdvancement;
[11:32:11] [main/DEBUG]: Skipping Lnet/minecraft/client/gui/advancements/AdvancementState;
[11:32:11] [main/DEBUG]: Skipping Lnet/minecraft/client/gui/advancements/AdvancementTabType$1;
[11:32:11] [main/DEBUG]: Skipping Lnet/minecraft/client/gui/advancements/GuiAdvancementTab;
[11:32:11] [main/DEBUG]: Skipping Lnet/minecraft/client/gui/advancements/GuiScreenAdvancements;
[11:32:11] [main/DEBUG]: Skipping Lnet/minecraft/client/gui/GuiKeyBindingList;
[11:32:11] [main/DEBUG]: Skipping Lnet/minecraft/client/gui/GuiControls;
[11:32:11] [main/DEBUG]: Skipping Lnet/minecraft/client/gui/GuiScreenBook;
[11:32:11] [main/DEBUG]: Skipping Lnet/minecraft/client/gui/inventory/package-info;
[11:32:11] [main/DEBUG]: Skipping Lnet/minecraft/client/gui/inventory/GuiEditStructure$1;
[11:32:11] [main/DEBUG]: Skipping Lnet/minecraft/client/gui/inventory/GuiBeacon$CancelButton;
[11:32:11] [main/DEBUG]: Skipping Lnet/minecraft/client/gui/inventory/GuiBeacon$ConfirmButton;
[11:32:11] [main/DEBUG]: Skipping Lnet/minecraft/client/gui/inventory/GuiBeacon$PowerButton;
[11:32:11] [main/DEBUG]: Skipping Lnet/minecraft/client/gui/inventory/GuiBeacon$Button;
[11:32:11] [main/DEBUG]: Skipping Lnet/minecraft/client/gui/inventory/GuiBeacon;
[11:32:11] [main/DEBUG]: Skipping Lnet/minecraft/client/gui/inventory/GuiBrewingStand;
[11:32:11] [main/DEBUG]: Skipping Lnet/minecraft/client/gui/inventory/GuiChest;
[11:32:11] [main/DEBUG]: Skipping Lnet/minecraft/client/gui/inventory/GuiCrafting;
[11:32:11] [main/DEBUG]: Skipping Lnet/minecraft/client/gui/inventory/CreativeCrafting;
[11:32:11] [main/DEBUG]: Skipping Lnet/minecraft/client/gui/inventory/GuiDispenser;
[11:32:11] [main/DEBUG]: Skipping Lnet/minecraft/client/gui/inventory/GuiFurnace;
[11:32:11] [main/DEBUG]: Skipping Lnet/minecraft/client/gui/inventory/GuiScreenHorseInventory;
[11:32:11] [main/DEBUG]: Skipping Lnet/minecraft/client/gui/inventory/GuiInventory;
[11:32:11] [main/DEBUG]: Skipping Lnet/minecraft/client/gui/inventory/GuiEditCommandBlockMinecart;
[11:32:11] [main/DEBUG]: Skipping Lnet/minecraft/client/gui/inventory/GuiShulkerBox;
[11:32:11] [main/DEBUG]: Skipping Lnet/minecraft/client/gui/inventory/GuiEditSign;
[11:32:11] [main/DEBUG]: Skipping Lnet/minecraft/client/gui/inventory/GuiEditStructure;
[11:32:11] [main/DEBUG]: Skipping Lnet/minecraft/client/gui/inventory/GuiEditCommandBlockMinecart$1;
[11:32:11] [main/DEBUG]: Skipping Lnet/minecraft/client/gui/inventory/GuiContainerCreative$LockedSlot;
[11:32:11] [main/DEBUG]: Skipping Lnet/minecraft/client/gui/inventory/GuiContainerCreative$ContainerCreative;
[11:32:11] [main/DEBUG]: Skipping Lnet/minecraft/client/gui/inventory/GuiContainerCreative$CreativeSlot;
[11:32:11] [main/DEBUG]: Skipping Lnet/minecraft/client/gui/inventory/GuiContainer;
[11:32:11] [main/DEBUG]: Skipping Lnet/minecraft/client/gui/inventory/GuiContainerCreative;
[11:32:11] [main/DEBUG]: Skipping Lnet/minecraft/client/gui/GuiEnchantment;
[11:32:11] [main/DEBUG]: Skipping Lnet/minecraft/client/gui/GuiMultiplayer;
[11:32:11] [main/DEBUG]: Skipping Lnet/minecraft/client/gui/ServerListEntryNormal;
[11:32:11] [main/DEBUG]: Skipping Lnet/minecraft/client/gui/recipebook/package-info;
[11:32:11] [main/DEBUG]: Skipping Lnet/minecraft/client/gui/recipebook/GhostRecipe$GhostIngredient;
[11:32:11] [main/DEBUG]: Skipping Lnet/minecraft/client/gui/recipebook/GhostRecipe;
[11:32:11] [main/DEBUG]: Skipping Lnet/minecraft/client/gui/recipebook/RecipeBookPage;
[11:32:11] [main/DEBUG]: Skipping Lnet/minecraft/client/gui/recipebook/GuiButtonRecipeTab;
[11:32:11] [main/DEBUG]: Skipping Lnet/minecraft/client/gui/recipebook/GuiButtonRecipe;
[11:32:11] [main/DEBUG]: Skipping Lnet/minecraft/client/gui/recipebook/RecipeList;
[11:32:11] [main/DEBUG]: Skipping Lnet/minecraft/client/gui/recipebook/IRecipeUpdateListener;
[11:32:11] [main/DEBUG]: Skipping Lnet/minecraft/client/gui/recipebook/IRecipeShownListener;
[11:32:11] [main/DEBUG]: Skipping Lnet/minecraft/client/gui/recipebook/GuiRecipeOverlay$Button;
[11:32:11] [main/DEBUG]: Skipping Lnet/minecraft/client/gui/recipebook/GuiRecipeOverlay;
[11:32:11] [main/DEBUG]: Skipping Lnet/minecraft/client/gui/recipebook/GuiRecipeBook;
[11:32:11] [main/DEBUG]: Skipping Lnet/minecraft/client/gui/GuiCreateWorld;
[11:32:11] [main/DEBUG]: Skipping Lnet/minecraft/client/gui/GuiListWorldSelectionEntry;
[11:32:11] [main/DEBUG]: Skipping Lnet/minecraft/client/gui/GuiOverlayDebug$1;
[11:32:11] [main/DEBUG]: Skipping Lnet/minecraft/client/particle/package-info;
[11:32:11] [main/DEBUG]: Skipping Lnet/minecraft/client/particle/ParticleExplosionHuge$Factory;
[11:32:11] [main/DEBUG]: Skipping Lnet/minecraft/client/particle/ParticleFallingDust$Factory;
[11:32:11] [main/DEBUG]: Skipping Lnet/minecraft/client/particle/ParticleDigging$Factory;
[11:32:11] [main/DEBUG]: Skipping Lnet/minecraft/client/particle/ParticleSmokeLarge$Factory;
[11:32:11] [main/DEBUG]: Skipping Lnet/minecraft/client/particle/ParticleCrit$DamageIndicatorFactory;
[11:32:11] [main/DEBUG]: Skipping Lnet/minecraft/client/particle/ParticleCrit$MagicFactory;
[11:32:11] [main/DEBUG]: Skipping Lnet/minecraft/client/particle/ParticleCrit$Factory;
[11:32:11] [main/DEBUG]: Skipping Lnet/minecraft/client/particle/ParticleSpell$AmbientMobFactory;
[11:32:11] [main/DEBUG]: Skipping Lnet/minecraft/client/particle/ParticleSpell$InstantFactory;
[11:32:11] [main/DEBUG]: Skipping Lnet/minecraft/client/particle/ParticleSpell$MobFactory;
[11:32:11] [main/DEBUG]: Skipping Lnet/minecraft/client/particle/ParticleSpell$Factory;
[11:32:11] [main/DEBUG]: Skipping Lnet/minecraft/client/particle/ParticleSpell$WitchFactory;
[11:32:11] [main/DEBUG]: Skipping Lnet/minecraft/client/particle/ParticleCloud$Factory;
[11:32:11] [main/DEBUG]: Skipping Lnet/minecraft/client/particle/ParticleFirework$Overlay;
[11:32:11] [main/DEBUG]: Skipping Lnet/minecraft/client/particle/ParticleFirework$Spark;
[11:32:11] [main/DEBUG]: Skipping Lnet/minecraft/client/particle/ParticleFirework$Starter;
[11:32:11] [main/DEBUG]: Skipping Lnet/minecraft/client/particle/ParticleFirework$Factory;
[11:32:11] [main/DEBUG]: Skipping Lnet/minecraft/client/particle/ParticleTotem$Factory;
[11:32:11] [main/DEBUG]: Skipping Lnet/minecraft/client/particle/ParticleLava$Factory;
[11:32:11] [main/DEBUG]: Skipping Lnet/minecraft/client/particle/ParticleDragonBreath$Factory;
[11:32:11] [main/DEBUG]: Skipping Lnet/minecraft/client/particle/ParticleSpit$Factory;
[11:32:11] [main/DEBUG]: Skipping Lnet/minecraft/client/particle/ParticlePortal$Factory;
[11:32:11] [main/DEBUG]: Skipping Lnet/minecraft/client/particle/ParticleFlame$Factory;
[11:32:11] [main/DEBUG]: Skipping Lnet/minecraft/client/particle/ParticleMobAppearance$Factory;
[11:32:11] [main/DEBUG]: Skipping Lnet/minecraft/client/particle/ParticleDrip$LavaFactory;
[11:32:11] [main/DEBUG]: Skipping Lnet/minecraft/client/particle/ParticleDrip$WaterFactory;
[11:32:11] [main/DEBUG]: Skipping Lnet/minecraft/client/particle/ParticleSplash$Factory;
[11:32:11] [main/DEBUG]: Skipping Lnet/minecraft/client/particle/ParticleSweepAttack$Factory;
[11:32:11] [main/DEBUG]: Skipping Lnet/minecraft/client/particle/ParticleRedstone$Factory;
[11:32:11] [main/DEBUG]: Skipping Lnet/minecraft/client/particle/ParticleFootStep$Factory;
[11:32:11] [main/DEBUG]: Skipping Lnet/minecraft/client/particle/ParticleWaterWake$Factory;
[11:32:11] [main/DEBUG]: Skipping Lnet/minecraft/client/particle/ParticleNote$Factory;
[11:32:11] [main/DEBUG]: Skipping Lnet/minecraft/client/particle/ParticleEnchantmentTable$EnchantmentTable;
[11:32:11] [main/DEBUG]: Skipping Lnet/minecraft/client/particle/ParticleSuspend$Factory;
[11:32:11] [main/DEBUG]: Skipping Lnet/minecraft/client/particle/Barrier$Factory;
[11:32:11] [main/DEBUG]: Skipping Lnet/minecraft/client/particle/ParticleHeart$AngryVillagerFactory;
[11:32:11] [main/DEBUG]: Skipping Lnet/minecraft/client/particle/ParticleHeart$Factory;
[11:32:11] [main/DEBUG]: Skipping Lnet/minecraft/client/particle/ParticleRain$Factory;
[11:32:11] [main/DEBUG]: Skipping Lnet/minecraft/client/particle/ParticleEndRod$Factory;
[11:32:11] [main/DEBUG]: Skipping Lnet/minecraft/client/particle/ParticleSuspendedTown$HappyVillagerFactory;
[11:32:11] [main/DEBUG]: Skipping Lnet/minecraft/client/particle/ParticleSuspendedTown$Factory;
[11:32:11] [main/DEBUG]: Skipping Lnet/minecraft/client/particle/ParticleSmokeNormal$1;
[11:32:11] [main/DEBUG]: Skipping Lnet/minecraft/client/particle/ParticleBreaking$Factory;
[11:32:11] [main/DEBUG]: Skipping Lnet/minecraft/client/particle/ParticleBreaking$SlimeFactory;
[11:32:11] [main/DEBUG]: Skipping Lnet/minecraft/client/particle/ParticleBreaking$SnowballFactory;
[11:32:11] [main/DEBUG]: Skipping Lnet/minecraft/client/particle/ParticleSmokeNormal$Factory;
[11:32:11] [main/DEBUG]: Skipping Lnet/minecraft/client/particle/ParticleExplosionLarge$Factory;
[11:32:11] [main/DEBUG]: Skipping Lnet/minecraft/client/particle/ParticleSweepAttack;
[11:32:11] [main/DEBUG]: Skipping Lnet/minecraft/client/particle/Barrier;
[11:32:11] [main/DEBUG]: Skipping Lnet/minecraft/client/particle/ParticleBreaking;
[11:32:11] [main/DEBUG]: Skipping Lnet/minecraft/client/particle/ParticleBubble;
[11:32:11] [main/DEBUG]: Skipping Lnet/minecraft/client/particle/ParticleExplosion$Factory;
[11:32:11] [main/DEBUG]: Skipping Lnet/minecraft/client/particle/ParticleCrit;
[11:32:11] [main/DEBUG]: Skipping Lnet/minecraft/client/particle/ParticleDragonBreath;
[11:32:11] [main/DEBUG]: Skipping Lnet/minecraft/client/particle/ParticleDrip;
[11:32:11] [main/DEBUG]: Skipping Lnet/minecraft/client/particle/ParticleEnchantmentTable;
[11:32:11] [main/DEBUG]: Skipping Lnet/minecraft/client/particle/ParticleEndRod;
[11:32:11] [main/DEBUG]: Skipping Lnet/minecraft/client/particle/ParticleExplosion;
[11:32:11] [main/DEBUG]: Skipping Lnet/minecraft/client/particle/ParticleFallingDust;
[11:32:11] [main/DEBUG]: Skipping Lnet/minecraft/client/particle/ParticleFirework;
[11:32:11] [main/DEBUG]: Skipping Lnet/minecraft/client/particle/ParticleFlame;
[11:32:11] [main/DEBUG]: Skipping Lnet/minecraft/client/particle/ParticleFootStep;
[11:32:11] [main/DEBUG]: Skipping Lnet/minecraft/client/particle/ParticleHeart;
[11:32:11] [main/DEBUG]: Skipping Lnet/minecraft/client/particle/ParticleExplosionLarge;
[11:32:11] [main/DEBUG]: Skipping Lnet/minecraft/client/particle/ParticleExplosionHuge;
[11:32:11] [main/DEBUG]: Skipping Lnet/minecraft/client/particle/ParticleItemPickup;
[11:32:11] [main/DEBUG]: Skipping Lnet/minecraft/client/particle/ParticleSmokeLarge;
[11:32:11] [main/DEBUG]: Skipping Lnet/minecraft/client/particle/ParticleLava;
[11:32:11] [main/DEBUG]: Skipping Lnet/minecraft/client/particle/ParticleMobAppearance;
[11:32:11] [main/DEBUG]: Skipping Lnet/minecraft/client/particle/ParticleNote;
[11:32:11] [main/DEBUG]: Skipping Lnet/minecraft/client/particle/IParticleFactory;
[11:32:11] [main/DEBUG]: Skipping Lnet/minecraft/client/particle/ParticleCloud;
[11:32:11] [main/DEBUG]: Skipping Lnet/minecraft/client/particle/ParticlePortal;
[11:32:11] [main/DEBUG]: Skipping Lnet/minecraft/client/particle/ParticleRedstone;
[11:32:11] [main/DEBUG]: Skipping Lnet/minecraft/client/particle/ParticleSimpleAnimated;
[11:32:11] [main/DEBUG]: Skipping Lnet/minecraft/client/particle/ParticleSmokeNormal;
[11:32:11] [main/DEBUG]: Skipping Lnet/minecraft/client/particle/ParticleSnowShovel;
[11:32:11] [main/DEBUG]: Skipping Lnet/minecraft/client/particle/ParticleSpell;
[11:32:11] [main/DEBUG]: Skipping Lnet/minecraft/client/particle/ParticleSpit;
[11:32:11] [main/DEBUG]: Skipping Lnet/minecraft/client/particle/ParticleSplash;
[11:32:11] [main/DEBUG]: Skipping Lnet/minecraft/client/particle/ParticleSuspend;
[11:32:11] [main/DEBUG]: Skipping Lnet/minecraft/client/particle/ParticleSuspendedTown;
[11:32:11] [main/DEBUG]: Skipping Lnet/minecraft/client/particle/ParticleBlockDust$Factory;
[11:32:11] [main/DEBUG]: Skipping Lnet/minecraft/client/particle/ParticleBlockDust;
[11:32:11] [main/DEBUG]: Skipping Lnet/minecraft/client/particle/ParticleDigging;
[11:32:11] [main/DEBUG]: Skipping Lnet/minecraft/client/particle/ParticleTotem;
[11:32:11] [main/DEBUG]: Skipping Lnet/minecraft/client/particle/ParticleEmitter;
[11:32:11] [main/DEBUG]: Skipping Lnet/minecraft/client/particle/ParticleWaterWake;
[11:32:11] [main/DEBUG]: Skipping Lnet/minecraft/client/particle/ParticleRain;
[11:32:11] [main/DEBUG]: Skipping Lnet/minecraft/client/particle/ParticleBubble$Factory;
[11:32:11] [main/DEBUG]: Skipping Lnet/minecraft/client/particle/ParticleSnowShovel$Factory;
[11:32:11] [main/DEBUG]: Skipping Lnet/minecraft/client/particle/ParticleManager$1;
[11:32:11] [main/DEBUG]: Skipping Lnet/minecraft/client/particle/ParticleManager$2;
[11:32:11] [main/DEBUG]: Skipping Lnet/minecraft/client/particle/ParticleManager$3;
[11:32:11] [main/DEBUG]: Skipping Lnet/minecraft/client/particle/ParticleManager$4;
[11:32:11] [main/DEBUG]: Skipping Lnet/minecraft/client/particle/Particle;
[11:32:11] [main/DEBUG]: Skipping Lnet/minecraft/client/particle/ParticleManager;
[11:32:11] [main/DEBUG]: Skipping Lnet/minecraft/client/entity/package-info;
[11:32:11] [main/DEBUG]: Skipping Lnet/minecraft/client/entity/AbstractClientPlayer;
[11:32:11] [main/DEBUG]: Transforming class Lnet/minecraft/client/entity/EntityPlayerSP;
[11:32:11] [main/DEBUG]: Transforming net.minecraft.client.entity.EntityPlayerSP METHOD func_184816_a(Lnet/minecraft/entity/item/EntityItem;)Lnet/minecraft/item/ItemStack; to access PUBLIC and LEAVE
[11:32:11] [main/DEBUG]: Skipping Lnet/minecraft/client/entity/EntityOtherPlayerMP;
[11:32:11] [main/DEBUG]: Skipping Lnet/minecraft/client/shader/package-info;
[11:32:11] [main/DEBUG]: Skipping Lnet/minecraft/client/shader/ShaderDefault;
[11:32:11] [main/DEBUG]: Skipping Lnet/minecraft/client/shader/Shader;
[11:32:11] [main/DEBUG]: Skipping Lnet/minecraft/client/shader/ShaderLinkHelper;
[11:32:11] [main/DEBUG]: Skipping Lnet/minecraft/client/shader/ShaderUniform;
[11:32:11] [main/DEBUG]: Skipping Lnet/minecraft/client/shader/ShaderManager;
[11:32:11] [main/DEBUG]: Skipping Lnet/minecraft/client/shader/ShaderGroup;
[11:32:11] [main/DEBUG]: Skipping Lnet/minecraft/client/shader/ShaderLoader;
[11:32:11] [main/DEBUG]: Skipping Lnet/minecraft/client/shader/ShaderLoader$ShaderType;
[11:32:11] [main/DEBUG]: Skipping Lnet/minecraft/client/shader/Framebuffer;
[11:32:11] [main/DEBUG]: Skipping Lnet/minecraft/client/multiplayer/package-info;
[11:32:11] [main/DEBUG]: Skipping Lnet/minecraft/client/multiplayer/ThreadLanServerPing;
[11:32:11] [main/DEBUG]: Skipping Lnet/minecraft/client/multiplayer/ClientAdvancementManager$IListener;
[11:32:11] [main/DEBUG]: Skipping Lnet/minecraft/client/multiplayer/ServerData$ServerResourceMode;
[11:32:11] [main/DEBUG]: Skipping Lnet/minecraft/client/multiplayer/ClientAdvancementManager;
[11:32:11] [main/DEBUG]: Skipping Lnet/minecraft/client/multiplayer/ServerAddress;
[11:32:11] [main/DEBUG]: Skipping Lnet/minecraft/client/multiplayer/ServerData;
[11:32:11] [main/DEBUG]: Skipping Lnet/minecraft/client/multiplayer/ServerList;
[11:32:11] [main/DEBUG]: Skipping Lnet/minecraft/client/multiplayer/WorldClient$1;
[11:32:11] [main/DEBUG]: Skipping Lnet/minecraft/client/multiplayer/WorldClient$2;
[11:32:11] [main/DEBUG]: Skipping Lnet/minecraft/client/multiplayer/WorldClient$3;
[11:32:11] [main/DEBUG]: Skipping Lnet/minecraft/client/multiplayer/WorldClient$4;
[11:32:11] [main/DEBUG]: Skipping Lnet/minecraft/client/multiplayer/ChunkProviderClient$1;
[11:32:11] [main/DEBUG]: Skipping Lnet/minecraft/client/multiplayer/GuiConnecting;
[11:32:11] [main/DEBUG]: Skipping Lnet/minecraft/client/multiplayer/ChunkProviderClient;
[11:32:11] [main/DEBUG]: Skipping Lnet/minecraft/client/multiplayer/PlayerControllerMP;
[11:32:11] [main/DEBUG]: Transforming class Lnet/minecraft/client/multiplayer/WorldClient;
[11:32:11] [main/DEBUG]: Transforming net.minecraft.client.multiplayer.WorldClient METHOD func_72923_a(Lnet/minecraft/entity/Entity;)V to access PUBLIC and LEAVE
[11:32:11] [main/DEBUG]: Transforming net.minecraft.client.multiplayer.WorldClient METHOD func_72847_b(Lnet/minecraft/entity/Entity;)V to access PUBLIC and LEAVE
[11:32:11] [main/DEBUG]: Skipping Lnet/minecraft/client/multiplayer/GuiConnecting$1;
[11:32:11] [main/DEBUG]: Skipping Lnet/minecraft/client/audio/package-info;
[11:32:11] [main/DEBUG]: Skipping Lnet/minecraft/client/audio/PositionedSound;
[11:32:11] [main/DEBUG]: Skipping Lnet/minecraft/client/audio/MovingSound;
[11:32:11] [main/DEBUG]: Skipping Lnet/minecraft/client/audio/ElytraSound;
[11:32:11] [main/DEBUG]: Skipping Lnet/minecraft/client/audio/GuardianSound;
[11:32:11] [main/DEBUG]: Skipping Lnet/minecraft/client/audio/MovingSoundMinecart;
[11:32:11] [main/DEBUG]: Skipping Lnet/minecraft/client/audio/MovingSoundMinecartRiding;
[11:32:11] [main/DEBUG]: Skipping Lnet/minecraft/client/audio/PositionedSoundRecord;
[11:32:11] [main/DEBUG]: Skipping Lnet/minecraft/client/audio/Sound;
[11:32:11] [main/DEBUG]: Skipping Lnet/minecraft/client/audio/SoundList;
[11:32:11] [main/DEBUG]: Skipping Lnet/minecraft/client/audio/SoundListSerializer;
[11:32:11] [main/DEBUG]: Skipping Lnet/minecraft/client/audio/ISound;
[11:32:11] [main/DEBUG]: Skipping Lnet/minecraft/client/audio/ITickableSound;
[11:32:11] [main/DEBUG]: Skipping Lnet/minecraft/client/audio/MusicTicker;
[11:32:11] [main/DEBUG]: Skipping Lnet/minecraft/client/audio/ISoundEventListener;
[11:32:11] [main/DEBUG]: Skipping Lnet/minecraft/client/audio/SoundRegistry;
[11:32:11] [main/DEBUG]: Skipping Lnet/minecraft/client/audio/SoundEventAccessor;
[11:32:11] [main/DEBUG]: Skipping Lnet/minecraft/client/audio/ISoundEventAccessor;
[11:32:11] [main/DEBUG]: Skipping Lnet/minecraft/client/audio/ISound$AttenuationType;
[11:32:11] [main/DEBUG]: Skipping Lnet/minecraft/client/audio/Sound$Type;
[11:32:11] [main/DEBUG]: Skipping Lnet/minecraft/client/audio/MusicTicker$MusicType;
[11:32:11] [main/DEBUG]: Transforming class Lnet/minecraft/client/audio/SoundManager;
[11:32:11] [main/DEBUG]: Transforming net.minecraft.client.audio.SoundManager FIELD field_148622_c to access PUBLIC and LEAVE
[11:32:11] [main/DEBUG]: Skipping Lnet/minecraft/client/audio/SoundHandler;
[11:32:11] [main/DEBUG]: Skipping Lnet/minecraft/client/audio/SoundHandler$1;
[11:32:11] [main/DEBUG]: Skipping Lnet/minecraft/client/audio/SoundHandler$2;
[11:32:11] [main/DEBUG]: Skipping Lnet/minecraft/client/audio/SoundHandler$3;
[11:32:11] [main/DEBUG]: Skipping Lnet/minecraft/client/audio/SoundManager$1$1;
[11:32:11] [main/DEBUG]: Skipping Lnet/minecraft/client/audio/SoundManager$2$1;
[11:32:11] [main/DEBUG]: Skipping Lnet/minecraft/client/audio/SoundManager$1;
[11:32:11] [main/DEBUG]: Skipping Lnet/minecraft/client/audio/SoundManager$2;
[11:32:11] [main/DEBUG]: Skipping Lnet/minecraft/client/audio/SoundManager$SoundSystemStarterThread;
[11:32:11] [main/DEBUG]: Skipping Lnet/minecraft/client/renderer/package-info;
[11:32:11] [main/DEBUG]: Skipping Lnet/minecraft/client/renderer/ThreadDownloadImageData;
[11:32:11] [main/DEBUG]: Skipping Lnet/minecraft/client/renderer/StitcherException;
[11:32:11] [main/DEBUG]: Skipping Lnet/minecraft/client/renderer/Matrix4f;
[11:32:11] [main/DEBUG]: Skipping Lnet/minecraft/client/renderer/Vector3d;
[11:32:11] [main/DEBUG]: Skipping Lnet/minecraft/client/renderer/EnumFaceDirection$1;
[11:32:11] [main/DEBUG]: Skipping Lnet/minecraft/client/renderer/EnumFaceDirection$Constants;
[11:32:11] [main/DEBUG]: Skipping Lnet/minecraft/client/renderer/EnumFaceDirection$VertexInformation;
[11:32:11] [main/DEBUG]: Skipping Lnet/minecraft/client/renderer/WorldVertexBufferUploader$1;
[11:32:11] [main/DEBUG]: Skipping Lnet/minecraft/client/renderer/DestroyBlockProgress;
[11:32:11] [main/DEBUG]: Skipping Lnet/minecraft/client/renderer/GlStateManager$1;
[11:32:11] [main/DEBUG]: Skipping Lnet/minecraft/client/renderer/GlStateManager$AlphaState;
[11:32:11] [main/DEBUG]: Skipping Lnet/minecraft/client/renderer/GlStateManager$BlendState;
[11:32:12] [main/DEBUG]: Skipping Lnet/minecraft/client/renderer/GlStateManager$BooleanState;
[11:32:12] [main/DEBUG]: Skipping Lnet/minecraft/client/renderer/GlStateManager$ClearState;
[11:32:12] [main/DEBUG]: Skipping Lnet/minecraft/client/renderer/GlStateManager$Color;
[11:32:12] [main/DEBUG]: Skipping Lnet/minecraft/client/renderer/GlStateManager$ColorLogicState;
[11:32:12] [main/DEBUG]: Skipping Lnet/minecraft/client/renderer/GlStateManager$ColorMask;
[11:32:12] [main/DEBUG]: Skipping Lnet/minecraft/client/renderer/GlStateManager$ColorMaterialState;
[11:32:12] [main/DEBUG]: Skipping Lnet/minecraft/client/renderer/GlStateManager$CullFace;
[11:32:12] [main/DEBUG]: Skipping Lnet/minecraft/client/renderer/GlStateManager$CullState;
[11:32:12] [main/DEBUG]: Skipping Lnet/minecraft/client/renderer/GlStateManager$DepthState;
[11:32:12] [main/DEBUG]: Skipping Lnet/minecraft/client/renderer/GlStateManager$DestFactor;
[11:32:12] [main/DEBUG]: Skipping Lnet/minecraft/client/renderer/GlStateManager$FogMode;
[11:32:12] [main/DEBUG]: Skipping Lnet/minecraft/client/renderer/GlStateManager$FogState;
[11:32:12] [main/DEBUG]: Skipping Lnet/minecraft/client/renderer/GlStateManager$LogicOp;
[11:32:12] [main/DEBUG]: Skipping Lnet/minecraft/client/renderer/GlStateManager$PolygonOffsetState;
[11:32:12] [main/DEBUG]: Skipping Lnet/minecraft/client/renderer/GlStateManager$Profile;
[11:32:12] [main/DEBUG]: Skipping Lnet/minecraft/client/renderer/GlStateManager$SourceFactor;
[11:32:12] [main/DEBUG]: Skipping Lnet/minecraft/client/renderer/GlStateManager$StencilFunc;
[11:32:12] [main/DEBUG]: Skipping Lnet/minecraft/client/renderer/GlStateManager$StencilState;
[11:32:12] [main/DEBUG]: Skipping Lnet/minecraft/client/renderer/GlStateManager$TexGen;
[11:32:12] [main/DEBUG]: Skipping Lnet/minecraft/client/renderer/GlStateManager$TexGenCoord;
[11:32:12] [main/DEBUG]: Skipping Lnet/minecraft/client/renderer/GlStateManager$TexGenState;
[11:32:12] [main/DEBUG]: Skipping Lnet/minecraft/client/renderer/GlStateManager$TextureState;
[11:32:12] [main/DEBUG]: Skipping Lnet/minecraft/client/renderer/GlStateManager$Profile$1;
[11:32:12] [main/DEBUG]: Skipping Lnet/minecraft/client/renderer/GlStateManager$Profile$2;
[11:32:12] [main/DEBUG]: Skipping Lnet/minecraft/client/renderer/GlStateManager$Profile$3;
[11:32:12] [main/DEBUG]: Skipping Lnet/minecraft/client/renderer/ThreadDownloadImageData$1;
[11:32:12] [main/DEBUG]: Skipping Lnet/minecraft/client/renderer/RenderHelper;
[11:32:12] [main/DEBUG]: Skipping Lnet/minecraft/client/renderer/GLAllocation;
[11:32:12] [main/DEBUG]: Skipping Lnet/minecraft/client/renderer/BannerTextures$1;
[11:32:12] [main/DEBUG]: Skipping Lnet/minecraft/client/renderer/BannerTextures$Cache;
[11:32:12] [main/DEBUG]: Skipping Lnet/minecraft/client/renderer/BannerTextures$CacheEntry;
[11:32:12] [main/DEBUG]: Skipping Lnet/minecraft/client/renderer/RegionRenderCacheBuilder;
[11:32:12] [main/DEBUG]: Skipping Lnet/minecraft/client/renderer/ChunkRenderContainer;
[11:32:12] [main/DEBUG]: Skipping Lnet/minecraft/client/renderer/EnumFaceDirection;
[11:32:12] [main/DEBUG]: Skipping Lnet/minecraft/client/renderer/GlStateManager;
[11:32:12] [main/DEBUG]: Skipping Lnet/minecraft/client/renderer/IImageBuffer;
[11:32:12] [main/DEBUG]: Skipping Lnet/minecraft/client/renderer/ItemMeshDefinition;
[11:32:12] [main/DEBUG]: Skipping Lnet/minecraft/client/renderer/ImageBufferDownload;
[11:32:12] [main/DEBUG]: Skipping Lnet/minecraft/client/renderer/RenderList;
[11:32:12] [main/DEBUG]: Skipping Lnet/minecraft/client/renderer/Tessellator;
[11:32:12] [main/DEBUG]: Skipping Lnet/minecraft/client/renderer/VboRenderList;
[11:32:12] [main/DEBUG]: Skipping Lnet/minecraft/client/renderer/VertexBufferUploader;
[11:32:12] [main/DEBUG]: Skipping Lnet/minecraft/client/renderer/ViewFrustum;
[11:32:12] [main/DEBUG]: Skipping Lnet/minecraft/client/renderer/BannerTextures;
[11:32:12] [main/DEBUG]: Skipping Lnet/minecraft/client/renderer/culling/package-info;
[11:32:12] [main/DEBUG]: Skipping Lnet/minecraft/client/renderer/culling/ICamera;
[11:32:12] [main/DEBUG]: Skipping Lnet/minecraft/client/renderer/culling/ClippingHelperImpl;
[11:32:12] [main/DEBUG]: Skipping Lnet/minecraft/client/renderer/culling/Frustum;
[11:32:12] [main/DEBUG]: Skipping Lnet/minecraft/client/renderer/culling/ClippingHelper;
[11:32:12] [main/DEBUG]: Skipping Lnet/minecraft/client/renderer/debug/package-info;
[11:32:12] [main/DEBUG]: Skipping Lnet/minecraft/client/renderer/debug/DebugRenderer$IDebugRenderer;
[11:32:12] [main/DEBUG]: Skipping Lnet/minecraft/client/renderer/debug/DebugRendererChunkBorder;
[11:32:12] [main/DEBUG]: Skipping Lnet/minecraft/client/renderer/debug/DebugRendererCollisionBox;
[11:32:12] [main/DEBUG]: Skipping Lnet/minecraft/client/renderer/debug/DebugRenderer;
[11:32:12] [main/DEBUG]: Skipping Lnet/minecraft/client/renderer/debug/DebugRendererHeightMap;
[11:32:12] [main/DEBUG]: Skipping Lnet/minecraft/client/renderer/debug/DebugRendererNeighborsUpdate;
[11:32:12] [main/DEBUG]: Skipping Lnet/minecraft/client/renderer/debug/DebugRendererPathfinding;
[11:32:12] [main/DEBUG]: Skipping Lnet/minecraft/client/renderer/debug/DebugRendererSolidFace;
[11:32:12] [main/DEBUG]: Skipping Lnet/minecraft/client/renderer/debug/DebugRendererWater;
[11:32:12] [main/DEBUG]: Skipping Lnet/minecraft/client/renderer/OpenGlHelper;
[11:32:12] [main/DEBUG]: Skipping Lnet/minecraft/client/renderer/RenderItem$9;
[11:32:12] [main/DEBUG]: Skipping Lnet/minecraft/client/renderer/OpenGlHelper$1;
[11:32:12] [main/DEBUG]: Skipping Lnet/minecraft/client/renderer/OpenGlHelper$FboMode;
[11:32:12] [main/DEBUG]: Skipping Lnet/minecraft/client/renderer/EntityRenderer$1;
[11:32:12] [main/DEBUG]: Skipping Lnet/minecraft/client/renderer/EntityRenderer$2;
[11:32:12] [main/DEBUG]: Skipping Lnet/minecraft/client/renderer/EntityRenderer$3;
[11:32:12] [main/DEBUG]: Skipping Lnet/minecraft/client/renderer/EntityRenderer$4;
[11:32:12] [main/DEBUG]: Skipping Lnet/minecraft/client/renderer/BufferBuilder$1;
[11:32:12] [main/DEBUG]: Skipping Lnet/minecraft/client/renderer/BufferBuilder$2;
[11:32:12] [main/DEBUG]: Skipping Lnet/minecraft/client/renderer/BlockModelShapes$1;
[11:32:12] [main/DEBUG]: Skipping Lnet/minecraft/client/renderer/BlockModelShapes$2;
[11:32:12] [main/DEBUG]: Skipping Lnet/minecraft/client/renderer/BlockModelShapes$3;
[11:32:12] [main/DEBUG]: Skipping Lnet/minecraft/client/renderer/BlockModelShapes$4;
[11:32:12] [main/DEBUG]: Skipping Lnet/minecraft/client/renderer/BlockModelShapes$5;
[11:32:12] [main/DEBUG]: Skipping Lnet/minecraft/client/renderer/BlockModelShapes$6;
[11:32:12] [main/DEBUG]: Skipping Lnet/minecraft/client/renderer/BlockModelShapes$7;
[11:32:12] [main/DEBUG]: Skipping Lnet/minecraft/client/renderer/BlockModelShapes$8;
[11:32:12] [main/DEBUG]: Skipping Lnet/minecraft/client/renderer/BufferBuilder$State;
[11:32:12] [main/DEBUG]: Skipping Lnet/minecraft/client/renderer/RenderItem$1;
[11:32:12] [main/DEBUG]: Skipping Lnet/minecraft/client/renderer/RenderItem$10;
[11:32:12] [main/DEBUG]: Skipping Lnet/minecraft/client/renderer/RenderItem$2;
[11:32:12] [main/DEBUG]: Skipping Lnet/minecraft/client/renderer/RenderItem$3;
[11:32:12] [main/DEBUG]: Skipping Lnet/minecraft/client/renderer/RenderItem$4;
[11:32:12] [main/DEBUG]: Skipping Lnet/minecraft/client/renderer/RenderItem$5;
[11:32:12] [main/DEBUG]: Skipping Lnet/minecraft/client/renderer/RenderItem$6;
[11:32:12] [main/DEBUG]: Skipping Lnet/minecraft/client/renderer/RenderItem$7;
[11:32:12] [main/DEBUG]: Skipping Lnet/minecraft/client/renderer/RenderItem$8;
[11:32:12] [main/DEBUG]: Skipping Lnet/minecraft/client/renderer/BlockRendererDispatcher$1;
[11:32:12] [main/DEBUG]: Skipping Lnet/minecraft/client/renderer/RenderGlobal$1;
[11:32:12] [main/DEBUG]: Skipping Lnet/minecraft/client/renderer/RenderGlobal$2;
[11:32:12] [main/DEBUG]: Skipping Lnet/minecraft/client/renderer/RenderGlobal$ContainerLocalRenderInformation;
[11:32:12] [main/DEBUG]: Skipping Lnet/minecraft/client/renderer/vertex/package-info;
[11:32:12] [main/DEBUG]: Skipping Lnet/minecraft/client/renderer/vertex/DefaultVertexFormats;
[11:32:12] [main/DEBUG]: Skipping Lnet/minecraft/client/renderer/vertex/VertexBuffer;
[11:32:12] [main/DEBUG]: Skipping Lnet/minecraft/client/renderer/vertex/VertexFormat;
[11:32:12] [main/DEBUG]: Skipping Lnet/minecraft/client/renderer/vertex/VertexFormatElement;
[11:32:12] [main/DEBUG]: Skipping Lnet/minecraft/client/renderer/vertex/VertexFormat$1;
[11:32:12] [main/DEBUG]: Skipping Lnet/minecraft/client/renderer/vertex/VertexFormatElement$EnumType;
[11:32:12] [main/DEBUG]: Skipping Lnet/minecraft/client/renderer/vertex/VertexFormatElement$EnumUsage;
[11:32:12] [main/DEBUG]: Skipping Lnet/minecraft/client/renderer/texture/package-info;
[11:32:12] [main/DEBUG]: Skipping Lnet/minecraft/client/renderer/texture/AbstractTexture;
[11:32:12] [main/DEBUG]: Skipping Lnet/minecraft/client/renderer/texture/DynamicTexture;
[11:32:12] [main/DEBUG]: Skipping Lnet/minecraft/client/renderer/texture/ITextureMapPopulator;
[11:32:12] [main/DEBUG]: Skipping Lnet/minecraft/client/renderer/texture/LayeredTexture;
[11:32:12] [main/DEBUG]: Skipping Lnet/minecraft/client/renderer/texture/PngSizeInfo;
[11:32:12] [main/DEBUG]: Skipping Lnet/minecraft/client/renderer/texture/SimpleTexture;
[11:32:12] [main/DEBUG]: Skipping Lnet/minecraft/client/renderer/texture/ITextureObject;
[11:32:12] [main/DEBUG]: Skipping Lnet/minecraft/client/renderer/texture/ITickable;
[11:32:12] [main/DEBUG]: Skipping Lnet/minecraft/client/renderer/texture/ITickableTextureObject;
[11:32:12] [main/DEBUG]: Skipping Lnet/minecraft/client/renderer/texture/LayeredColorMaskTexture;
[11:32:12] [main/DEBUG]: Skipping Lnet/minecraft/client/renderer/texture/Stitcher;
[11:32:12] [main/DEBUG]: Skipping Lnet/minecraft/client/renderer/texture/TextureMap;
[11:32:12] [main/DEBUG]: Skipping Lnet/minecraft/client/renderer/texture/TextureAtlasSprite;
[11:32:12] [main/DEBUG]: Skipping Lnet/minecraft/client/renderer/texture/TextureManager;
[11:32:12] [main/DEBUG]: Skipping Lnet/minecraft/client/renderer/texture/TextureUtil;
[11:32:12] [main/DEBUG]: Skipping Lnet/minecraft/client/renderer/texture/TextureMap$1;
[11:32:12] [main/DEBUG]: Skipping Lnet/minecraft/client/renderer/texture/TextureMap$2;
[11:32:12] [main/DEBUG]: Skipping Lnet/minecraft/client/renderer/texture/TextureMap$3;
[11:32:12] [main/DEBUG]: Skipping Lnet/minecraft/client/renderer/texture/TextureAtlasSprite$1;
[11:32:12] [main/DEBUG]: Skipping Lnet/minecraft/client/renderer/texture/TextureManager$1;
[11:32:12] [main/DEBUG]: Skipping Lnet/minecraft/client/renderer/texture/Stitcher$Holder;
[11:32:12] [main/DEBUG]: Skipping Lnet/minecraft/client/renderer/texture/Stitcher$Slot;
[11:32:12] [main/DEBUG]: Skipping Lnet/minecraft/client/renderer/BlockModelRenderer$1;
[11:32:12] [main/DEBUG]: Skipping Lnet/minecraft/client/renderer/BlockModelRenderer$EnumNeighborInfo;
[11:32:12] [main/DEBUG]: Skipping Lnet/minecraft/client/renderer/BlockModelRenderer$AmbientOcclusionFace;
[11:32:12] [main/DEBUG]: Skipping Lnet/minecraft/client/renderer/BlockModelRenderer$VertexTranslations;
[11:32:12] [main/DEBUG]: Skipping Lnet/minecraft/client/renderer/BlockModelRenderer$Orientation;
[11:32:12] [main/DEBUG]: Skipping Lnet/minecraft/client/renderer/ActiveRenderInfo;
[11:32:12] [main/DEBUG]: Skipping Lnet/minecraft/client/renderer/color/package-info;
[11:32:12] [main/DEBUG]: Skipping Lnet/minecraft/client/renderer/color/IBlockColor;
[11:32:12] [main/DEBUG]: Skipping Lnet/minecraft/client/renderer/color/IItemColor;
[11:32:12] [main/DEBUG]: Skipping Lnet/minecraft/client/renderer/color/BlockColors$7;
[11:32:12] [main/DEBUG]: Skipping Lnet/minecraft/client/renderer/color/BlockColors$8;
[11:32:12] [main/DEBUG]: Skipping Lnet/minecraft/client/renderer/color/BlockColors$9;
[11:32:12] [main/DEBUG]: Skipping Lnet/minecraft/client/renderer/color/BlockColors$1;
[11:32:12] [main/DEBUG]: Skipping Lnet/minecraft/client/renderer/color/BlockColors$10;
[11:32:12] [main/DEBUG]: Skipping Lnet/minecraft/client/renderer/color/BlockColors$11;
[11:32:12] [main/DEBUG]: Skipping Lnet/minecraft/client/renderer/color/BlockColors$12;
[11:32:12] [main/DEBUG]: Skipping Lnet/minecraft/client/renderer/color/BlockColors$2;
[11:32:12] [main/DEBUG]: Skipping Lnet/minecraft/client/renderer/color/BlockColors$3;
[11:32:12] [main/DEBUG]: Skipping Lnet/minecraft/client/renderer/color/BlockColors$4;
[11:32:12] [main/DEBUG]: Skipping Lnet/minecraft/client/renderer/color/BlockColors$5;
[11:32:12] [main/DEBUG]: Skipping Lnet/minecraft/client/renderer/color/BlockColors$6;
[11:32:12] [main/DEBUG]: Skipping Lnet/minecraft/client/renderer/color/ItemColors$1;
[11:32:12] [main/DEBUG]: Skipping Lnet/minecraft/client/renderer/color/ItemColors$2;
[11:32:12] [main/DEBUG]: Skipping Lnet/minecraft/client/renderer/color/ItemColors$3;
[11:32:12] [main/DEBUG]: Skipping Lnet/minecraft/client/renderer/color/ItemColors$4;
[11:32:12] [main/DEBUG]: Skipping Lnet/minecraft/client/renderer/color/ItemColors$5;
[11:32:12] [main/DEBUG]: Skipping Lnet/minecraft/client/renderer/color/ItemColors$6;
[11:32:12] [main/DEBUG]: Skipping Lnet/minecraft/client/renderer/color/ItemColors$7;
[11:32:12] [main/DEBUG]: Skipping Lnet/minecraft/client/renderer/color/ItemColors$8;
[11:32:12] [main/DEBUG]: Skipping Lnet/minecraft/client/renderer/color/BlockColors;
[11:32:12] [main/DEBUG]: Skipping Lnet/minecraft/client/renderer/color/ItemColors;
[11:32:12] [main/DEBUG]: Skipping Lnet/minecraft/client/renderer/InventoryEffectRenderer;
[11:32:12] [main/DEBUG]: Skipping Lnet/minecraft/client/renderer/ItemRenderer$1;
[11:32:12] [main/DEBUG]: Transforming class Lnet/minecraft/client/renderer/BufferBuilder;
[11:32:12] [main/DEBUG]: Transforming net.minecraft.client.renderer.BufferBuilder METHOD func_78909_a(I)I to access PUBLIC and LEAVE
[11:32:12] [main/DEBUG]: Transforming net.minecraft.client.renderer.BufferBuilder METHOD func_178972_a(IIII)V to access PUBLIC and LEAVE
[11:32:12] [main/DEBUG]: Skipping Lnet/minecraft/client/renderer/WorldVertexBufferUploader;
[11:32:12] [main/DEBUG]: Transforming class Lnet/minecraft/client/renderer/EntityRenderer;
[11:32:12] [main/DEBUG]: Transforming net.minecraft.client.renderer.EntityRenderer METHOD func_175069_a(Lnet/minecraft/util/ResourceLocation;)V to access PUBLIC and LEAVE
[11:32:12] [main/DEBUG]: Skipping Lnet/minecraft/client/renderer/ItemRenderer;
[11:32:12] [main/DEBUG]: Transforming class Lnet/minecraft/client/renderer/ItemModelMesher;
[11:32:12] [main/DEBUG]: Transforming net.minecraft.client.renderer.ItemModelMesher FIELD field_178092_c to access PROTECTED and LEAVE
[11:32:12] [main/DEBUG]: Skipping Lnet/minecraft/client/renderer/RenderGlobal;
[11:32:12] [main/DEBUG]: Skipping Lnet/minecraft/client/renderer/ChestRenderer;
[11:32:12] [main/DEBUG]: Skipping Lnet/minecraft/client/renderer/BlockModelShapes;
[11:32:12] [main/DEBUG]: Skipping Lnet/minecraft/client/renderer/BlockRendererDispatcher;
[11:32:12] [main/DEBUG]: Skipping Lnet/minecraft/client/renderer/BlockFluidRenderer;
[11:32:12] [main/DEBUG]: Skipping Lnet/minecraft/client/renderer/BlockModelRenderer;
[11:32:12] [main/DEBUG]: Skipping Lnet/minecraft/client/renderer/block/model/package-info;
[11:32:12] [main/DEBUG]: Skipping Lnet/minecraft/client/renderer/block/model/BuiltInModel;
[11:32:12] [main/DEBUG]: Skipping Lnet/minecraft/client/renderer/block/model/MultipartBakedModel;
[11:32:12] [main/DEBUG]: Skipping Lnet/minecraft/client/renderer/block/model/BlockPart$1;
[11:32:12] [main/DEBUG]: Skipping Lnet/minecraft/client/renderer/block/model/BlockPart$Deserializer;
[11:32:12] [main/DEBUG]: Skipping Lnet/minecraft/client/renderer/block/model/BlockPartFace$Deserializer;
[11:32:12] [main/DEBUG]: Skipping Lnet/minecraft/client/renderer/block/model/ItemModelGenerator$1;
[11:32:12] [main/DEBUG]: Skipping Lnet/minecraft/client/renderer/block/model/ItemModelGenerator$Span;
[11:32:12] [main/DEBUG]: Skipping Lnet/minecraft/client/renderer/block/model/ItemModelGenerator$SpanFacing;
[11:32:12] [main/DEBUG]: Skipping Lnet/minecraft/client/renderer/block/model/ItemOverride$Deserializer;
[11:32:12] [main/DEBUG]: Skipping Lnet/minecraft/client/renderer/block/model/BlockFaceUV$Deserializer;
[11:32:12] [main/DEBUG]: Skipping Lnet/minecraft/client/renderer/block/model/ModelBlock$1;
[11:32:12] [main/DEBUG]: Skipping Lnet/minecraft/client/renderer/block/model/ModelBlock$Bookkeep;
[11:32:12] [main/DEBUG]: Skipping Lnet/minecraft/client/renderer/block/model/ModelBlock$Deserializer;
[11:32:12] [main/DEBUG]: Skipping Lnet/minecraft/client/renderer/block/model/ModelBlock$LoopException;
[11:32:12] [main/DEBUG]: Skipping Lnet/minecraft/client/renderer/block/model/MultipartBakedModel$Builder;
[11:32:12] [main/DEBUG]: Skipping Lnet/minecraft/client/renderer/block/model/BlockPart;
[11:32:12] [main/DEBUG]: Skipping Lnet/minecraft/client/renderer/block/model/BlockPartFace;
[11:32:12] [main/DEBUG]: Skipping Lnet/minecraft/client/renderer/block/model/BlockPartRotation;
[11:32:12] [main/DEBUG]: Skipping Lnet/minecraft/client/renderer/block/model/BlockFaceUV;
[11:32:12] [main/DEBUG]: Transforming class Lnet/minecraft/client/renderer/block/model/ModelBlock;
[11:32:12] [main/DEBUG]: Transforming net.minecraft.client.renderer.block.model.ModelBlock FIELD field_178322_i to access PUBLIC and LEAVE
[11:32:12] [main/DEBUG]: Transforming net.minecraft.client.renderer.block.model.ModelBlock FIELD field_178318_c to access PUBLIC and LEAVE
[11:32:12] [main/DEBUG]: Transforming net.minecraft.client.renderer.block.model.ModelBlock FIELD field_178315_d to access PUBLIC and LEAVE
[11:32:12] [main/DEBUG]: Transforming net.minecraft.client.renderer.block.model.ModelBlock METHOD func_187966_f()Ljava/util/List; to access PUBLIC and LEAVE
[11:32:12] [main/DEBUG]: Skipping Lnet/minecraft/client/renderer/block/model/ItemModelGenerator;
[11:32:12] [main/DEBUG]: Skipping Lnet/minecraft/client/renderer/block/model/ItemOverride;
[11:32:12] [main/DEBUG]: Skipping Lnet/minecraft/client/renderer/block/model/VariantList;
[11:32:12] [main/DEBUG]: Skipping Lnet/minecraft/client/renderer/block/model/multipart/package-info;
[11:32:12] [main/DEBUG]: Skipping Lnet/minecraft/client/renderer/block/model/multipart/Selector$Deserializer;
[11:32:12] [main/DEBUG]: Skipping Lnet/minecraft/client/renderer/block/model/multipart/ConditionAnd$1;
[11:32:12] [main/DEBUG]: Skipping Lnet/minecraft/client/renderer/block/model/multipart/Selector$Deserializer$1;
[11:32:12] [main/DEBUG]: Skipping Lnet/minecraft/client/renderer/block/model/multipart/Selector$Deserializer$2;
[11:32:12] [main/DEBUG]: Skipping Lnet/minecraft/client/renderer/block/model/multipart/ICondition$1;
[11:32:12] [main/DEBUG]: Skipping Lnet/minecraft/client/renderer/block/model/multipart/ICondition$2;
[11:32:12] [main/DEBUG]: Skipping Lnet/minecraft/client/renderer/block/model/multipart/ICondition$1$1;
[11:32:12] [main/DEBUG]: Skipping Lnet/minecraft/client/renderer/block/model/multipart/ConditionPropertyValue$1;
[11:32:12] [main/DEBUG]: Skipping Lnet/minecraft/client/renderer/block/model/multipart/ConditionPropertyValue$2;
[11:32:12] [main/DEBUG]: Skipping Lnet/minecraft/client/renderer/block/model/multipart/ICondition$2$1;
[11:32:12] [main/DEBUG]: Skipping Lnet/minecraft/client/renderer/block/model/multipart/Multipart$Deserializer;
[11:32:12] [main/DEBUG]: Skipping Lnet/minecraft/client/renderer/block/model/multipart/ConditionOr$1;
[11:32:12] [main/DEBUG]: Skipping Lnet/minecraft/client/renderer/block/model/multipart/ConditionAnd;
[11:32:12] [main/DEBUG]: Skipping Lnet/minecraft/client/renderer/block/model/multipart/ICondition;
[11:32:12] [main/DEBUG]: Skipping Lnet/minecraft/client/renderer/block/model/multipart/ConditionPropertyValue;
[11:32:12] [main/DEBUG]: Skipping Lnet/minecraft/client/renderer/block/model/multipart/Multipart;
[11:32:12] [main/DEBUG]: Skipping Lnet/minecraft/client/renderer/block/model/multipart/ConditionOr;
[11:32:12] [main/DEBUG]: Skipping Lnet/minecraft/client/renderer/block/model/multipart/Selector;
[11:32:12] [main/DEBUG]: Skipping Lnet/minecraft/client/renderer/block/model/VariantList$Deserializer;
[11:32:12] [main/DEBUG]: Skipping Lnet/minecraft/client/renderer/block/model/IBakedModel;
[11:32:12] [main/DEBUG]: Skipping Lnet/minecraft/client/renderer/block/model/ModelRotation;
[11:32:12] [main/DEBUG]: Transforming class Lnet/minecraft/client/renderer/block/model/ModelBakery;
[11:32:12] [main/DEBUG]: Transforming net.minecraft.client.renderer.block.model.ModelBakery FIELD field_177602_b to access PROTECTED and LEAVE
[11:32:12] [main/DEBUG]: Transforming net.minecraft.client.renderer.block.model.ModelBakery FIELD field_177604_a to access PUBLIC and LEAVE
[11:32:12] [main/DEBUG]: Transforming net.minecraft.client.renderer.block.model.ModelBakery FIELD field_177598_f to access PROTECTED and LEAVE
[11:32:12] [main/DEBUG]: Transforming net.minecraft.client.renderer.block.model.ModelBakery FIELD field_177599_g to access PROTECTED and LEAVE
[11:32:12] [main/DEBUG]: Transforming net.minecraft.client.renderer.block.model.ModelBakery FIELD field_177609_j to access PROTECTED and LEAVE
[11:32:12] [main/DEBUG]: Transforming net.minecraft.client.renderer.block.model.ModelBakery FIELD field_177610_k to access PROTECTED and LEAVE
[11:32:12] [main/DEBUG]: Transforming net.minecraft.client.renderer.block.model.ModelBakery FIELD field_177605_n to access PROTECTED and LEAVE
[11:32:12] [main/DEBUG]: Transforming net.minecraft.client.renderer.block.model.ModelBakery FIELD field_177606_o to access PROTECTED and LEAVE
[11:32:12] [main/DEBUG]: Transforming net.minecraft.client.renderer.block.model.ModelBakery FIELD field_177616_r to access PROTECTED and LEAVE
[11:32:12] [main/DEBUG]: Transforming net.minecraft.client.renderer.block.model.ModelBakery METHOD func_188640_b()V to access PROTECTED and LEAVE
[11:32:12] [main/DEBUG]: Transforming net.minecraft.client.renderer.block.model.ModelBakery METHOD func_177577_b()V to access PROTECTED and LEAVE
[11:32:12] [main/DEBUG]: Transforming net.minecraft.client.renderer.block.model.ModelBakery METHOD func_177569_a(Lnet/minecraft/client/renderer/block/model/ModelBlockDefinition;Lnet/minecraft/client/renderer/block/model/ModelResourceLocation;)V to access PROTECTED and LEAVE
[11:32:12] [main/DEBUG]: Transforming net.minecraft.client.renderer.block.model.ModelBakery METHOD func_177586_a(Lnet/minecraft/util/ResourceLocation;)Lnet/minecraft/client/renderer/block/model/ModelBlockDefinition; to access PROTECTED and LEAVE
[11:32:12] [main/DEBUG]: Transforming net.minecraft.client.renderer.block.model.ModelBakery METHOD func_177595_c()V to access PROTECTED and LEAVE
[11:32:12] [main/DEBUG]: Transforming net.minecraft.client.renderer.block.model.ModelBakery METHOD func_188637_e()V to access PROTECTED and LEAVE
[11:32:12] [main/DEBUG]: Transforming net.minecraft.client.renderer.block.model.ModelBakery METHOD func_188638_a(Lnet/minecraft/client/renderer/block/model/ModelResourceLocation;Lnet/minecraft/client/renderer/block/model/VariantList;)V to access PROTECTED and LEAVE
[11:32:12] [main/DEBUG]: Transforming net.minecraft.client.renderer.block.model.ModelBakery METHOD func_177594_c(Lnet/minecraft/util/ResourceLocation;)Lnet/minecraft/client/renderer/block/model/ModelBlock; to access PROTECTED and LEAVE
[11:32:12] [main/DEBUG]: Transforming net.minecraft.client.renderer.block.model.ModelBakery METHOD func_177580_d(Lnet/minecraft/util/ResourceLocation;)Lnet/minecraft/util/ResourceLocation; to access PROTECTED and LEAVE
[11:32:12] [main/DEBUG]: Transforming net.minecraft.client.renderer.block.model.ModelBakery METHOD func_177590_d()V to access PROTECTED and LEAVE
[11:32:12] [main/DEBUG]: Transforming net.minecraft.client.renderer.block.model.ModelBakery METHOD func_177592_e()V to access PROTECTED and LEAVE
[11:32:12] [main/DEBUG]: Transforming net.minecraft.client.renderer.block.model.ModelBakery METHOD func_177596_a(Lnet/minecraft/item/Item;)Ljava/util/List; to access PROTECTED and LEAVE
[11:32:12] [main/DEBUG]: Transforming net.minecraft.client.renderer.block.model.ModelBakery METHOD func_177583_a(Ljava/lang/String;)Lnet/minecraft/util/ResourceLocation; to access PROTECTED and LEAVE
[11:32:12] [main/DEBUG]: Transforming net.minecraft.client.renderer.block.model.ModelBakery METHOD func_177585_a(Lnet/minecraft/client/renderer/block/model/ModelBlock;)Ljava/util/Set; to access PROTECTED and LEAVE
[11:32:12] [main/DEBUG]: Transforming net.minecraft.client.renderer.block.model.ModelBakery METHOD func_177581_b(Lnet/minecraft/client/renderer/block/model/ModelBlock;)Z to access PROTECTED and LEAVE
[11:32:12] [main/DEBUG]: Transforming net.minecraft.client.renderer.block.model.ModelBakery METHOD func_177587_c(Lnet/minecraft/client/renderer/block/model/ModelBlock;)Z to access PROTECTED and LEAVE
[11:32:12] [main/DEBUG]: Transforming net.minecraft.client.renderer.block.model.ModelBakery METHOD func_177582_d(Lnet/minecraft/client/renderer/block/model/ModelBlock;)Lnet/minecraft/client/renderer/block/model/ModelBlock; to access PROTECTED and LEAVE
[11:32:12] [main/DEBUG]: Skipping Lnet/minecraft/client/renderer/block/model/ModelManager;
[11:32:12] [main/DEBUG]: Skipping Lnet/minecraft/client/renderer/block/model/ModelResourceLocation;
[11:32:12] [main/DEBUG]: Skipping Lnet/minecraft/client/renderer/block/model/SimpleBakedModel;
[11:32:12] [main/DEBUG]: Skipping Lnet/minecraft/client/renderer/block/model/WeightedBakedModel;
[11:32:12] [main/DEBUG]: Skipping Lnet/minecraft/client/renderer/block/model/SimpleBakedModel$Builder;
[11:32:12] [main/DEBUG]: Skipping Lnet/minecraft/client/renderer/block/model/Variant$Deserializer;
[11:32:12] [main/DEBUG]: Skipping Lnet/minecraft/client/renderer/block/model/WeightedBakedModel$Builder;
[11:32:12] [main/DEBUG]: Skipping Lnet/minecraft/client/renderer/block/model/WeightedBakedModel$WeightedModel;
[11:32:12] [main/DEBUG]: Skipping Lnet/minecraft/client/renderer/block/model/FaceBakery$1;
[11:32:12] [main/DEBUG]: Skipping Lnet/minecraft/client/renderer/block/model/FaceBakery$2;
[11:32:12] [main/DEBUG]: Skipping Lnet/minecraft/client/renderer/block/model/FaceBakery$3;
[11:32:12] [main/DEBUG]: Skipping Lnet/minecraft/client/renderer/block/model/FaceBakery$4;
[11:32:12] [main/DEBUG]: Skipping Lnet/minecraft/client/renderer/block/model/FaceBakery$5;
[11:32:12] [main/DEBUG]: Skipping Lnet/minecraft/client/renderer/block/model/FaceBakery$Rotation;
[11:32:12] [main/DEBUG]: Skipping Lnet/minecraft/client/renderer/block/model/ModelBakery$1;
[11:32:12] [main/DEBUG]: Skipping Lnet/minecraft/client/renderer/block/model/ModelBakery$2;
[11:32:12] [main/DEBUG]: Skipping Lnet/minecraft/client/renderer/block/model/ModelBakery$3;
[11:32:12] [main/DEBUG]: Skipping Lnet/minecraft/client/renderer/block/model/ItemTransformVec3f$Deserializer;
[11:32:12] [main/DEBUG]: Skipping Lnet/minecraft/client/renderer/block/model/ItemCameraTransforms$1;
[11:32:12] [main/DEBUG]: Skipping Lnet/minecraft/client/renderer/block/model/ItemCameraTransforms$Deserializer;
[11:32:12] [main/DEBUG]: Skipping Lnet/minecraft/client/renderer/block/model/ItemCameraTransforms$TransformType;
[11:32:12] [main/DEBUG]: Skipping Lnet/minecraft/client/renderer/block/model/BakedQuad;
[11:32:12] [main/DEBUG]: Skipping Lnet/minecraft/client/renderer/block/model/ModelBlockDefinition;
[11:32:12] [main/DEBUG]: Skipping Lnet/minecraft/client/renderer/block/model/BakedQuadRetextured;
[11:32:12] [main/DEBUG]: Skipping Lnet/minecraft/client/renderer/block/model/FaceBakery;
[11:32:12] [main/DEBUG]: Skipping Lnet/minecraft/client/renderer/block/model/ModelBlockDefinition$Deserializer;
[11:32:12] [main/DEBUG]: Skipping Lnet/minecraft/client/renderer/block/model/ItemOverrideList;
[11:32:12] [main/DEBUG]: Skipping Lnet/minecraft/client/renderer/block/model/ModelBlockDefinition$MissingVariantException;
[11:32:12] [main/DEBUG]: Skipping Lnet/minecraft/client/renderer/block/model/ItemTransformVec3f;
[11:32:12] [main/DEBUG]: Skipping Lnet/minecraft/client/renderer/block/model/ItemCameraTransforms;
[11:32:12] [main/DEBUG]: Skipping Lnet/minecraft/client/renderer/block/model/Variant;
[11:32:12] [main/DEBUG]: Skipping Lnet/minecraft/client/renderer/block/statemap/package-info;
[11:32:12] [main/DEBUG]: Skipping Lnet/minecraft/client/renderer/block/statemap/StateMapperBase;
[11:32:12] [main/DEBUG]: Skipping Lnet/minecraft/client/renderer/block/statemap/BlockStateMapper;
[11:32:12] [main/DEBUG]: Skipping Lnet/minecraft/client/renderer/block/statemap/DefaultStateMapper;
[11:32:12] [main/DEBUG]: Skipping Lnet/minecraft/client/renderer/block/statemap/IStateMapper;
[11:32:12] [main/DEBUG]: Skipping Lnet/minecraft/client/renderer/block/statemap/StateMap$1;
[11:32:12] [main/DEBUG]: Skipping Lnet/minecraft/client/renderer/block/statemap/StateMap$Builder;
[11:32:12] [main/DEBUG]: Skipping Lnet/minecraft/client/renderer/block/statemap/StateMap;
[11:32:12] [main/DEBUG]: Skipping Lnet/minecraft/client/renderer/tileentity/package-info;
[11:32:12] [main/DEBUG]: Skipping Lnet/minecraft/client/renderer/tileentity/TileEntitySkullRenderer$1;
[11:32:12] [main/DEBUG]: Skipping Lnet/minecraft/client/renderer/tileentity/TileEntityStructureRenderer$1;
[11:32:12] [main/DEBUG]: Skipping Lnet/minecraft/client/renderer/tileentity/TileEntityBannerRenderer;
[11:32:12] [main/DEBUG]: Skipping Lnet/minecraft/client/renderer/tileentity/TileEntityBeaconRenderer;
[11:32:12] [main/DEBUG]: Skipping Lnet/minecraft/client/renderer/tileentity/TileEntityBedRenderer;
[11:32:12] [main/DEBUG]: Skipping Lnet/minecraft/client/renderer/tileentity/TileEntityChestRenderer;
[11:32:12] [main/DEBUG]: Skipping Lnet/minecraft/client/renderer/tileentity/TileEntityEnchantmentTableRenderer;
[11:32:12] [main/DEBUG]: Skipping Lnet/minecraft/client/renderer/tileentity/TileEntityEnderChestRenderer;
[11:32:12] [main/DEBUG]: Skipping Lnet/minecraft/client/renderer/tileentity/TileEntityMobSpawnerRenderer;
[11:32:12] [main/DEBUG]: Skipping Lnet/minecraft/client/renderer/tileentity/TileEntityShulkerBoxRenderer;
[11:32:12] [main/DEBUG]: Skipping Lnet/minecraft/client/renderer/tileentity/TileEntitySignRenderer;
[11:32:12] [main/DEBUG]: Skipping Lnet/minecraft/client/renderer/tileentity/TileEntitySkullRenderer;
[11:32:12] [main/DEBUG]: Skipping Lnet/minecraft/client/renderer/tileentity/TileEntityStructureRenderer;
[11:32:12] [main/DEBUG]: Skipping Lnet/minecraft/client/renderer/tileentity/TileEntityEndGatewayRenderer;
[11:32:12] [main/DEBUG]: Skipping Lnet/minecraft/client/renderer/tileentity/TileEntityEndPortalRenderer;
[11:32:12] [main/DEBUG]: Skipping Lnet/minecraft/client/renderer/tileentity/TileEntityShulkerBoxRenderer$1;
[11:32:12] [main/DEBUG]: Skipping Lnet/minecraft/client/renderer/tileentity/TileEntityItemStackRenderer;
[11:32:12] [main/DEBUG]: Transforming class Lnet/minecraft/client/renderer/tileentity/TileEntityRendererDispatcher;
[11:32:12] [main/DEBUG]: Transforming net.minecraft.client.renderer.tileentity.TileEntityRendererDispatcher FIELD field_147559_m to access PUBLIC and LEAVE
[11:32:12] [main/DEBUG]: Transforming net.minecraft.client.renderer.tileentity.TileEntityRendererDispatcher FIELD field_147557_n to access PUBLIC and LEAVE
[11:32:12] [main/DEBUG]: Skipping Lnet/minecraft/client/renderer/tileentity/TileEntitySpecialRenderer;
[11:32:12] [main/DEBUG]: Skipping Lnet/minecraft/client/renderer/tileentity/TileEntityPistonRenderer;
[11:32:12] [main/DEBUG]: Skipping Lnet/minecraft/client/renderer/chunk/package-info;
[11:32:12] [main/DEBUG]: Skipping Lnet/minecraft/client/renderer/chunk/ChunkCompileTaskGenerator$Status;
[11:32:12] [main/DEBUG]: Skipping Lnet/minecraft/client/renderer/chunk/ChunkCompileTaskGenerator$Type;
[11:32:12] [main/DEBUG]: Skipping Lnet/minecraft/client/renderer/chunk/ChunkRenderWorker$1;
[11:32:12] [main/DEBUG]: Skipping Lnet/minecraft/client/renderer/chunk/ChunkRenderWorker$2;
[11:32:12] [main/DEBUG]: Skipping Lnet/minecraft/client/renderer/chunk/VisGraph$1;
[11:32:12] [main/DEBUG]: Skipping Lnet/minecraft/client/renderer/chunk/CompiledChunk$1;
[11:32:12] [main/DEBUG]: Skipping Lnet/minecraft/client/renderer/chunk/ChunkCompileTaskGenerator;
[11:32:12] [main/DEBUG]: Skipping Lnet/minecraft/client/renderer/chunk/ChunkRenderWorker;
[11:32:12] [main/DEBUG]: Skipping Lnet/minecraft/client/renderer/chunk/CompiledChunk;
[11:32:12] [main/DEBUG]: Skipping Lnet/minecraft/client/renderer/chunk/ListChunkFactory;
[11:32:12] [main/DEBUG]: Skipping Lnet/minecraft/client/renderer/chunk/ListedRenderChunk;
[11:32:12] [main/DEBUG]: Skipping Lnet/minecraft/client/renderer/chunk/IRenderChunkFactory;
[11:32:12] [main/DEBUG]: Skipping Lnet/minecraft/client/renderer/chunk/VboChunkFactory;
[11:32:12] [main/DEBUG]: Skipping Lnet/minecraft/client/renderer/chunk/VisGraph;
[11:32:12] [main/DEBUG]: Skipping Lnet/minecraft/client/renderer/chunk/SetVisibility;
[11:32:12] [main/DEBUG]: Skipping Lnet/minecraft/client/renderer/chunk/ChunkRenderDispatcher$1;
[11:32:12] [main/DEBUG]: Skipping Lnet/minecraft/client/renderer/chunk/ChunkRenderDispatcher$2;
[11:32:12] [main/DEBUG]: Skipping Lnet/minecraft/client/renderer/chunk/ChunkRenderDispatcher$3;
[11:32:12] [main/DEBUG]: Skipping Lnet/minecraft/client/renderer/chunk/ChunkRenderDispatcher$PendingUpload;
[11:32:12] [main/DEBUG]: Skipping Lnet/minecraft/client/renderer/chunk/ChunkRenderDispatcher;
[11:32:12] [main/DEBUG]: Skipping Lnet/minecraft/client/renderer/chunk/RenderChunk;
[11:32:12] [main/DEBUG]: Transforming class Lnet/minecraft/client/renderer/RenderItem;
[11:32:12] [main/DEBUG]: Transforming net.minecraft.client.renderer.RenderItem METHOD func_191970_a(Lnet/minecraft/client/renderer/BufferBuilder;Ljava/util/List;ILnet/minecraft/item/ItemStack;)V to access PUBLIC and LEAVE
[11:32:12] [main/DEBUG]: Skipping Lnet/minecraft/client/renderer/entity/package-info;
[11:32:12] [main/DEBUG]: Skipping Lnet/minecraft/client/renderer/entity/RenderIllusionIllager$1;
[11:32:12] [main/DEBUG]: Skipping Lnet/minecraft/client/renderer/entity/RenderZombie$1;
[11:32:12] [main/DEBUG]: Skipping Lnet/minecraft/client/renderer/entity/RenderVindicator$1;
[11:32:12] [main/DEBUG]: Skipping Lnet/minecraft/client/renderer/entity/RenderGiantZombie$1;
[11:32:12] [main/DEBUG]: Skipping Lnet/minecraft/client/renderer/entity/RenderEvoker$1;
[11:32:12] [main/DEBUG]: Skipping Lnet/minecraft/client/renderer/entity/RenderArmorStand$1;
[11:32:12] [main/DEBUG]: Skipping Lnet/minecraft/client/renderer/entity/RenderShulker$1;
[11:32:12] [main/DEBUG]: Skipping Lnet/minecraft/client/renderer/entity/RenderShulker$HeadLayer;
[11:32:12] [main/DEBUG]: Skipping Lnet/minecraft/client/renderer/entity/RenderPigZombie$1;
[11:32:12] [main/DEBUG]: Skipping Lnet/minecraft/client/renderer/entity/RenderAbstractHorse;
[11:32:12] [main/DEBUG]: Skipping Lnet/minecraft/client/renderer/entity/RenderAreaEffectCloud;
[11:32:12] [main/DEBUG]: Skipping Lnet/minecraft/client/renderer/entity/RenderArmorStand;
[11:32:12] [main/DEBUG]: Skipping Lnet/minecraft/client/renderer/entity/RenderArrow;
[11:32:12] [main/DEBUG]: Skipping Lnet/minecraft/client/renderer/entity/RenderBat;
[11:32:12] [main/DEBUG]: Skipping Lnet/minecraft/client/renderer/entity/RenderBlaze;
[11:32:12] [main/DEBUG]: Skipping Lnet/minecraft/client/renderer/entity/RenderBoat;
[11:32:12] [main/DEBUG]: Skipping Lnet/minecraft/client/renderer/entity/RenderCaveSpider;
[11:32:12] [main/DEBUG]: Skipping Lnet/minecraft/client/renderer/entity/RenderChicken;
[11:32:12] [main/DEBUG]: Skipping Lnet/minecraft/client/renderer/entity/RenderCow;
[11:32:12] [main/DEBUG]: Skipping Lnet/minecraft/client/renderer/entity/RenderCreeper;
[11:32:12] [main/DEBUG]: Skipping Lnet/minecraft/client/renderer/entity/RenderEntity;
[11:32:12] [main/DEBUG]: Skipping Lnet/minecraft/client/renderer/entity/RenderDragonFireball;
[11:32:12] [main/DEBUG]: Skipping Lnet/minecraft/client/renderer/entity/RenderElderGuardian;
[11:32:12] [main/DEBUG]: Skipping Lnet/minecraft/client/renderer/entity/RenderEnderCrystal;
[11:32:12] [main/DEBUG]: Skipping Lnet/minecraft/client/renderer/entity/RenderDragon;
[11:32:12] [main/DEBUG]: Skipping Lnet/minecraft/client/renderer/entity/RenderEnderman;
[11:32:12] [main/DEBUG]: Skipping Lnet/minecraft/client/renderer/entity/RenderEndermite;
[11:32:12] [main/DEBUG]: Skipping Lnet/minecraft/client/renderer/entity/Render;
[11:32:12] [main/DEBUG]: Skipping Lnet/minecraft/client/renderer/entity/RenderEvokerFangs;
[11:32:12] [main/DEBUG]: Skipping Lnet/minecraft/client/renderer/entity/RenderEvoker;
[11:32:12] [main/DEBUG]: Skipping Lnet/minecraft/client/renderer/entity/RenderXPOrb;
[11:32:12] [main/DEBUG]: Skipping Lnet/minecraft/client/renderer/entity/RenderFallingBlock;
[11:32:12] [main/DEBUG]: Skipping Lnet/minecraft/client/renderer/entity/RenderFireball;
[11:32:12] [main/DEBUG]: Skipping Lnet/minecraft/client/renderer/entity/RenderGhast;
[11:32:12] [main/DEBUG]: Skipping Lnet/minecraft/client/renderer/entity/RenderGiantZombie;
[11:32:12] [main/DEBUG]: Skipping Lnet/minecraft/client/renderer/entity/RenderGuardian;
[11:32:12] [main/DEBUG]: Skipping Lnet/minecraft/client/renderer/entity/RenderHorse;
[11:32:12] [main/DEBUG]: Skipping Lnet/minecraft/client/renderer/entity/RenderBiped;
[11:32:12] [main/DEBUG]: Skipping Lnet/minecraft/client/renderer/entity/RenderHusk;
[11:32:12] [main/DEBUG]: Skipping Lnet/minecraft/client/renderer/entity/RenderIllusionIllager;
[11:32:12] [main/DEBUG]: Skipping Lnet/minecraft/client/renderer/entity/RenderSkeleton$1;
[11:32:12] [main/DEBUG]: Skipping Lnet/minecraft/client/renderer/entity/RenderMagmaCube;
[11:32:12] [main/DEBUG]: Skipping Lnet/minecraft/client/renderer/entity/RenderLeashKnot;
[11:32:12] [main/DEBUG]: Skipping Lnet/minecraft/client/renderer/entity/RenderLightningBolt;
[11:32:12] [main/DEBUG]: Skipping Lnet/minecraft/client/renderer/entity/RenderLlama;
[11:32:12] [main/DEBUG]: Skipping Lnet/minecraft/client/renderer/entity/RenderLlamaSpit;
[11:32:12] [main/DEBUG]: Skipping Lnet/minecraft/client/renderer/entity/RenderMinecart;
[11:32:12] [main/DEBUG]: Skipping Lnet/minecraft/client/renderer/entity/RenderMinecartMobSpawner;
[11:32:12] [main/DEBUG]: Skipping Lnet/minecraft/client/renderer/entity/RenderLiving;
[11:32:12] [main/DEBUG]: Skipping Lnet/minecraft/client/renderer/entity/RenderMooshroom;
[11:32:12] [main/DEBUG]: Skipping Lnet/minecraft/client/renderer/entity/RenderOcelot;
[11:32:12] [main/DEBUG]: Skipping Lnet/minecraft/client/renderer/entity/RenderPainting;
[11:32:12] [main/DEBUG]: Skipping Lnet/minecraft/client/renderer/entity/RenderParrot;
[11:32:12] [main/DEBUG]: Skipping Lnet/minecraft/client/renderer/entity/RenderPig;
[11:32:12] [main/DEBUG]: Skipping Lnet/minecraft/client/renderer/entity/RenderPigZombie;
[11:32:12] [main/DEBUG]: Skipping Lnet/minecraft/client/renderer/entity/RenderPolarBear;
[11:32:12] [main/DEBUG]: Skipping Lnet/minecraft/client/renderer/entity/RenderRabbit;
[11:32:12] [main/DEBUG]: Skipping Lnet/minecraft/client/renderer/entity/RenderSheep;
[11:32:12] [main/DEBUG]: Skipping Lnet/minecraft/client/renderer/entity/RenderShulkerBullet;
[11:32:12] [main/DEBUG]: Skipping Lnet/minecraft/client/renderer/entity/RenderShulker;
[11:32:12] [main/DEBUG]: Skipping Lnet/minecraft/client/renderer/entity/RenderSilverfish;
[11:32:12] [main/DEBUG]: Skipping Lnet/minecraft/client/renderer/entity/RenderSkeleton;
[11:32:12] [main/DEBUG]: Skipping Lnet/minecraft/client/renderer/entity/RenderSlime;
[11:32:12] [main/DEBUG]: Skipping Lnet/minecraft/client/renderer/entity/RenderSnowMan;
[11:32:12] [main/DEBUG]: Skipping Lnet/minecraft/client/renderer/entity/RenderSpectralArrow;
[11:32:12] [main/DEBUG]: Skipping Lnet/minecraft/client/renderer/entity/RenderSpider;
[11:32:12] [main/DEBUG]: Skipping Lnet/minecraft/client/renderer/entity/RenderSquid;
[11:32:12] [main/DEBUG]: Skipping Lnet/minecraft/client/renderer/entity/RenderStray;
[11:32:12] [main/DEBUG]: Skipping Lnet/minecraft/client/renderer/entity/RenderSnowball;
[11:32:12] [main/DEBUG]: Skipping Lnet/minecraft/client/renderer/entity/RenderPotion;
[11:32:12] [main/DEBUG]: Skipping Lnet/minecraft/client/renderer/entity/RenderTippedArrow;
[11:32:12] [main/DEBUG]: Skipping Lnet/minecraft/client/renderer/entity/RenderTntMinecart;
[11:32:12] [main/DEBUG]: Skipping Lnet/minecraft/client/renderer/entity/RenderTNTPrimed;
[11:32:12] [main/DEBUG]: Skipping Lnet/minecraft/client/renderer/entity/RenderVex;
[11:32:12] [main/DEBUG]: Skipping Lnet/minecraft/client/renderer/entity/RenderIronGolem;
[11:32:12] [main/DEBUG]: Skipping Lnet/minecraft/client/renderer/entity/RenderVindicator;
[11:32:12] [main/DEBUG]: Skipping Lnet/minecraft/client/renderer/entity/RenderWitch;
[11:32:12] [main/DEBUG]: Skipping Lnet/minecraft/client/renderer/entity/RenderWither;
[11:32:12] [main/DEBUG]: Skipping Lnet/minecraft/client/renderer/entity/RenderWitherSkeleton;
[11:32:12] [main/DEBUG]: Skipping Lnet/minecraft/client/renderer/entity/RenderWitherSkull;
[11:32:12] [main/DEBUG]: Skipping Lnet/minecraft/client/renderer/entity/RenderWolf;
[11:32:12] [main/DEBUG]: Skipping Lnet/minecraft/client/renderer/entity/RenderZombie;
[11:32:12] [main/DEBUG]: Skipping Lnet/minecraft/client/renderer/entity/RenderZombieVillager;
[11:32:12] [main/DEBUG]: Skipping Lnet/minecraft/client/renderer/entity/layers/package-info;
[11:32:12] [main/DEBUG]: Skipping Lnet/minecraft/client/renderer/entity/layers/LayerArrow;
[11:32:12] [main/DEBUG]: Skipping Lnet/minecraft/client/renderer/entity/layers/LayerCape;
[11:32:12] [main/DEBUG]: Skipping Lnet/minecraft/client/renderer/entity/layers/LayerHeldBlock;
[11:32:12] [main/DEBUG]: Skipping Lnet/minecraft/client/renderer/entity/layers/LayerCreeperCharge;
[11:32:12] [main/DEBUG]: Skipping Lnet/minecraft/client/renderer/entity/layers/LayerCustomHead;
[11:32:12] [main/DEBUG]: Skipping Lnet/minecraft/client/renderer/entity/layers/LayerDeadmau5Head;
[11:32:12] [main/DEBUG]: Skipping Lnet/minecraft/client/renderer/entity/layers/LayerElytra;
[11:32:12] [main/DEBUG]: Skipping Lnet/minecraft/client/renderer/entity/layers/LayerEnderDragonDeath;
[11:32:12] [main/DEBUG]: Skipping Lnet/minecraft/client/renderer/entity/layers/LayerEnderDragonEyes;
[11:32:12] [main/DEBUG]: Skipping Lnet/minecraft/client/renderer/entity/layers/LayerEndermanEyes;
[11:32:12] [main/DEBUG]: Skipping Lnet/minecraft/client/renderer/entity/layers/LayerEntityOnShoulder;
[11:32:12] [main/DEBUG]: Skipping Lnet/minecraft/client/renderer/entity/layers/LayerLlamaDecor;
[11:32:12] [main/DEBUG]: Skipping Lnet/minecraft/client/renderer/entity/layers/LayerMooshroomMushroom;
[11:32:12] [main/DEBUG]: Skipping Lnet/minecraft/client/renderer/entity/layers/LayerSaddle;
[11:32:12] [main/DEBUG]: Skipping Lnet/minecraft/client/renderer/entity/layers/LayerRenderer;
[11:32:12] [main/DEBUG]: Skipping Lnet/minecraft/client/renderer/entity/layers/LayerSheepWool;
[11:32:12] [main/DEBUG]: Skipping Lnet/minecraft/client/renderer/entity/layers/LayerSlimeGel;
[11:32:12] [main/DEBUG]: Skipping Lnet/minecraft/client/renderer/entity/layers/LayerSnowmanHead;
[11:32:12] [main/DEBUG]: Skipping Lnet/minecraft/client/renderer/entity/layers/LayerSpiderEyes;
[11:32:12] [main/DEBUG]: Skipping Lnet/minecraft/client/renderer/entity/layers/LayerStrayClothing;
[11:32:12] [main/DEBUG]: Skipping Lnet/minecraft/client/renderer/entity/layers/LayerVillagerArmor;
[11:32:12] [main/DEBUG]: Skipping Lnet/minecraft/client/renderer/entity/layers/LayerIronGolemFlower;
[11:32:12] [main/DEBUG]: Skipping Lnet/minecraft/client/renderer/entity/layers/LayerWitherAura;
[11:32:12] [main/DEBUG]: Skipping Lnet/minecraft/client/renderer/entity/layers/LayerWolfCollar;
[11:32:12] [main/DEBUG]: Skipping Lnet/minecraft/client/renderer/entity/layers/LayerArmorBase$1;
[11:32:12] [main/DEBUG]: Skipping Lnet/minecraft/client/renderer/entity/layers/LayerEntityOnShoulder$DataHolder;
[11:32:12] [main/DEBUG]: Skipping Lnet/minecraft/client/renderer/entity/layers/LayerArmorBase;
[11:32:12] [main/DEBUG]: Skipping Lnet/minecraft/client/renderer/entity/layers/LayerBipedArmor;
[11:32:12] [main/DEBUG]: Skipping Lnet/minecraft/client/renderer/entity/layers/LayerHeldItem;
[11:32:12] [main/DEBUG]: Skipping Lnet/minecraft/client/renderer/entity/layers/LayerHeldItemWitch;
[11:32:12] [main/DEBUG]: Skipping Lnet/minecraft/client/renderer/entity/layers/LayerBipedArmor$1;
[11:32:12] [main/DEBUG]: Skipping Lnet/minecraft/client/renderer/entity/RenderPlayer;
[11:32:12] [main/DEBUG]: Skipping Lnet/minecraft/client/renderer/entity/RenderLivingBase$1;
[11:32:12] [main/DEBUG]: Transforming class Lnet/minecraft/client/renderer/entity/RenderManager;
[11:32:12] [main/DEBUG]: Transforming net.minecraft.client.renderer.entity.RenderManager FIELD field_78729_o to access PUBLIC and LEAVE
[11:32:12] [main/DEBUG]: Skipping Lnet/minecraft/client/renderer/entity/RenderFish;
[11:32:12] [main/DEBUG]: Transforming class Lnet/minecraft/client/renderer/entity/RenderEntityItem;
[11:32:12] [main/DEBUG]: Transforming net.minecraft.client.renderer.entity.RenderEntityItem METHOD func_177078_a(Lnet/minecraft/item/ItemStack;)I to access PROTECTED and LEAVE
[11:32:12] [main/DEBUG]: Skipping Lnet/minecraft/client/renderer/entity/RenderItemFrame;
[11:32:12] [main/DEBUG]: Transforming class Lnet/minecraft/client/renderer/entity/RenderLivingBase;
[11:32:12] [main/DEBUG]: Transforming net.minecraft.client.renderer.entity.RenderLivingBase METHOD func_177094_a(Lnet/minecraft/client/renderer/entity/layers/LayerRenderer;)Z to access PUBLIC and LEAVE
[11:32:12] [main/DEBUG]: Skipping Lnet/minecraft/client/renderer/entity/RenderVillager;
[11:32:12] [main/INFO]: JAR transformation complete C:\Users\tonik\.gradle\caches\forge_gradle\minecraft_user_repo\net\minecraftforge\forge\1.12.2-14.23.5.2859_mapped_snapshot_20171003-1.12\forge-1.12.2-14.23.5.2859_mapped_snapshot_20171003-1.12.jar
